2026-07-25 04:06:08,156 INFO [energy_monitor_core.module.ina] Module runtime started
2026-07-25 04:06:08,163 INFO [energy_monitor_core.module.ina] Polled module snapshot: {
  "module": "ina",
  "updated_at": "2026-07-25T03:06:08.162922",
  "status": "running",
  "device_count": 2,
  "sensor_count": 6,
  "sensor_types": {
    "Battery": 2,
    "Wind": 2,
    "Solar": 2
  }
}
2026-07-25 04:06:13,169 INFO [energy_monitor_core.module.ina] Polled module snapshot: {
  "module": "ina",
  "updated_at": "2026-07-25T03:06:13.168795",
  "status": "running",
  "device_count": 2,
  "sensor_count": 6,
  "sensor_types": {
    "Battery": 2,
    "Wind": 2,
    "Solar": 2
  }
}
2026-07-25 04:06:18,174 INFO [energy_monitor_core.module.ina] Polled module snapshot: {
  "module": "ina",
  "updated_at": "2026-07-25T03:06:18.173945",
  "status": "running",
  "device_count": 2,
  "sensor_count": 6,
  "sensor_types": {
    "Battery": 2,
    "Wind": 2,
    "Solar": 2
  }
}
2026-07-25 04:06:23,179 INFO [energy_monitor_core.module.ina] Polled module snapshot: {
  "module": "ina",
  "updated_at": "2026-07-25T03:06:23.179534",
  "status": "running",
  "device_count": 2,
  "sensor_count": 6,
  "sensor_types": {
    "Battery": 2,
    "Wind": 2,
    "Solar": 2
  }
}
2026-07-25 04:06:28,185 INFO [energy_monitor_core.module.ina] Polled module snapshot: {
  "module": "ina",
  "updated_at": "2026-07-25T03:06:28.184896",
  "status": "running",
  "device_count": 2,
  "sensor_count": 6,
  "sensor_types": {
    "Battery": 2,
    "Wind": 2,
    "Solar": 2
  }
}
2026-07-25 04:06:33,191 INFO [energy_monitor_core.module.ina] Polled module snapshot: {
  "module": "ina",
  "updated_at": "2026-07-25T03:06:33.191235",
  "status": "running",
  "device_count": 2,
  "sensor_count": 6,
  "sensor_types": {
    "Battery": 2,
    "Wind": 2,
    "Solar": 2
  }
}
2026-07-25 04:06:38,197 INFO [energy_monitor_core.module.ina] Polled module snapshot: {
  "module": "ina",
  "updated_at": "2026-07-25T03:06:38.197303",
  "status": "running",
  "device_count": 2,
  "sensor_count": 6,
  "sensor_types": {
    "Battery": 2,
    "Wind": 2,
    "Solar": 2
  }
}
2026-07-25 04:06:43,200 INFO [energy_monitor_core.module.ina] Polled module snapshot: {
  "module": "ina",
  "updated_at": "2026-07-25T03:06:43.200266",
  "status": "running",
  "device_count": 2,
  "sensor_count": 6,
  "sensor_types": {
    "Battery": 2,
    "Wind": 2,
    "Solar": 2
  }
}
2026-07-25 04:06:48,205 INFO [energy_monitor_core.module.ina] Polled module snapshot: {
  "module": "ina",
  "updated_at": "2026-07-25T03:06:48.205300",
  "status": "running",
  "device_count": 2,
  "sensor_count": 6,
  "sensor_types": {
    "Battery": 2,
    "Wind": 2,
    "Solar": 2
  }
}
2026-07-25 04:06:53,210 INFO [energy_monitor_core.module.ina] Polled module snapshot: {
  "module": "ina",
  "updated_at": "2026-07-25T03:06:53.210557",
  "status": "running",
  "device_count": 2,
  "sensor_count": 6,
  "sensor_types": {
    "Battery": 2,
    "Wind": 2,
    "Solar": 2
  }
}
2026-07-25 04:06:58,216 INFO [energy_monitor_core.module.ina] Polled module snapshot: {
  "module": "ina",
  "updated_at": "2026-07-25T03:06:58.216306",
  "status": "running",
  "device_count": 2,
  "sensor_count": 6,
  "sensor_types": {
    "Battery": 2,
    "Wind": 2,
    "Solar": 2
  }
}
2026-07-25 04:07:03,222 INFO [energy_monitor_core.module.ina] Polled module snapshot: {
  "module": "ina",
  "updated_at": "2026-07-25T03:07:03.222080",
  "status": "running",
  "device_count": 2,
  "sensor_count": 6,
  "sensor_types": {
    "Battery": 2,
    "Wind": 2,
    "Solar": 2
  }
}
2026-07-25 04:07:08,232 INFO [energy_monitor_core.module.ina] Polled module snapshot: {
  "module": "ina",
  "updated_at": "2026-07-25T03:07:08.231893",
  "status": "running",
  "device_count": 2,
  "sensor_count": 6,
  "sensor_types": {
    "Battery": 2,
    "Wind": 2,
    "Solar": 2
  }
}
2026-07-25 04:07:13,237 INFO [energy_monitor_core.module.ina] Polled module snapshot: {
  "module": "ina",
  "updated_at": "2026-07-25T03:07:13.237265",
  "status": "running",
  "device_count": 2,
  "sensor_count": 6,
  "sensor_types": {
    "Battery": 2,
    "Wind": 2,
    "Solar": 2
  }
}
2026-07-25 04:07:18,244 INFO [energy_monitor_core.module.ina] Polled module snapshot: {
  "module": "ina",
  "updated_at": "2026-07-25T03:07:18.243891",
  "status": "running",
  "device_count": 2,
  "sensor_count": 6,
  "sensor_types": {
    "Battery": 2,
    "Wind": 2,
    "Solar": 2
  }
}
2026-07-25 04:07:23,250 INFO [energy_monitor_core.module.ina] Polled module snapshot: {
  "module": "ina",
  "updated_at": "2026-07-25T03:07:23.249716",
  "status": "running",
  "device_count": 2,
  "sensor_count": 6,
  "sensor_types": {
    "Battery": 2,
    "Wind": 2,
    "Solar": 2
  }
}
2026-07-25 04:07:28,258 INFO [energy_monitor_core.module.ina] Polled module snapshot: {
  "module": "ina",
  "updated_at": "2026-07-25T03:07:28.258327",
  "status": "running",
  "device_count": 2,
  "sensor_count": 6,
  "sensor_types": {
    "Battery": 2,
    "Wind": 2,
    "Solar": 2
  }
}
2026-07-25 04:07:33,266 INFO [energy_monitor_core.module.ina] Polled module snapshot: {
  "module": "ina",
  "updated_at": "2026-07-25T03:07:33.265872",
  "status": "running",
  "device_count": 2,
  "sensor_count": 6,
  "sensor_types": {
    "Battery": 2,
    "Wind": 2,
    "Solar": 2
  }
}
2026-07-25 04:07:38,274 INFO [energy_monitor_core.module.ina] Polled module snapshot: {
  "module": "ina",
  "updated_at": "2026-07-25T03:07:38.274080",
  "status": "running",
  "device_count": 2,
  "sensor_count": 6,
  "sensor_types": {
    "Battery": 2,
    "Wind": 2,
    "Solar": 2
  }
}
2026-07-25 04:07:43,282 INFO [energy_monitor_core.module.ina] Polled module snapshot: {
  "module": "ina",
  "updated_at": "2026-07-25T03:07:43.282625",
  "status": "running",
  "device_count": 2,
  "sensor_count": 6,
  "sensor_types": {
    "Battery": 2,
    "Wind": 2,
    "Solar": 2
  }
}
2026-07-25 04:07:48,290 INFO [energy_monitor_core.module.ina] Polled module snapshot: {
  "module": "ina",
  "updated_at": "2026-07-25T03:07:48.290121",
  "status": "running",
  "device_count": 2,
  "sensor_count": 6,
  "sensor_types": {
    "Battery": 2,
    "Wind": 2,
    "Solar": 2
  }
}
2026-07-25 04:07:53,298 INFO [energy_monitor_core.module.ina] Polled module snapshot: {
  "module": "ina",
  "updated_at": "2026-07-25T03:07:53.298290",
  "status": "running",
  "device_count": 2,
  "sensor_count": 6,
  "sensor_types": {
    "Battery": 2,
    "Wind": 2,
    "Solar": 2
  }
}
2026-07-25 04:07:58,305 INFO [energy_monitor_core.module.ina] Polled module snapshot: {
  "module": "ina",
  "updated_at": "2026-07-25T03:07:58.303970",
  "status": "running",
  "device_count": 2,
  "sensor_count": 6,
  "sensor_types": {
    "Battery": 2,
    "Wind": 2,
    "Solar": 2
  }
}
2026-07-25 04:08:03,310 INFO [energy_monitor_core.module.ina] Polled module snapshot: {
  "module": "ina",
  "updated_at": "2026-07-25T03:08:03.310523",
  "status": "running",
  "device_count": 2,
  "sensor_count": 6,
  "sensor_types": {
    "Battery": 2,
    "Wind": 2,
    "Solar": 2
  }
}
2026-07-25 04:08:08,317 INFO [energy_monitor_core.module.ina] Polled module snapshot: {
  "module": "ina",
  "updated_at": "2026-07-25T03:08:08.317338",
  "status": "running",
  "device_count": 2,
  "sensor_count": 6,
  "sensor_types": {
    "Battery": 2,
    "Wind": 2,
    "Solar": 2
  }
}
2026-07-25 04:08:13,323 INFO [energy_monitor_core.module.ina] Polled module snapshot: {
  "module": "ina",
  "updated_at": "2026-07-25T03:08:13.322820",
  "status": "running",
  "device_count": 2,
  "sensor_count": 6,
  "sensor_types": {
    "Battery": 2,
    "Wind": 2,
    "Solar": 2
  }
}
2026-07-25 04:08:18,334 INFO [energy_monitor_core.module.ina] Polled module snapshot: {
  "module": "ina",
  "updated_at": "2026-07-25T03:08:18.333080",
  "status": "running",
  "device_count": 2,
  "sensor_count": 6,
  "sensor_types": {
    "Battery": 2,
    "Wind": 2,
    "Solar": 2
  }
}
2026-07-25 04:08:23,339 INFO [energy_monitor_core.module.ina] Polled module snapshot: {
  "module": "ina",
  "updated_at": "2026-07-25T03:08:23.338874",
  "status": "running",
  "device_count": 2,
  "sensor_count": 6,
  "sensor_types": {
    "Battery": 2,
    "Wind": 2,
    "Solar": 2
  }
}
2026-07-25 04:08:28,344 INFO [energy_monitor_core.module.ina] Polled module snapshot: {
  "module": "ina",
  "updated_at": "2026-07-25T03:08:28.343731",
  "status": "running",
  "device_count": 2,
  "sensor_count": 6,
  "sensor_types": {
    "Battery": 2,
    "Wind": 2,
    "Solar": 2
  }
}
2026-07-25 04:08:33,349 INFO [energy_monitor_core.module.ina] Polled module snapshot: {
  "module": "ina",
  "updated_at": "2026-07-25T03:08:33.348995",
  "status": "running",
  "device_count": 2,
  "sensor_count": 6,
  "sensor_types": {
    "Battery": 2,
    "Wind": 2,
    "Solar": 2
  }
}
2026-07-25 04:08:38,353 INFO [energy_monitor_core.module.ina] Polled module snapshot: {
  "module": "ina",
  "updated_at": "2026-07-25T03:08:38.353342",
  "status": "running",
  "device_count": 2,
  "sensor_count": 6,
  "sensor_types": {
    "Battery": 2,
    "Wind": 2,
    "Solar": 2
  }
}
2026-07-25 04:08:43,357 INFO [energy_monitor_core.module.ina] Polled module snapshot: {
  "module": "ina",
  "updated_at": "2026-07-25T03:08:43.357619",
  "status": "running",
  "device_count": 2,
  "sensor_count": 6,
  "sensor_types": {
    "Battery": 2,
    "Wind": 2,
    "Solar": 2
  }
}
2026-07-25 04:08:48,363 INFO [energy_monitor_core.module.ina] Polled module snapshot: {
  "module": "ina",
  "updated_at": "2026-07-25T03:08:48.363199",
  "status": "running",
  "device_count": 2,
  "sensor_count": 6,
  "sensor_types": {
    "Battery": 2,
    "Wind": 2,
    "Solar": 2
  }
}
2026-07-25 04:08:53,369 INFO [energy_monitor_core.module.ina] Polled module snapshot: {
  "module": "ina",
  "updated_at": "2026-07-25T03:08:53.369494",
  "status": "running",
  "device_count": 2,
  "sensor_count": 6,
  "sensor_types": {
    "Battery": 2,
    "Wind": 2,
    "Solar": 2
  }
}
2026-07-25 04:08:58,383 INFO [energy_monitor_core.module.ina] Polled module snapshot: {
  "module": "ina",
  "updated_at": "2026-07-25T03:08:58.382705",
  "status": "running",
  "device_count": 2,
  "sensor_count": 6,
  "sensor_types": {
    "Battery": 2,
    "Wind": 2,
    "Solar": 2
  }
}
2026-07-25 04:09:03,388 INFO [energy_monitor_core.module.ina] Polled module snapshot: {
  "module": "ina",
  "updated_at": "2026-07-25T03:09:03.387973",
  "status": "running",
  "device_count": 2,
  "sensor_count": 6,
  "sensor_types": {
    "Battery": 2,
    "Wind": 2,
    "Solar": 2
  }
}
2026-07-25 04:09:08,393 INFO [energy_monitor_core.module.ina] Polled module snapshot: {
  "module": "ina",
  "updated_at": "2026-07-25T03:09:08.393109",
  "status": "running",
  "device_count": 2,
  "sensor_count": 6,
  "sensor_types": {
    "Battery": 2,
    "Wind": 2,
    "Solar": 2
  }
}
2026-07-25 04:09:13,397 INFO [energy_monitor_core.module.ina] Polled module snapshot: {
  "module": "ina",
  "updated_at": "2026-07-25T03:09:13.396834",
  "status": "running",
  "device_count": 2,
  "sensor_count": 6,
  "sensor_types": {
    "Battery": 2,
    "Wind": 2,
    "Solar": 2
  }
}
2026-07-25 04:09:18,401 INFO [energy_monitor_core.module.ina] Polled module snapshot: {
  "module": "ina",
  "updated_at": "2026-07-25T03:09:18.401553",
  "status": "running",
  "device_count": 2,
  "sensor_count": 6,
  "sensor_types": {
    "Battery": 2,
    "Wind": 2,
    "Solar": 2
  }
}
2026-07-25 04:09:23,406 INFO [energy_monitor_core.module.ina] Polled module snapshot: {
  "module": "ina",
  "updated_at": "2026-07-25T03:09:23.406378",
  "status": "running",
  "device_count": 2,
  "sensor_count": 6,
  "sensor_types": {
    "Battery": 2,
    "Wind": 2,
    "Solar": 2
  }
}
2026-07-25 04:09:28,411 INFO [energy_monitor_core.module.ina] Polled module snapshot: {
  "module": "ina",
  "updated_at": "2026-07-25T03:09:28.411329",
  "status": "running",
  "device_count": 2,
  "sensor_count": 6,
  "sensor_types": {
    "Battery": 2,
    "Wind": 2,
    "Solar": 2
  }
}
2026-07-25 04:09:33,416 INFO [energy_monitor_core.module.ina] Polled module snapshot: {
  "module": "ina",
  "updated_at": "2026-07-25T03:09:33.416156",
  "status": "running",
  "device_count": 2,
  "sensor_count": 6,
  "sensor_types": {
    "Battery": 2,
    "Wind": 2,
    "Solar": 2
  }
}
2026-07-25 04:09:38,422 INFO [energy_monitor_core.module.ina] Polled module snapshot: {
  "module": "ina",
  "updated_at": "2026-07-25T03:09:38.422112",
  "status": "running",
  "device_count": 2,
  "sensor_count": 6,
  "sensor_types": {
    "Battery": 2,
    "Wind": 2,
    "Solar": 2
  }
}
2026-07-25 04:09:43,429 INFO [energy_monitor_core.module.ina] Polled module snapshot: {
  "module": "ina",
  "updated_at": "2026-07-25T03:09:43.428885",
  "status": "running",
  "device_count": 2,
  "sensor_count": 6,
  "sensor_types": {
    "Battery": 2,
    "Wind": 2,
    "Solar": 2
  }
}
2026-07-25 04:09:48,434 INFO [energy_monitor_core.module.ina] Polled module snapshot: {
  "module": "ina",
  "updated_at": "2026-07-25T03:09:48.434496",
  "status": "running",
  "device_count": 2,
  "sensor_count": 6,
  "sensor_types": {
    "Battery": 2,
    "Wind": 2,
    "Solar": 2
  }
}
2026-07-25 04:09:53,439 INFO [energy_monitor_core.module.ina] Polled module snapshot: {
  "module": "ina",
  "updated_at": "2026-07-25T03:09:53.439670",
  "status": "running",
  "device_count": 2,
  "sensor_count": 6,
  "sensor_types": {
    "Battery": 2,
    "Wind": 2,
    "Solar": 2
  }
}
2026-07-25 04:09:58,445 INFO [energy_monitor_core.module.ina] Polled module snapshot: {
  "module": "ina",
  "updated_at": "2026-07-25T03:09:58.445345",
  "status": "running",
  "device_count": 2,
  "sensor_count": 6,
  "sensor_types": {
    "Battery": 2,
    "Wind": 2,
    "Solar": 2
  }
}
2026-07-25 04:10:03,451 INFO [energy_monitor_core.module.ina] Polled module snapshot: {
  "module": "ina",
  "updated_at": "2026-07-25T03:10:03.451334",
  "status": "running",
  "device_count": 2,
  "sensor_count": 6,
  "sensor_types": {
    "Battery": 2,
    "Wind": 2,
    "Solar": 2
  }
}
2026-07-25 04:10:08,459 INFO [energy_monitor_core.module.ina] Polled module snapshot: {
  "module": "ina",
  "updated_at": "2026-07-25T03:10:08.459281",
  "status": "running",
  "device_count": 2,
  "sensor_count": 6,
  "sensor_types": {
    "Battery": 2,
    "Wind": 2,
    "Solar": 2
  }
}
2026-07-25 04:10:13,468 INFO [energy_monitor_core.module.ina] Polled module snapshot: {
  "module": "ina",
  "updated_at": "2026-07-25T03:10:13.468292",
  "status": "running",
  "device_count": 2,
  "sensor_count": 6,
  "sensor_types": {
    "Battery": 2,
    "Wind": 2,
    "Solar": 2
  }
}
2026-07-25 04:10:18,477 INFO [energy_monitor_core.module.ina] Polled module snapshot: {
  "module": "ina",
  "updated_at": "2026-07-25T03:10:18.476872",
  "status": "running",
  "device_count": 2,
  "sensor_count": 6,
  "sensor_types": {
    "Battery": 2,
    "Wind": 2,
    "Solar": 2
  }
}
2026-07-25 04:10:23,482 INFO [energy_monitor_core.module.ina] Polled module snapshot: {
  "module": "ina",
  "updated_at": "2026-07-25T03:10:23.482318",
  "status": "running",
  "device_count": 2,
  "sensor_count": 6,
  "sensor_types": {
    "Battery": 2,
    "Wind": 2,
    "Solar": 2
  }
}
2026-07-25 04:10:28,487 INFO [energy_monitor_core.module.ina] Polled module snapshot: {
  "module": "ina",
  "updated_at": "2026-07-25T03:10:28.487302",
  "status": "running",
  "device_count": 2,
  "sensor_count": 6,
  "sensor_types": {
    "Battery": 2,
    "Wind": 2,
    "Solar": 2
  }
}
2026-07-25 04:10:33,493 INFO [energy_monitor_core.module.ina] Polled module snapshot: {
  "module": "ina",
  "updated_at": "2026-07-25T03:10:33.493466",
  "status": "running",
  "device_count": 2,
  "sensor_count": 6,
  "sensor_types": {
    "Battery": 2,
    "Wind": 2,
    "Solar": 2
  }
}
2026-07-25 04:10:38,498 INFO [energy_monitor_core.module.ina] Polled module snapshot: {
  "module": "ina",
  "updated_at": "2026-07-25T03:10:38.498596",
  "status": "running",
  "device_count": 2,
  "sensor_count": 6,
  "sensor_types": {
    "Battery": 2,
    "Wind": 2,
    "Solar": 2
  }
}
2026-07-25 04:10:43,503 INFO [energy_monitor_core.module.ina] Polled module snapshot: {
  "module": "ina",
  "updated_at": "2026-07-25T03:10:43.503422",
  "status": "running",
  "device_count": 2,
  "sensor_count": 6,
  "sensor_types": {
    "Battery": 2,
    "Wind": 2,
    "Solar": 2
  }
}
2026-07-25 04:10:48,510 INFO [energy_monitor_core.module.ina] Polled module snapshot: {
  "module": "ina",
  "updated_at": "2026-07-25T03:10:48.509849",
  "status": "running",
  "device_count": 2,
  "sensor_count": 6,
  "sensor_types": {
    "Battery": 2,
    "Wind": 2,
    "Solar": 2
  }
}
2026-07-25 04:10:53,515 INFO [energy_monitor_core.module.ina] Polled module snapshot: {
  "module": "ina",
  "updated_at": "2026-07-25T03:10:53.515348",
  "status": "running",
  "device_count": 2,
  "sensor_count": 6,
  "sensor_types": {
    "Battery": 2,
    "Wind": 2,
    "Solar": 2
  }
}
2026-07-25 04:10:58,520 INFO [energy_monitor_core.module.ina] Polled module snapshot: {
  "module": "ina",
  "updated_at": "2026-07-25T03:10:58.520333",
  "status": "running",
  "device_count": 2,
  "sensor_count": 6,
  "sensor_types": {
    "Battery": 2,
    "Wind": 2,
    "Solar": 2
  }
}
2026-07-25 04:11:03,526 INFO [energy_monitor_core.module.ina] Polled module snapshot: {
  "module": "ina",
  "updated_at": "2026-07-25T03:11:03.526075",
  "status": "running",
  "device_count": 2,
  "sensor_count": 6,
  "sensor_types": {
    "Battery": 2,
    "Wind": 2,
    "Solar": 2
  }
}
2026-07-25 04:11:08,532 INFO [energy_monitor_core.module.ina] Polled module snapshot: {
  "module": "ina",
  "updated_at": "2026-07-25T03:11:08.531891",
  "status": "running",
  "device_count": 2,
  "sensor_count": 6,
  "sensor_types": {
    "Battery": 2,
    "Wind": 2,
    "Solar": 2
  }
}
2026-07-25 04:11:13,538 INFO [energy_monitor_core.module.ina] Polled module snapshot: {
  "module": "ina",
  "updated_at": "2026-07-25T03:11:13.538282",
  "status": "running",
  "device_count": 2,
  "sensor_count": 6,
  "sensor_types": {
    "Battery": 2,
    "Wind": 2,
    "Solar": 2
  }
}
2026-07-25 04:11:18,544 INFO [energy_monitor_core.module.ina] Polled module snapshot: {
  "module": "ina",
  "updated_at": "2026-07-25T03:11:18.544297",
  "status": "running",
  "device_count": 2,
  "sensor_count": 6,
  "sensor_types": {
    "Battery": 2,
    "Wind": 2,
    "Solar": 2
  }
}
2026-07-25 04:11:23,550 INFO [energy_monitor_core.module.ina] Polled module snapshot: {
  "module": "ina",
  "updated_at": "2026-07-25T03:11:23.550465",
  "status": "running",
  "device_count": 2,
  "sensor_count": 6,
  "sensor_types": {
    "Battery": 2,
    "Wind": 2,
    "Solar": 2
  }
}
2026-07-25 04:11:28,554 INFO [energy_monitor_core.module.ina] Polled module snapshot: {
  "module": "ina",
  "updated_at": "2026-07-25T03:11:28.554503",
  "status": "running",
  "device_count": 2,
  "sensor_count": 6,
  "sensor_types": {
    "Battery": 2,
    "Wind": 2,
    "Solar": 2
  }
}
2026-07-25 04:11:33,560 INFO [energy_monitor_core.module.ina] Polled module snapshot: {
  "module": "ina",
  "updated_at": "2026-07-25T03:11:33.559675",
  "status": "running",
  "device_count": 2,
  "sensor_count": 6,
  "sensor_types": {
    "Battery": 2,
    "Wind": 2,
    "Solar": 2
  }
}
2026-07-25 04:11:38,565 INFO [energy_monitor_core.module.ina] Polled module snapshot: {
  "module": "ina",
  "updated_at": "2026-07-25T03:11:38.565306",
  "status": "running",
  "device_count": 2,
  "sensor_count": 6,
  "sensor_types": {
    "Battery": 2,
    "Wind": 2,
    "Solar": 2
  }
}
2026-07-25 04:11:43,570 INFO [energy_monitor_core.module.ina] Polled module snapshot: {
  "module": "ina",
  "updated_at": "2026-07-25T03:11:43.570257",
  "status": "running",
  "device_count": 2,
  "sensor_count": 6,
  "sensor_types": {
    "Battery": 2,
    "Wind": 2,
    "Solar": 2
  }
}
2026-07-25 04:11:48,575 INFO [energy_monitor_core.module.ina] Polled module snapshot: {
  "module": "ina",
  "updated_at": "2026-07-25T03:11:48.575103",
  "status": "running",
  "device_count": 2,
  "sensor_count": 6,
  "sensor_types": {
    "Battery": 2,
    "Wind": 2,
    "Solar": 2
  }
}
2026-07-25 04:11:53,580 INFO [energy_monitor_core.module.ina] Polled module snapshot: {
  "module": "ina",
  "updated_at": "2026-07-25T03:11:53.580307",
  "status": "running",
  "device_count": 2,
  "sensor_count": 6,
  "sensor_types": {
    "Battery": 2,
    "Wind": 2,
    "Solar": 2
  }
}
2026-07-25 04:11:58,586 INFO [energy_monitor_core.module.ina] Polled module snapshot: {
  "module": "ina",
  "updated_at": "2026-07-25T03:11:58.585629",
  "status": "running",
  "device_count": 2,
  "sensor_count": 6,
  "sensor_types": {
    "Battery": 2,
    "Wind": 2,
    "Solar": 2
  }
}
2026-07-25 04:12:03,592 INFO [energy_monitor_core.module.ina] Polled module snapshot: {
  "module": "ina",
  "updated_at": "2026-07-25T03:12:03.591640",
  "status": "running",
  "device_count": 2,
  "sensor_count": 6,
  "sensor_types": {
    "Battery": 2,
    "Wind": 2,
    "Solar": 2
  }
}
2026-07-25 04:12:08,598 INFO [energy_monitor_core.module.ina] Polled module snapshot: {
  "module": "ina",
  "updated_at": "2026-07-25T03:12:08.597815",
  "status": "running",
  "device_count": 2,
  "sensor_count": 6,
  "sensor_types": {
    "Battery": 2,
    "Wind": 2,
    "Solar": 2
  }
}
2026-07-25 04:12:13,605 INFO [energy_monitor_core.module.ina] Polled module snapshot: {
  "module": "ina",
  "updated_at": "2026-07-25T03:12:13.605536",
  "status": "running",
  "device_count": 2,
  "sensor_count": 6,
  "sensor_types": {
    "Battery": 2,
    "Wind": 2,
    "Solar": 2
  }
}
2026-07-25 04:12:18,613 INFO [energy_monitor_core.module.ina] Polled module snapshot: {
  "module": "ina",
  "updated_at": "2026-07-25T03:12:18.612800",
  "status": "running",
  "device_count": 2,
  "sensor_count": 6,
  "sensor_types": {
    "Battery": 2,
    "Wind": 2,
    "Solar": 2
  }
}
2026-07-25 04:12:23,618 INFO [energy_monitor_core.module.ina] Polled module snapshot: {
  "module": "ina",
  "updated_at": "2026-07-25T03:12:23.618165",
  "status": "running",
  "device_count": 2,
  "sensor_count": 6,
  "sensor_types": {
    "Battery": 2,
    "Wind": 2,
    "Solar": 2
  }
}
2026-07-25 04:12:28,624 INFO [energy_monitor_core.module.ina] Polled module snapshot: {
  "module": "ina",
  "updated_at": "2026-07-25T03:12:28.623885",
  "status": "running",
  "device_count": 2,
  "sensor_count": 6,
  "sensor_types": {
    "Battery": 2,
    "Wind": 2,
    "Solar": 2
  }
}
2026-07-25 04:12:33,629 INFO [energy_monitor_core.module.ina] Polled module snapshot: {
  "module": "ina",
  "updated_at": "2026-07-25T03:12:33.629497",
  "status": "running",
  "device_count": 2,
  "sensor_count": 6,
  "sensor_types": {
    "Battery": 2,
    "Wind": 2,
    "Solar": 2
  }
}
2026-07-25 04:12:38,635 INFO [energy_monitor_core.module.ina] Polled module snapshot: {
  "module": "ina",
  "updated_at": "2026-07-25T03:12:38.634739",
  "status": "running",
  "device_count": 2,
  "sensor_count": 6,
  "sensor_types": {
    "Battery": 2,
    "Wind": 2,
    "Solar": 2
  }
}
2026-07-25 04:12:43,639 INFO [energy_monitor_core.module.ina] Polled module snapshot: {
  "module": "ina",
  "updated_at": "2026-07-25T03:12:43.639553",
  "status": "running",
  "device_count": 2,
  "sensor_count": 6,
  "sensor_types": {
    "Battery": 2,
    "Wind": 2,
    "Solar": 2
  }
}
2026-07-25 04:12:48,645 INFO [energy_monitor_core.module.ina] Polled module snapshot: {
  "module": "ina",
  "updated_at": "2026-07-25T03:12:48.644717",
  "status": "running",
  "device_count": 2,
  "sensor_count": 6,
  "sensor_types": {
    "Battery": 2,
    "Wind": 2,
    "Solar": 2
  }
}
2026-07-25 04:12:53,652 INFO [energy_monitor_core.module.ina] Polled module snapshot: {
  "module": "ina",
  "updated_at": "2026-07-25T03:12:53.651589",
  "status": "running",
  "device_count": 2,
  "sensor_count": 6,
  "sensor_types": {
    "Battery": 2,
    "Wind": 2,
    "Solar": 2
  }
}
2026-07-25 04:12:58,657 INFO [energy_monitor_core.module.ina] Polled module snapshot: {
  "module": "ina",
  "updated_at": "2026-07-25T03:12:58.657116",
  "status": "running",
  "device_count": 2,
  "sensor_count": 6,
  "sensor_types": {
    "Battery": 2,
    "Wind": 2,
    "Solar": 2
  }
}
2026-07-25 04:13:03,663 INFO [energy_monitor_core.module.ina] Polled module snapshot: {
  "module": "ina",
  "updated_at": "2026-07-25T03:13:03.663278",
  "status": "running",
  "device_count": 2,
  "sensor_count": 6,
  "sensor_types": {
    "Battery": 2,
    "Wind": 2,
    "Solar": 2
  }
}
2026-07-25 04:13:08,669 INFO [energy_monitor_core.module.ina] Polled module snapshot: {
  "module": "ina",
  "updated_at": "2026-07-25T03:13:08.669553",
  "status": "running",
  "device_count": 2,
  "sensor_count": 6,
  "sensor_types": {
    "Battery": 2,
    "Wind": 2,
    "Solar": 2
  }
}
2026-07-25 04:13:13,675 INFO [energy_monitor_core.module.ina] Polled module snapshot: {
  "module": "ina",
  "updated_at": "2026-07-25T03:13:13.675156",
  "status": "running",
  "device_count": 2,
  "sensor_count": 6,
  "sensor_types": {
    "Battery": 2,
    "Wind": 2,
    "Solar": 2
  }
}
2026-07-25 04:13:18,683 INFO [energy_monitor_core.module.ina] Polled module snapshot: {
  "module": "ina",
  "updated_at": "2026-07-25T03:13:18.683115",
  "status": "running",
  "device_count": 2,
  "sensor_count": 6,
  "sensor_types": {
    "Battery": 2,
    "Wind": 2,
    "Solar": 2
  }
}
2026-07-25 04:13:23,692 INFO [energy_monitor_core.module.ina] Polled module snapshot: {
  "module": "ina",
  "updated_at": "2026-07-25T03:13:23.691882",
  "status": "running",
  "device_count": 2,
  "sensor_count": 6,
  "sensor_types": {
    "Battery": 2,
    "Wind": 2,
    "Solar": 2
  }
}
2026-07-25 04:13:28,699 INFO [energy_monitor_core.module.ina] Polled module snapshot: {
  "module": "ina",
  "updated_at": "2026-07-25T03:13:28.698825",
  "status": "running",
  "device_count": 2,
  "sensor_count": 6,
  "sensor_types": {
    "Battery": 2,
    "Wind": 2,
    "Solar": 2
  }
}
2026-07-25 04:13:33,704 INFO [energy_monitor_core.module.ina] Polled module snapshot: {
  "module": "ina",
  "updated_at": "2026-07-25T03:13:33.704376",
  "status": "running",
  "device_count": 2,
  "sensor_count": 6,
  "sensor_types": {
    "Battery": 2,
    "Wind": 2,
    "Solar": 2
  }
}
2026-07-25 04:13:38,710 INFO [energy_monitor_core.module.ina] Polled module snapshot: {
  "module": "ina",
  "updated_at": "2026-07-25T03:13:38.710575",
  "status": "running",
  "device_count": 2,
  "sensor_count": 6,
  "sensor_types": {
    "Battery": 2,
    "Wind": 2,
    "Solar": 2
  }
}
2026-07-25 04:13:43,716 INFO [energy_monitor_core.module.ina] Polled module snapshot: {
  "module": "ina",
  "updated_at": "2026-07-25T03:13:43.715717",
  "status": "running",
  "device_count": 2,
  "sensor_count": 6,
  "sensor_types": {
    "Battery": 2,
    "Wind": 2,
    "Solar": 2
  }
}
2026-07-25 04:13:48,724 INFO [energy_monitor_core.module.ina] Polled module snapshot: {
  "module": "ina",
  "updated_at": "2026-07-25T03:13:48.724124",
  "status": "running",
  "device_count": 2,
  "sensor_count": 6,
  "sensor_types": {
    "Battery": 2,
    "Wind": 2,
    "Solar": 2
  }
}
2026-07-25 04:13:53,730 INFO [energy_monitor_core.module.ina] Polled module snapshot: {
  "module": "ina",
  "updated_at": "2026-07-25T03:13:53.729935",
  "status": "running",
  "device_count": 2,
  "sensor_count": 6,
  "sensor_types": {
    "Battery": 2,
    "Wind": 2,
    "Solar": 2
  }
}
2026-07-25 04:13:58,736 INFO [energy_monitor_core.module.ina] Polled module snapshot: {
  "module": "ina",
  "updated_at": "2026-07-25T03:13:58.736150",
  "status": "running",
  "device_count": 2,
  "sensor_count": 6,
  "sensor_types": {
    "Battery": 2,
    "Wind": 2,
    "Solar": 2
  }
}
2026-07-25 04:14:03,742 INFO [energy_monitor_core.module.ina] Polled module snapshot: {
  "module": "ina",
  "updated_at": "2026-07-25T03:14:03.741856",
  "status": "running",
  "device_count": 2,
  "sensor_count": 6,
  "sensor_types": {
    "Battery": 2,
    "Wind": 2,
    "Solar": 2
  }
}
2026-07-25 04:14:08,747 INFO [energy_monitor_core.module.ina] Polled module snapshot: {
  "module": "ina",
  "updated_at": "2026-07-25T03:14:08.746955",
  "status": "running",
  "device_count": 2,
  "sensor_count": 6,
  "sensor_types": {
    "Battery": 2,
    "Wind": 2,
    "Solar": 2
  }
}
2026-07-25 04:14:13,753 INFO [energy_monitor_core.module.ina] Polled module snapshot: {
  "module": "ina",
  "updated_at": "2026-07-25T03:14:13.752936",
  "status": "running",
  "device_count": 2,
  "sensor_count": 6,
  "sensor_types": {
    "Battery": 2,
    "Wind": 2,
    "Solar": 2
  }
}
2026-07-25 04:14:18,759 INFO [energy_monitor_core.module.ina] Polled module snapshot: {
  "module": "ina",
  "updated_at": "2026-07-25T03:14:18.759067",
  "status": "running",
  "device_count": 2,
  "sensor_count": 6,
  "sensor_types": {
    "Battery": 2,
    "Wind": 2,
    "Solar": 2
  }
}
2026-07-25 04:14:23,766 INFO [energy_monitor_core.module.ina] Polled module snapshot: {
  "module": "ina",
  "updated_at": "2026-07-25T03:14:23.765833",
  "status": "running",
  "device_count": 2,
  "sensor_count": 6,
  "sensor_types": {
    "Battery": 2,
    "Wind": 2,
    "Solar": 2
  }
}
2026-07-25 04:14:28,774 INFO [energy_monitor_core.module.ina] Polled module snapshot: {
  "module": "ina",
  "updated_at": "2026-07-25T03:14:28.771975",
  "status": "running",
  "device_count": 2,
  "sensor_count": 6,
  "sensor_types": {
    "Battery": 2,
    "Wind": 2,
    "Solar": 2
  }
}
2026-07-25 04:14:33,781 INFO [energy_monitor_core.module.ina] Polled module snapshot: {
  "module": "ina",
  "updated_at": "2026-07-25T03:14:33.780753",
  "status": "running",
  "device_count": 2,
  "sensor_count": 6,
  "sensor_types": {
    "Battery": 2,
    "Wind": 2,
    "Solar": 2
  }
}
2026-07-25 04:14:38,787 INFO [energy_monitor_core.module.ina] Polled module snapshot: {
  "module": "ina",
  "updated_at": "2026-07-25T03:14:38.786594",
  "status": "running",
  "device_count": 2,
  "sensor_count": 6,
  "sensor_types": {
    "Battery": 2,
    "Wind": 2,
    "Solar": 2
  }
}
2026-07-25 04:14:43,794 INFO [energy_monitor_core.module.ina] Polled module snapshot: {
  "module": "ina",
  "updated_at": "2026-07-25T03:14:43.794302",
  "status": "running",
  "device_count": 2,
  "sensor_count": 6,
  "sensor_types": {
    "Battery": 2,
    "Wind": 2,
    "Solar": 2
  }
}
2026-07-25 04:14:48,801 INFO [energy_monitor_core.module.ina] Polled module snapshot: {
  "module": "ina",
  "updated_at": "2026-07-25T03:14:48.801501",
  "status": "running",
  "device_count": 2,
  "sensor_count": 6,
  "sensor_types": {
    "Battery": 2,
    "Wind": 2,
    "Solar": 2
  }
}
2026-07-25 04:14:53,810 INFO [energy_monitor_core.module.ina] Polled module snapshot: {
  "module": "ina",
  "updated_at": "2026-07-25T03:14:53.810010",
  "status": "running",
  "device_count": 2,
  "sensor_count": 6,
  "sensor_types": {
    "Battery": 2,
    "Wind": 2,
    "Solar": 2
  }
}
2026-07-25 04:14:58,815 INFO [energy_monitor_core.module.ina] Polled module snapshot: {
  "module": "ina",
  "updated_at": "2026-07-25T03:14:58.815367",
  "status": "running",
  "device_count": 2,
  "sensor_count": 6,
  "sensor_types": {
    "Battery": 2,
    "Wind": 2,
    "Solar": 2
  }
}
2026-07-25 04:15:03,821 INFO [energy_monitor_core.module.ina] Polled module snapshot: {
  "module": "ina",
  "updated_at": "2026-07-25T03:15:03.820772",
  "status": "running",
  "device_count": 2,
  "sensor_count": 6,
  "sensor_types": {
    "Battery": 2,
    "Wind": 2,
    "Solar": 2
  }
}
2026-07-25 04:15:08,826 INFO [energy_monitor_core.module.ina] Polled module snapshot: {
  "module": "ina",
  "updated_at": "2026-07-25T03:15:08.826117",
  "status": "running",
  "device_count": 2,
  "sensor_count": 6,
  "sensor_types": {
    "Battery": 2,
    "Wind": 2,
    "Solar": 2
  }
}
2026-07-25 04:15:13,831 INFO [energy_monitor_core.module.ina] Polled module snapshot: {
  "module": "ina",
  "updated_at": "2026-07-25T03:15:13.831369",
  "status": "running",
  "device_count": 2,
  "sensor_count": 6,
  "sensor_types": {
    "Battery": 2,
    "Wind": 2,
    "Solar": 2
  }
}
2026-07-25 04:15:18,837 INFO [energy_monitor_core.module.ina] Polled module snapshot: {
  "module": "ina",
  "updated_at": "2026-07-25T03:15:18.836597",
  "status": "running",
  "device_count": 2,
  "sensor_count": 6,
  "sensor_types": {
    "Battery": 2,
    "Wind": 2,
    "Solar": 2
  }
}
2026-07-25 04:15:23,843 INFO [energy_monitor_core.module.ina] Polled module snapshot: {
  "module": "ina",
  "updated_at": "2026-07-25T03:15:23.842659",
  "status": "running",
  "device_count": 2,
  "sensor_count": 6,
  "sensor_types": {
    "Battery": 2,
    "Wind": 2,
    "Solar": 2
  }
}
2026-07-25 04:15:28,847 INFO [energy_monitor_core.module.ina] Polled module snapshot: {
  "module": "ina",
  "updated_at": "2026-07-25T03:15:28.847555",
  "status": "running",
  "device_count": 2,
  "sensor_count": 6,
  "sensor_types": {
    "Battery": 2,
    "Wind": 2,
    "Solar": 2
  }
}
2026-07-25 04:15:33,852 INFO [energy_monitor_core.module.ina] Polled module snapshot: {
  "module": "ina",
  "updated_at": "2026-07-25T03:15:33.852473",
  "status": "running",
  "device_count": 2,
  "sensor_count": 6,
  "sensor_types": {
    "Battery": 2,
    "Wind": 2,
    "Solar": 2
  }
}
2026-07-25 04:15:38,857 INFO [energy_monitor_core.module.ina] Polled module snapshot: {
  "module": "ina",
  "updated_at": "2026-07-25T03:15:38.857425",
  "status": "running",
  "device_count": 2,
  "sensor_count": 6,
  "sensor_types": {
    "Battery": 2,
    "Wind": 2,
    "Solar": 2
  }
}
2026-07-25 04:15:43,865 INFO [energy_monitor_core.module.ina] Polled module snapshot: {
  "module": "ina",
  "updated_at": "2026-07-25T03:15:43.865495",
  "status": "running",
  "device_count": 2,
  "sensor_count": 6,
  "sensor_types": {
    "Battery": 2,
    "Wind": 2,
    "Solar": 2
  }
}
2026-07-25 04:15:48,873 INFO [energy_monitor_core.module.ina] Polled module snapshot: {
  "module": "ina",
  "updated_at": "2026-07-25T03:15:48.873176",
  "status": "running",
  "device_count": 2,
  "sensor_count": 6,
  "sensor_types": {
    "Battery": 2,
    "Wind": 2,
    "Solar": 2
  }
}
2026-07-25 04:15:53,880 INFO [energy_monitor_core.module.ina] Polled module snapshot: {
  "module": "ina",
  "updated_at": "2026-07-25T03:15:53.880571",
  "status": "running",
  "device_count": 2,
  "sensor_count": 6,
  "sensor_types": {
    "Battery": 2,
    "Wind": 2,
    "Solar": 2
  }
}
2026-07-25 04:15:58,886 INFO [energy_monitor_core.module.ina] Polled module snapshot: {
  "module": "ina",
  "updated_at": "2026-07-25T03:15:58.886473",
  "status": "running",
  "device_count": 2,
  "sensor_count": 6,
  "sensor_types": {
    "Battery": 2,
    "Wind": 2,
    "Solar": 2
  }
}
2026-07-25 04:16:03,895 INFO [energy_monitor_core.module.ina] Polled module snapshot: {
  "module": "ina",
  "updated_at": "2026-07-25T03:16:03.895045",
  "status": "running",
  "device_count": 2,
  "sensor_count": 6,
  "sensor_types": {
    "Battery": 2,
    "Wind": 2,
    "Solar": 2
  }
}
2026-07-25 04:16:08,904 INFO [energy_monitor_core.module.ina] Polled module snapshot: {
  "module": "ina",
  "updated_at": "2026-07-25T03:16:08.904138",
  "status": "running",
  "device_count": 2,
  "sensor_count": 6,
  "sensor_types": {
    "Battery": 2,
    "Wind": 2,
    "Solar": 2
  }
}
2026-07-25 04:16:13,911 INFO [energy_monitor_core.module.ina] Polled module snapshot: {
  "module": "ina",
  "updated_at": "2026-07-25T03:16:13.911218",
  "status": "running",
  "device_count": 2,
  "sensor_count": 6,
  "sensor_types": {
    "Battery": 2,
    "Wind": 2,
    "Solar": 2
  }
}
2026-07-25 04:16:18,916 INFO [energy_monitor_core.module.ina] Polled module snapshot: {
  "module": "ina",
  "updated_at": "2026-07-25T03:16:18.916253",
  "status": "running",
  "device_count": 2,
  "sensor_count": 6,
  "sensor_types": {
    "Battery": 2,
    "Wind": 2,
    "Solar": 2
  }
}
2026-07-25 04:16:23,925 INFO [energy_monitor_core.module.ina] Polled module snapshot: {
  "module": "ina",
  "updated_at": "2026-07-25T03:16:23.923625",
  "status": "running",
  "device_count": 2,
  "sensor_count": 6,
  "sensor_types": {
    "Battery": 2,
    "Wind": 2,
    "Solar": 2
  }
}
2026-07-25 04:16:28,930 INFO [energy_monitor_core.module.ina] Polled module snapshot: {
  "module": "ina",
  "updated_at": "2026-07-25T03:16:28.930183",
  "status": "running",
  "device_count": 2,
  "sensor_count": 6,
  "sensor_types": {
    "Battery": 2,
    "Wind": 2,
    "Solar": 2
  }
}
2026-07-25 04:16:33,936 INFO [energy_monitor_core.module.ina] Polled module snapshot: {
  "module": "ina",
  "updated_at": "2026-07-25T03:16:33.936106",
  "status": "running",
  "device_count": 2,
  "sensor_count": 6,
  "sensor_types": {
    "Battery": 2,
    "Wind": 2,
    "Solar": 2
  }
}
2026-07-25 04:16:38,942 INFO [energy_monitor_core.module.ina] Polled module snapshot: {
  "module": "ina",
  "updated_at": "2026-07-25T03:16:38.942364",
  "status": "running",
  "device_count": 2,
  "sensor_count": 6,
  "sensor_types": {
    "Battery": 2,
    "Wind": 2,
    "Solar": 2
  }
}
2026-07-25 04:16:43,951 INFO [energy_monitor_core.module.ina] Polled module snapshot: {
  "module": "ina",
  "updated_at": "2026-07-25T03:16:43.951153",
  "status": "running",
  "device_count": 2,
  "sensor_count": 6,
  "sensor_types": {
    "Battery": 2,
    "Wind": 2,
    "Solar": 2
  }
}
2026-07-25 04:16:48,959 INFO [energy_monitor_core.module.ina] Polled module snapshot: {
  "module": "ina",
  "updated_at": "2026-07-25T03:16:48.959188",
  "status": "running",
  "device_count": 2,
  "sensor_count": 6,
  "sensor_types": {
    "Battery": 2,
    "Wind": 2,
    "Solar": 2
  }
}
2026-07-25 04:16:53,964 INFO [energy_monitor_core.module.ina] Polled module snapshot: {
  "module": "ina",
  "updated_at": "2026-07-25T03:16:53.964470",
  "status": "running",
  "device_count": 2,
  "sensor_count": 6,
  "sensor_types": {
    "Battery": 2,
    "Wind": 2,
    "Solar": 2
  }
}
2026-07-25 04:16:58,971 INFO [energy_monitor_core.module.ina] Polled module snapshot: {
  "module": "ina",
  "updated_at": "2026-07-25T03:16:58.971334",
  "status": "running",
  "device_count": 2,
  "sensor_count": 6,
  "sensor_types": {
    "Battery": 2,
    "Wind": 2,
    "Solar": 2
  }
}
2026-07-25 04:17:03,980 INFO [energy_monitor_core.module.ina] Polled module snapshot: {
  "module": "ina",
  "updated_at": "2026-07-25T03:17:03.980021",
  "status": "running",
  "device_count": 2,
  "sensor_count": 6,
  "sensor_types": {
    "Battery": 2,
    "Wind": 2,
    "Solar": 2
  }
}
2026-07-25 04:17:08,985 INFO [energy_monitor_core.module.ina] Polled module snapshot: {
  "module": "ina",
  "updated_at": "2026-07-25T03:17:08.985027",
  "status": "running",
  "device_count": 2,
  "sensor_count": 6,
  "sensor_types": {
    "Battery": 2,
    "Wind": 2,
    "Solar": 2
  }
}
2026-07-25 04:17:13,992 INFO [energy_monitor_core.module.ina] Polled module snapshot: {
  "module": "ina",
  "updated_at": "2026-07-25T03:17:13.991643",
  "status": "running",
  "device_count": 2,
  "sensor_count": 6,
  "sensor_types": {
    "Battery": 2,
    "Wind": 2,
    "Solar": 2
  }
}
2026-07-25 04:17:18,996 INFO [energy_monitor_core.module.ina] Polled module snapshot: {
  "module": "ina",
  "updated_at": "2026-07-25T03:17:18.996569",
  "status": "running",
  "device_count": 2,
  "sensor_count": 6,
  "sensor_types": {
    "Battery": 2,
    "Wind": 2,
    "Solar": 2
  }
}
2026-07-25 04:17:24,001 INFO [energy_monitor_core.module.ina] Polled module snapshot: {
  "module": "ina",
  "updated_at": "2026-07-25T03:17:24.001178",
  "status": "running",
  "device_count": 2,
  "sensor_count": 6,
  "sensor_types": {
    "Battery": 2,
    "Wind": 2,
    "Solar": 2
  }
}
2026-07-25 04:17:29,007 INFO [energy_monitor_core.module.ina] Polled module snapshot: {
  "module": "ina",
  "updated_at": "2026-07-25T03:17:29.006699",
  "status": "running",
  "device_count": 2,
  "sensor_count": 6,
  "sensor_types": {
    "Battery": 2,
    "Wind": 2,
    "Solar": 2
  }
}
2026-07-25 04:17:34,013 INFO [energy_monitor_core.module.ina] Polled module snapshot: {
  "module": "ina",
  "updated_at": "2026-07-25T03:17:34.012837",
  "status": "running",
  "device_count": 2,
  "sensor_count": 6,
  "sensor_types": {
    "Battery": 2,
    "Wind": 2,
    "Solar": 2
  }
}
2026-07-25 04:17:39,018 INFO [energy_monitor_core.module.ina] Polled module snapshot: {
  "module": "ina",
  "updated_at": "2026-07-25T03:17:39.017990",
  "status": "running",
  "device_count": 2,
  "sensor_count": 6,
  "sensor_types": {
    "Battery": 2,
    "Wind": 2,
    "Solar": 2
  }
}
2026-07-25 04:17:44,023 INFO [energy_monitor_core.module.ina] Polled module snapshot: {
  "module": "ina",
  "updated_at": "2026-07-25T03:17:44.023136",
  "status": "running",
  "device_count": 2,
  "sensor_count": 6,
  "sensor_types": {
    "Battery": 2,
    "Wind": 2,
    "Solar": 2
  }
}
2026-07-25 04:17:49,029 INFO [energy_monitor_core.module.ina] Polled module snapshot: {
  "module": "ina",
  "updated_at": "2026-07-25T03:17:49.029468",
  "status": "running",
  "device_count": 2,
  "sensor_count": 6,
  "sensor_types": {
    "Battery": 2,
    "Wind": 2,
    "Solar": 2
  }
}
2026-07-25 04:17:54,036 INFO [energy_monitor_core.module.ina] Polled module snapshot: {
  "module": "ina",
  "updated_at": "2026-07-25T03:17:54.036113",
  "status": "running",
  "device_count": 2,
  "sensor_count": 6,
  "sensor_types": {
    "Battery": 2,
    "Wind": 2,
    "Solar": 2
  }
}
2026-07-25 04:17:59,041 INFO [energy_monitor_core.module.ina] Polled module snapshot: {
  "module": "ina",
  "updated_at": "2026-07-25T03:17:59.041088",
  "status": "running",
  "device_count": 2,
  "sensor_count": 6,
  "sensor_types": {
    "Battery": 2,
    "Wind": 2,
    "Solar": 2
  }
}
2026-07-25 04:18:04,046 INFO [energy_monitor_core.module.ina] Polled module snapshot: {
  "module": "ina",
  "updated_at": "2026-07-25T03:18:04.045947",
  "status": "running",
  "device_count": 2,
  "sensor_count": 6,
  "sensor_types": {
    "Battery": 2,
    "Wind": 2,
    "Solar": 2
  }
}
2026-07-25 04:18:09,053 INFO [energy_monitor_core.module.ina] Polled module snapshot: {
  "module": "ina",
  "updated_at": "2026-07-25T03:18:09.053550",
  "status": "running",
  "device_count": 2,
  "sensor_count": 6,
  "sensor_types": {
    "Battery": 2,
    "Wind": 2,
    "Solar": 2
  }
}
2026-07-25 04:18:14,059 INFO [energy_monitor_core.module.ina] Polled module snapshot: {
  "module": "ina",
  "updated_at": "2026-07-25T03:18:14.058992",
  "status": "running",
  "device_count": 2,
  "sensor_count": 6,
  "sensor_types": {
    "Battery": 2,
    "Wind": 2,
    "Solar": 2
  }
}
2026-07-25 04:18:19,064 INFO [energy_monitor_core.module.ina] Polled module snapshot: {
  "module": "ina",
  "updated_at": "2026-07-25T03:18:19.063931",
  "status": "running",
  "device_count": 2,
  "sensor_count": 6,
  "sensor_types": {
    "Battery": 2,
    "Wind": 2,
    "Solar": 2
  }
}
2026-07-25 04:18:24,069 INFO [energy_monitor_core.module.ina] Polled module snapshot: {
  "module": "ina",
  "updated_at": "2026-07-25T03:18:24.069029",
  "status": "running",
  "device_count": 2,
  "sensor_count": 6,
  "sensor_types": {
    "Battery": 2,
    "Wind": 2,
    "Solar": 2
  }
}
2026-07-25 04:18:29,075 INFO [energy_monitor_core.module.ina] Polled module snapshot: {
  "module": "ina",
  "updated_at": "2026-07-25T03:18:29.075508",
  "status": "running",
  "device_count": 2,
  "sensor_count": 6,
  "sensor_types": {
    "Battery": 2,
    "Wind": 2,
    "Solar": 2
  }
}
2026-07-25 04:18:34,084 INFO [energy_monitor_core.module.ina] Polled module snapshot: {
  "module": "ina",
  "updated_at": "2026-07-25T03:18:34.083684",
  "status": "running",
  "device_count": 2,
  "sensor_count": 6,
  "sensor_types": {
    "Battery": 2,
    "Wind": 2,
    "Solar": 2
  }
}
2026-07-25 04:18:39,090 INFO [energy_monitor_core.module.ina] Polled module snapshot: {
  "module": "ina",
  "updated_at": "2026-07-25T03:18:39.089191",
  "status": "running",
  "device_count": 2,
  "sensor_count": 6,
  "sensor_types": {
    "Battery": 2,
    "Wind": 2,
    "Solar": 2
  }
}
2026-07-25 04:18:44,097 INFO [energy_monitor_core.module.ina] Polled module snapshot: {
  "module": "ina",
  "updated_at": "2026-07-25T03:18:44.096863",
  "status": "running",
  "device_count": 2,
  "sensor_count": 6,
  "sensor_types": {
    "Battery": 2,
    "Wind": 2,
    "Solar": 2
  }
}
2026-07-25 04:18:49,102 INFO [energy_monitor_core.module.ina] Polled module snapshot: {
  "module": "ina",
  "updated_at": "2026-07-25T03:18:49.102440",
  "status": "running",
  "device_count": 2,
  "sensor_count": 6,
  "sensor_types": {
    "Battery": 2,
    "Wind": 2,
    "Solar": 2
  }
}
2026-07-25 04:18:54,203 INFO [energy_monitor_core.module.ina] Polled module snapshot: {
  "module": "ina",
  "updated_at": "2026-07-25T03:18:54.202863",
  "status": "running",
  "device_count": 2,
  "sensor_count": 6,
  "sensor_types": {
    "Battery": 2,
    "Wind": 2,
    "Solar": 2
  }
}
2026-07-25 04:18:59,208 INFO [energy_monitor_core.module.ina] Polled module snapshot: {
  "module": "ina",
  "updated_at": "2026-07-25T03:18:59.208073",
  "status": "running",
  "device_count": 2,
  "sensor_count": 6,
  "sensor_types": {
    "Battery": 2,
    "Wind": 2,
    "Solar": 2
  }
}
2026-07-25 04:19:04,213 INFO [energy_monitor_core.module.ina] Polled module snapshot: {
  "module": "ina",
  "updated_at": "2026-07-25T03:19:04.213189",
  "status": "running",
  "device_count": 2,
  "sensor_count": 6,
  "sensor_types": {
    "Battery": 2,
    "Wind": 2,
    "Solar": 2
  }
}
2026-07-25 04:19:09,218 INFO [energy_monitor_core.module.ina] Polled module snapshot: {
  "module": "ina",
  "updated_at": "2026-07-25T03:19:09.218071",
  "status": "running",
  "device_count": 2,
  "sensor_count": 6,
  "sensor_types": {
    "Battery": 2,
    "Wind": 2,
    "Solar": 2
  }
}
2026-07-25 04:19:14,223 INFO [energy_monitor_core.module.ina] Polled module snapshot: {
  "module": "ina",
  "updated_at": "2026-07-25T03:19:14.222961",
  "status": "running",
  "device_count": 2,
  "sensor_count": 6,
  "sensor_types": {
    "Battery": 2,
    "Wind": 2,
    "Solar": 2
  }
}
2026-07-25 04:19:19,230 INFO [energy_monitor_core.module.ina] Polled module snapshot: {
  "module": "ina",
  "updated_at": "2026-07-25T03:19:19.229861",
  "status": "running",
  "device_count": 2,
  "sensor_count": 6,
  "sensor_types": {
    "Battery": 2,
    "Wind": 2,
    "Solar": 2
  }
}
2026-07-25 04:19:24,236 INFO [energy_monitor_core.module.ina] Polled module snapshot: {
  "module": "ina",
  "updated_at": "2026-07-25T03:19:24.236366",
  "status": "running",
  "device_count": 2,
  "sensor_count": 6,
  "sensor_types": {
    "Battery": 2,
    "Wind": 2,
    "Solar": 2
  }
}
2026-07-25 04:19:29,243 INFO [energy_monitor_core.module.ina] Polled module snapshot: {
  "module": "ina",
  "updated_at": "2026-07-25T03:19:29.242572",
  "status": "running",
  "device_count": 2,
  "sensor_count": 6,
  "sensor_types": {
    "Battery": 2,
    "Wind": 2,
    "Solar": 2
  }
}
2026-07-25 04:20:13,265 INFO [energy_monitor_core.module.ina] Module runtime started
2026-07-25 04:20:13,268 INFO [energy_monitor_core.module.ina] Polled module snapshot: {
  "module": "ina",
  "updated_at": "2026-07-25T03:20:13.268529",
  "status": "running",
  "device_count": 2,
  "sensor_count": 6,
  "sensor_types": {
    "Battery": 2,
    "Wind": 2,
    "Solar": 2
  }
}
2026-07-25 04:20:18,277 INFO [energy_monitor_core.module.ina] Polled module snapshot: {
  "module": "ina",
  "updated_at": "2026-07-25T03:20:18.276698",
  "status": "running",
  "device_count": 2,
  "sensor_count": 6,
  "sensor_types": {
    "Battery": 2,
    "Wind": 2,
    "Solar": 2
  }
}
2026-07-25 04:20:23,283 INFO [energy_monitor_core.module.ina] Polled module snapshot: {
  "module": "ina",
  "updated_at": "2026-07-25T03:20:23.283125",
  "status": "running",
  "device_count": 2,
  "sensor_count": 6,
  "sensor_types": {
    "Battery": 2,
    "Wind": 2,
    "Solar": 2
  }
}
2026-07-25 04:20:28,289 INFO [energy_monitor_core.module.ina] Polled module snapshot: {
  "module": "ina",
  "updated_at": "2026-07-25T03:20:28.288933",
  "status": "running",
  "device_count": 2,
  "sensor_count": 6,
  "sensor_types": {
    "Battery": 2,
    "Wind": 2,
    "Solar": 2
  }
}
2026-07-25 04:20:33,295 INFO [energy_monitor_core.module.ina] Polled module snapshot: {
  "module": "ina",
  "updated_at": "2026-07-25T03:20:33.295238",
  "status": "running",
  "device_count": 2,
  "sensor_count": 6,
  "sensor_types": {
    "Battery": 2,
    "Wind": 2,
    "Solar": 2
  }
}
2026-07-25 04:20:38,303 INFO [energy_monitor_core.module.ina] Polled module snapshot: {
  "module": "ina",
  "updated_at": "2026-07-25T03:20:38.302898",
  "status": "running",
  "device_count": 2,
  "sensor_count": 6,
  "sensor_types": {
    "Battery": 2,
    "Wind": 2,
    "Solar": 2
  }
}
2026-07-25 04:20:43,311 INFO [energy_monitor_core.module.ina] Polled module snapshot: {
  "module": "ina",
  "updated_at": "2026-07-25T03:20:43.311517",
  "status": "running",
  "device_count": 2,
  "sensor_count": 6,
  "sensor_types": {
    "Battery": 2,
    "Wind": 2,
    "Solar": 2
  }
}
2026-07-25 04:20:48,319 INFO [energy_monitor_core.module.ina] Polled module snapshot: {
  "module": "ina",
  "updated_at": "2026-07-25T03:20:48.318882",
  "status": "running",
  "device_count": 2,
  "sensor_count": 6,
  "sensor_types": {
    "Battery": 2,
    "Wind": 2,
    "Solar": 2
  }
}
2026-07-25 04:20:53,322 INFO [energy_monitor_core.module.ina] Polled module snapshot: {
  "module": "ina",
  "updated_at": "2026-07-25T03:20:53.322142",
  "status": "running",
  "device_count": 2,
  "sensor_count": 6,
  "sensor_types": {
    "Battery": 2,
    "Wind": 2,
    "Solar": 2
  }
}
2026-07-25 04:20:58,330 INFO [energy_monitor_core.module.ina] Polled module snapshot: {
  "module": "ina",
  "updated_at": "2026-07-25T03:20:58.330289",
  "status": "running",
  "device_count": 2,
  "sensor_count": 6,
  "sensor_types": {
    "Battery": 2,
    "Wind": 2,
    "Solar": 2
  }
}
2026-07-25 04:21:03,341 INFO [energy_monitor_core.module.ina] Polled module snapshot: {
  "module": "ina",
  "updated_at": "2026-07-25T03:21:03.341469",
  "status": "running",
  "device_count": 2,
  "sensor_count": 6,
  "sensor_types": {
    "Battery": 2,
    "Wind": 2,
    "Solar": 2
  }
}
2026-07-25 04:21:08,349 INFO [energy_monitor_core.module.ina] Polled module snapshot: {
  "module": "ina",
  "updated_at": "2026-07-25T03:21:08.349522",
  "status": "running",
  "device_count": 2,
  "sensor_count": 6,
  "sensor_types": {
    "Battery": 2,
    "Wind": 2,
    "Solar": 2
  }
}
2026-07-25 04:21:13,358 INFO [energy_monitor_core.module.ina] Polled module snapshot: {
  "module": "ina",
  "updated_at": "2026-07-25T03:21:13.358130",
  "status": "running",
  "device_count": 2,
  "sensor_count": 6,
  "sensor_types": {
    "Battery": 2,
    "Wind": 2,
    "Solar": 2
  }
}
2026-07-25 04:21:18,368 INFO [energy_monitor_core.module.ina] Polled module snapshot: {
  "module": "ina",
  "updated_at": "2026-07-25T03:21:18.367724",
  "status": "running",
  "device_count": 2,
  "sensor_count": 6,
  "sensor_types": {
    "Battery": 2,
    "Wind": 2,
    "Solar": 2
  }
}
2026-07-25 04:21:23,375 INFO [energy_monitor_core.module.ina] Polled module snapshot: {
  "module": "ina",
  "updated_at": "2026-07-25T03:21:23.375527",
  "status": "running",
  "device_count": 2,
  "sensor_count": 6,
  "sensor_types": {
    "Battery": 2,
    "Wind": 2,
    "Solar": 2
  }
}
2026-07-25 04:21:28,381 INFO [energy_monitor_core.module.ina] Polled module snapshot: {
  "module": "ina",
  "updated_at": "2026-07-25T03:21:28.381068",
  "status": "running",
  "device_count": 2,
  "sensor_count": 6,
  "sensor_types": {
    "Battery": 2,
    "Wind": 2,
    "Solar": 2
  }
}
2026-07-25 04:21:33,387 INFO [energy_monitor_core.module.ina] Polled module snapshot: {
  "module": "ina",
  "updated_at": "2026-07-25T03:21:33.387080",
  "status": "running",
  "device_count": 2,
  "sensor_count": 6,
  "sensor_types": {
    "Battery": 2,
    "Wind": 2,
    "Solar": 2
  }
}
2026-07-25 04:21:38,393 INFO [energy_monitor_core.module.ina] Polled module snapshot: {
  "module": "ina",
  "updated_at": "2026-07-25T03:21:38.392748",
  "status": "running",
  "device_count": 2,
  "sensor_count": 6,
  "sensor_types": {
    "Battery": 2,
    "Wind": 2,
    "Solar": 2
  }
}
2026-07-25 04:21:43,398 INFO [energy_monitor_core.module.ina] Polled module snapshot: {
  "module": "ina",
  "updated_at": "2026-07-25T03:21:43.398498",
  "status": "running",
  "device_count": 2,
  "sensor_count": 6,
  "sensor_types": {
    "Battery": 2,
    "Wind": 2,
    "Solar": 2
  }
}
2026-07-25 04:21:48,405 INFO [energy_monitor_core.module.ina] Polled module snapshot: {
  "module": "ina",
  "updated_at": "2026-07-25T03:21:48.405126",
  "status": "running",
  "device_count": 2,
  "sensor_count": 6,
  "sensor_types": {
    "Battery": 2,
    "Wind": 2,
    "Solar": 2
  }
}
2026-07-25 04:21:53,413 INFO [energy_monitor_core.module.ina] Polled module snapshot: {
  "module": "ina",
  "updated_at": "2026-07-25T03:21:53.412950",
  "status": "running",
  "device_count": 2,
  "sensor_count": 6,
  "sensor_types": {
    "Battery": 2,
    "Wind": 2,
    "Solar": 2
  }
}
2026-07-25 04:21:58,417 INFO [energy_monitor_core.module.ina] Polled module snapshot: {
  "module": "ina",
  "updated_at": "2026-07-25T03:21:58.417177",
  "status": "running",
  "device_count": 2,
  "sensor_count": 6,
  "sensor_types": {
    "Battery": 2,
    "Wind": 2,
    "Solar": 2
  }
}
2026-07-25 04:22:03,422 INFO [energy_monitor_core.module.ina] Polled module snapshot: {
  "module": "ina",
  "updated_at": "2026-07-25T03:22:03.422458",
  "status": "running",
  "device_count": 2,
  "sensor_count": 6,
  "sensor_types": {
    "Battery": 2,
    "Wind": 2,
    "Solar": 2
  }
}
2026-07-25 04:22:08,428 INFO [energy_monitor_core.module.ina] Polled module snapshot: {
  "module": "ina",
  "updated_at": "2026-07-25T03:22:08.428117",
  "status": "running",
  "device_count": 2,
  "sensor_count": 6,
  "sensor_types": {
    "Battery": 2,
    "Wind": 2,
    "Solar": 2
  }
}
2026-07-25 04:22:13,433 INFO [energy_monitor_core.module.ina] Polled module snapshot: {
  "module": "ina",
  "updated_at": "2026-07-25T03:22:13.433647",
  "status": "running",
  "device_count": 2,
  "sensor_count": 6,
  "sensor_types": {
    "Battery": 2,
    "Wind": 2,
    "Solar": 2
  }
}
2026-07-25 04:22:18,439 INFO [energy_monitor_core.module.ina] Polled module snapshot: {
  "module": "ina",
  "updated_at": "2026-07-25T03:22:18.439293",
  "status": "running",
  "device_count": 2,
  "sensor_count": 6,
  "sensor_types": {
    "Battery": 2,
    "Wind": 2,
    "Solar": 2
  }
}
2026-07-25 04:22:23,446 INFO [energy_monitor_core.module.ina] Polled module snapshot: {
  "module": "ina",
  "updated_at": "2026-07-25T03:22:23.445923",
  "status": "running",
  "device_count": 2,
  "sensor_count": 6,
  "sensor_types": {
    "Battery": 2,
    "Wind": 2,
    "Solar": 2
  }
}
2026-07-25 04:22:28,451 INFO [energy_monitor_core.module.ina] Polled module snapshot: {
  "module": "ina",
  "updated_at": "2026-07-25T03:22:28.451121",
  "status": "running",
  "device_count": 2,
  "sensor_count": 6,
  "sensor_types": {
    "Battery": 2,
    "Wind": 2,
    "Solar": 2
  }
}
2026-07-25 04:22:33,455 INFO [energy_monitor_core.module.ina] Polled module snapshot: {
  "module": "ina",
  "updated_at": "2026-07-25T03:22:33.455065",
  "status": "running",
  "device_count": 2,
  "sensor_count": 6,
  "sensor_types": {
    "Battery": 2,
    "Wind": 2,
    "Solar": 2
  }
}
2026-07-25 04:22:38,459 INFO [energy_monitor_core.module.ina] Polled module snapshot: {
  "module": "ina",
  "updated_at": "2026-07-25T03:22:38.459586",
  "status": "running",
  "device_count": 2,
  "sensor_count": 6,
  "sensor_types": {
    "Battery": 2,
    "Wind": 2,
    "Solar": 2
  }
}
2026-07-25 04:22:43,465 INFO [energy_monitor_core.module.ina] Polled module snapshot: {
  "module": "ina",
  "updated_at": "2026-07-25T03:22:43.465375",
  "status": "running",
  "device_count": 2,
  "sensor_count": 6,
  "sensor_types": {
    "Battery": 2,
    "Wind": 2,
    "Solar": 2
  }
}
2026-07-25 04:22:48,472 INFO [energy_monitor_core.module.ina] Polled module snapshot: {
  "module": "ina",
  "updated_at": "2026-07-25T03:22:48.471989",
  "status": "running",
  "device_count": 2,
  "sensor_count": 6,
  "sensor_types": {
    "Battery": 2,
    "Wind": 2,
    "Solar": 2
  }
}
2026-07-25 04:22:53,478 INFO [energy_monitor_core.module.ina] Polled module snapshot: {
  "module": "ina",
  "updated_at": "2026-07-25T03:22:53.477685",
  "status": "running",
  "device_count": 2,
  "sensor_count": 6,
  "sensor_types": {
    "Battery": 2,
    "Wind": 2,
    "Solar": 2
  }
}
2026-07-25 04:22:58,484 INFO [energy_monitor_core.module.ina] Polled module snapshot: {
  "module": "ina",
  "updated_at": "2026-07-25T03:22:58.484081",
  "status": "running",
  "device_count": 2,
  "sensor_count": 6,
  "sensor_types": {
    "Battery": 2,
    "Wind": 2,
    "Solar": 2
  }
}
2026-07-25 04:23:03,498 INFO [energy_monitor_core.module.ina] Polled module snapshot: {
  "module": "ina",
  "updated_at": "2026-07-25T03:23:03.497863",
  "status": "running",
  "device_count": 2,
  "sensor_count": 6,
  "sensor_types": {
    "Battery": 2,
    "Wind": 2,
    "Solar": 2
  }
}
2026-07-25 04:23:08,504 INFO [energy_monitor_core.module.ina] Polled module snapshot: {
  "module": "ina",
  "updated_at": "2026-07-25T03:23:08.503820",
  "status": "running",
  "device_count": 2,
  "sensor_count": 6,
  "sensor_types": {
    "Battery": 2,
    "Wind": 2,
    "Solar": 2
  }
}
2026-07-25 04:23:13,511 INFO [energy_monitor_core.module.ina] Polled module snapshot: {
  "module": "ina",
  "updated_at": "2026-07-25T03:23:13.511371",
  "status": "running",
  "device_count": 2,
  "sensor_count": 6,
  "sensor_types": {
    "Battery": 2,
    "Wind": 2,
    "Solar": 2
  }
}
2026-07-25 04:23:18,519 INFO [energy_monitor_core.module.ina] Polled module snapshot: {
  "module": "ina",
  "updated_at": "2026-07-25T03:23:18.518976",
  "status": "running",
  "device_count": 2,
  "sensor_count": 6,
  "sensor_types": {
    "Battery": 2,
    "Wind": 2,
    "Solar": 2
  }
}
2026-07-25 04:23:23,526 INFO [energy_monitor_core.module.ina] Polled module snapshot: {
  "module": "ina",
  "updated_at": "2026-07-25T03:23:23.526270",
  "status": "running",
  "device_count": 2,
  "sensor_count": 6,
  "sensor_types": {
    "Battery": 2,
    "Wind": 2,
    "Solar": 2
  }
}
2026-07-25 04:23:28,534 INFO [energy_monitor_core.module.ina] Polled module snapshot: {
  "module": "ina",
  "updated_at": "2026-07-25T03:23:28.533698",
  "status": "running",
  "device_count": 2,
  "sensor_count": 6,
  "sensor_types": {
    "Battery": 2,
    "Wind": 2,
    "Solar": 2
  }
}
2026-07-25 04:23:33,542 INFO [energy_monitor_core.module.ina] Polled module snapshot: {
  "module": "ina",
  "updated_at": "2026-07-25T03:23:33.541353",
  "status": "running",
  "device_count": 2,
  "sensor_count": 6,
  "sensor_types": {
    "Battery": 2,
    "Wind": 2,
    "Solar": 2
  }
}
2026-07-25 04:23:38,545 INFO [energy_monitor_core.module.ina] Polled module snapshot: {
  "module": "ina",
  "updated_at": "2026-07-25T03:23:38.545776",
  "status": "running",
  "device_count": 2,
  "sensor_count": 6,
  "sensor_types": {
    "Battery": 2,
    "Wind": 2,
    "Solar": 2
  }
}
2026-07-25 04:23:43,553 INFO [energy_monitor_core.module.ina] Polled module snapshot: {
  "module": "ina",
  "updated_at": "2026-07-25T03:23:43.553427",
  "status": "running",
  "device_count": 2,
  "sensor_count": 6,
  "sensor_types": {
    "Battery": 2,
    "Wind": 2,
    "Solar": 2
  }
}
2026-07-25 04:23:48,563 INFO [energy_monitor_core.module.ina] Polled module snapshot: {
  "module": "ina",
  "updated_at": "2026-07-25T03:23:48.562873",
  "status": "running",
  "device_count": 2,
  "sensor_count": 6,
  "sensor_types": {
    "Battery": 2,
    "Wind": 2,
    "Solar": 2
  }
}
2026-07-25 04:23:53,568 INFO [energy_monitor_core.module.ina] Polled module snapshot: {
  "module": "ina",
  "updated_at": "2026-07-25T03:23:53.568113",
  "status": "running",
  "device_count": 2,
  "sensor_count": 6,
  "sensor_types": {
    "Battery": 2,
    "Wind": 2,
    "Solar": 2
  }
}
2026-07-25 04:23:58,574 INFO [energy_monitor_core.module.ina] Polled module snapshot: {
  "module": "ina",
  "updated_at": "2026-07-25T03:23:58.574486",
  "status": "running",
  "device_count": 2,
  "sensor_count": 6,
  "sensor_types": {
    "Battery": 2,
    "Wind": 2,
    "Solar": 2
  }
}
2026-07-25 04:24:03,579 INFO [energy_monitor_core.module.ina] Polled module snapshot: {
  "module": "ina",
  "updated_at": "2026-07-25T03:24:03.578939",
  "status": "running",
  "device_count": 2,
  "sensor_count": 6,
  "sensor_types": {
    "Battery": 2,
    "Wind": 2,
    "Solar": 2
  }
}
2026-07-25 04:24:08,584 INFO [energy_monitor_core.module.ina] Polled module snapshot: {
  "module": "ina",
  "updated_at": "2026-07-25T03:24:08.583624",
  "status": "running",
  "device_count": 2,
  "sensor_count": 6,
  "sensor_types": {
    "Battery": 2,
    "Wind": 2,
    "Solar": 2
  }
}
2026-07-25 04:24:13,603 INFO [energy_monitor_core.module.ina] Polled module snapshot: {
  "module": "ina",
  "updated_at": "2026-07-25T03:24:13.602389",
  "status": "running",
  "device_count": 2,
  "sensor_count": 6,
  "sensor_types": {
    "Battery": 2,
    "Wind": 2,
    "Solar": 2
  }
}
2026-07-25 04:24:18,609 INFO [energy_monitor_core.module.ina] Polled module snapshot: {
  "module": "ina",
  "updated_at": "2026-07-25T03:24:18.609519",
  "status": "running",
  "device_count": 2,
  "sensor_count": 6,
  "sensor_types": {
    "Battery": 2,
    "Wind": 2,
    "Solar": 2
  }
}
2026-07-25 04:24:23,615 INFO [energy_monitor_core.module.ina] Polled module snapshot: {
  "module": "ina",
  "updated_at": "2026-07-25T03:24:23.615398",
  "status": "running",
  "device_count": 2,
  "sensor_count": 6,
  "sensor_types": {
    "Battery": 2,
    "Wind": 2,
    "Solar": 2
  }
}
2026-07-25 04:24:28,622 INFO [energy_monitor_core.module.ina] Polled module snapshot: {
  "module": "ina",
  "updated_at": "2026-07-25T03:24:28.621830",
  "status": "running",
  "device_count": 2,
  "sensor_count": 6,
  "sensor_types": {
    "Battery": 2,
    "Wind": 2,
    "Solar": 2
  }
}
2026-07-25 04:24:33,628 INFO [energy_monitor_core.module.ina] Polled module snapshot: {
  "module": "ina",
  "updated_at": "2026-07-25T03:24:33.627650",
  "status": "running",
  "device_count": 2,
  "sensor_count": 6,
  "sensor_types": {
    "Battery": 2,
    "Wind": 2,
    "Solar": 2
  }
}
2026-07-25 04:24:38,634 INFO [energy_monitor_core.module.ina] Polled module snapshot: {
  "module": "ina",
  "updated_at": "2026-07-25T03:24:38.633740",
  "status": "running",
  "device_count": 2,
  "sensor_count": 6,
  "sensor_types": {
    "Battery": 2,
    "Wind": 2,
    "Solar": 2
  }
}
2026-07-25 04:24:43,641 INFO [energy_monitor_core.module.ina] Polled module snapshot: {
  "module": "ina",
  "updated_at": "2026-07-25T03:24:43.641077",
  "status": "running",
  "device_count": 2,
  "sensor_count": 6,
  "sensor_types": {
    "Battery": 2,
    "Wind": 2,
    "Solar": 2
  }
}
2026-07-25 04:24:48,649 INFO [energy_monitor_core.module.ina] Polled module snapshot: {
  "module": "ina",
  "updated_at": "2026-07-25T03:24:48.648513",
  "status": "running",
  "device_count": 2,
  "sensor_count": 6,
  "sensor_types": {
    "Battery": 2,
    "Wind": 2,
    "Solar": 2
  }
}
2026-07-25 04:24:53,653 INFO [energy_monitor_core.module.ina] Polled module snapshot: {
  "module": "ina",
  "updated_at": "2026-07-25T03:24:53.653268",
  "status": "running",
  "device_count": 2,
  "sensor_count": 6,
  "sensor_types": {
    "Battery": 2,
    "Wind": 2,
    "Solar": 2
  }
}
2026-07-25 04:24:58,658 INFO [energy_monitor_core.module.ina] Polled module snapshot: {
  "module": "ina",
  "updated_at": "2026-07-25T03:24:58.658000",
  "status": "running",
  "device_count": 2,
  "sensor_count": 6,
  "sensor_types": {
    "Battery": 2,
    "Wind": 2,
    "Solar": 2
  }
}
2026-07-25 04:25:43,977 INFO [energy_monitor_core.module.ina] Module runtime started
2026-07-25 04:25:44,022 INFO [energy_monitor_core.module.ina] Polled module snapshot: {
  "module": "ina",
  "updated_at": "2026-07-25T03:25:44.022071",
  "status": "running",
  "device_count": 2,
  "sensor_count": 6,
  "sensor_types": {
    "Battery": 2,
    "Wind": 2,
    "Solar": 2
  }
}
2026-07-25 04:25:49,039 INFO [energy_monitor_core.module.ina] Polled module snapshot: {
  "module": "ina",
  "updated_at": "2026-07-25T03:25:49.039018",
  "status": "running",
  "device_count": 2,
  "sensor_count": 6,
  "sensor_types": {
    "Battery": 2,
    "Wind": 2,
    "Solar": 2
  }
}
2026-07-25 04:25:54,046 INFO [energy_monitor_core.module.ina] Polled module snapshot: {
  "module": "ina",
  "updated_at": "2026-07-25T03:25:54.045283",
  "status": "running",
  "device_count": 2,
  "sensor_count": 6,
  "sensor_types": {
    "Battery": 2,
    "Wind": 2,
    "Solar": 2
  }
}
2026-07-25 04:25:59,052 INFO [energy_monitor_core.module.ina] Polled module snapshot: {
  "module": "ina",
  "updated_at": "2026-07-25T03:25:59.052263",
  "status": "running",
  "device_count": 2,
  "sensor_count": 6,
  "sensor_types": {
    "Battery": 2,
    "Wind": 2,
    "Solar": 2
  }
}
2026-07-25 04:26:04,065 INFO [energy_monitor_core.module.ina] Polled module snapshot: {
  "module": "ina",
  "updated_at": "2026-07-25T03:26:04.064889",
  "status": "running",
  "device_count": 2,
  "sensor_count": 6,
  "sensor_types": {
    "Battery": 2,
    "Wind": 2,
    "Solar": 2
  }
}
2026-07-25 04:26:09,071 INFO [energy_monitor_core.module.ina] Polled module snapshot: {
  "module": "ina",
  "updated_at": "2026-07-25T03:26:09.070868",
  "status": "running",
  "device_count": 2,
  "sensor_count": 6,
  "sensor_types": {
    "Battery": 2,
    "Wind": 2,
    "Solar": 2
  }
}
2026-07-25 04:26:14,078 INFO [energy_monitor_core.module.ina] Polled module snapshot: {
  "module": "ina",
  "updated_at": "2026-07-25T03:26:14.077732",
  "status": "running",
  "device_count": 2,
  "sensor_count": 6,
  "sensor_types": {
    "Battery": 2,
    "Wind": 2,
    "Solar": 2
  }
}
2026-07-25 04:26:19,084 INFO [energy_monitor_core.module.ina] Polled module snapshot: {
  "module": "ina",
  "updated_at": "2026-07-25T03:26:19.083951",
  "status": "running",
  "device_count": 2,
  "sensor_count": 6,
  "sensor_types": {
    "Battery": 2,
    "Wind": 2,
    "Solar": 2
  }
}
2026-07-25 04:26:24,091 INFO [energy_monitor_core.module.ina] Polled module snapshot: {
  "module": "ina",
  "updated_at": "2026-07-25T03:26:24.091065",
  "status": "running",
  "device_count": 2,
  "sensor_count": 6,
  "sensor_types": {
    "Battery": 2,
    "Wind": 2,
    "Solar": 2
  }
}
2026-07-25 04:26:29,098 INFO [energy_monitor_core.module.ina] Polled module snapshot: {
  "module": "ina",
  "updated_at": "2026-07-25T03:26:29.097043",
  "status": "running",
  "device_count": 2,
  "sensor_count": 6,
  "sensor_types": {
    "Battery": 2,
    "Wind": 2,
    "Solar": 2
  }
}
2026-07-25 04:26:34,101 INFO [energy_monitor_core.module.ina] Polled module snapshot: {
  "module": "ina",
  "updated_at": "2026-07-25T03:26:34.101460",
  "status": "running",
  "device_count": 2,
  "sensor_count": 6,
  "sensor_types": {
    "Battery": 2,
    "Wind": 2,
    "Solar": 2
  }
}
2026-07-25 04:26:39,107 INFO [energy_monitor_core.module.ina] Polled module snapshot: {
  "module": "ina",
  "updated_at": "2026-07-25T03:26:39.106728",
  "status": "running",
  "device_count": 2,
  "sensor_count": 6,
  "sensor_types": {
    "Battery": 2,
    "Wind": 2,
    "Solar": 2
  }
}
2026-07-25 04:26:44,113 INFO [energy_monitor_core.module.ina] Polled module snapshot: {
  "module": "ina",
  "updated_at": "2026-07-25T03:26:44.112685",
  "status": "running",
  "device_count": 2,
  "sensor_count": 6,
  "sensor_types": {
    "Battery": 2,
    "Wind": 2,
    "Solar": 2
  }
}
2026-07-25 04:26:49,117 INFO [energy_monitor_core.module.ina] Polled module snapshot: {
  "module": "ina",
  "updated_at": "2026-07-25T03:26:49.116893",
  "status": "running",
  "device_count": 2,
  "sensor_count": 6,
  "sensor_types": {
    "Battery": 2,
    "Wind": 2,
    "Solar": 2
  }
}
2026-07-25 04:26:54,122 INFO [energy_monitor_core.module.ina] Polled module snapshot: {
  "module": "ina",
  "updated_at": "2026-07-25T03:26:54.122138",
  "status": "running",
  "device_count": 2,
  "sensor_count": 6,
  "sensor_types": {
    "Battery": 2,
    "Wind": 2,
    "Solar": 2
  }
}
2026-07-25 04:26:59,128 INFO [energy_monitor_core.module.ina] Polled module snapshot: {
  "module": "ina",
  "updated_at": "2026-07-25T03:26:59.128003",
  "status": "running",
  "device_count": 2,
  "sensor_count": 6,
  "sensor_types": {
    "Battery": 2,
    "Wind": 2,
    "Solar": 2
  }
}
2026-07-25 04:27:04,136 INFO [energy_monitor_core.module.ina] Polled module snapshot: {
  "module": "ina",
  "updated_at": "2026-07-25T03:27:04.135891",
  "status": "running",
  "device_count": 2,
  "sensor_count": 6,
  "sensor_types": {
    "Battery": 2,
    "Wind": 2,
    "Solar": 2
  }
}
2026-07-25 04:27:09,142 INFO [energy_monitor_core.module.ina] Polled module snapshot: {
  "module": "ina",
  "updated_at": "2026-07-25T03:27:09.141815",
  "status": "running",
  "device_count": 2,
  "sensor_count": 6,
  "sensor_types": {
    "Battery": 2,
    "Wind": 2,
    "Solar": 2
  }
}
2026-07-25 04:27:14,145 INFO [energy_monitor_core.module.ina] Polled module snapshot: {
  "module": "ina",
  "updated_at": "2026-07-25T03:27:14.145178",
  "status": "running",
  "device_count": 2,
  "sensor_count": 6,
  "sensor_types": {
    "Battery": 2,
    "Wind": 2,
    "Solar": 2
  }
}
2026-07-25 04:27:19,150 INFO [energy_monitor_core.module.ina] Polled module snapshot: {
  "module": "ina",
  "updated_at": "2026-07-25T03:27:19.150231",
  "status": "running",
  "device_count": 2,
  "sensor_count": 6,
  "sensor_types": {
    "Battery": 2,
    "Wind": 2,
    "Solar": 2
  }
}
2026-07-25 04:27:24,156 INFO [energy_monitor_core.module.ina] Polled module snapshot: {
  "module": "ina",
  "updated_at": "2026-07-25T03:27:24.155927",
  "status": "running",
  "device_count": 2,
  "sensor_count": 6,
  "sensor_types": {
    "Battery": 2,
    "Wind": 2,
    "Solar": 2
  }
}
2026-07-25 04:27:29,163 INFO [energy_monitor_core.module.ina] Polled module snapshot: {
  "module": "ina",
  "updated_at": "2026-07-25T03:27:29.162844",
  "status": "running",
  "device_count": 2,
  "sensor_count": 6,
  "sensor_types": {
    "Battery": 2,
    "Wind": 2,
    "Solar": 2
  }
}
2026-07-25 04:27:34,171 INFO [energy_monitor_core.module.ina] Polled module snapshot: {
  "module": "ina",
  "updated_at": "2026-07-25T03:27:34.171559",
  "status": "running",
  "device_count": 2,
  "sensor_count": 6,
  "sensor_types": {
    "Battery": 2,
    "Wind": 2,
    "Solar": 2
  }
}
2026-07-25 04:27:39,178 INFO [energy_monitor_core.module.ina] Polled module snapshot: {
  "module": "ina",
  "updated_at": "2026-07-25T03:27:39.178118",
  "status": "running",
  "device_count": 2,
  "sensor_count": 6,
  "sensor_types": {
    "Battery": 2,
    "Wind": 2,
    "Solar": 2
  }
}
2026-07-25 04:27:44,186 INFO [energy_monitor_core.module.ina] Polled module snapshot: {
  "module": "ina",
  "updated_at": "2026-07-25T03:27:44.185948",
  "status": "running",
  "device_count": 2,
  "sensor_count": 6,
  "sensor_types": {
    "Battery": 2,
    "Wind": 2,
    "Solar": 2
  }
}
2026-07-25 04:27:49,194 INFO [energy_monitor_core.module.ina] Polled module snapshot: {
  "module": "ina",
  "updated_at": "2026-07-25T03:27:49.194628",
  "status": "running",
  "device_count": 2,
  "sensor_count": 6,
  "sensor_types": {
    "Battery": 2,
    "Wind": 2,
    "Solar": 2
  }
}
2026-07-25 04:27:54,211 INFO [energy_monitor_core.module.ina] Polled module snapshot: {
  "module": "ina",
  "updated_at": "2026-07-25T03:27:54.203560",
  "status": "running",
  "device_count": 2,
  "sensor_count": 6,
  "sensor_types": {
    "Battery": 2,
    "Wind": 2,
    "Solar": 2
  }
}
2026-07-25 04:27:59,221 INFO [energy_monitor_core.module.ina] Polled module snapshot: {
  "module": "ina",
  "updated_at": "2026-07-25T03:27:59.220651",
  "status": "running",
  "device_count": 2,
  "sensor_count": 6,
  "sensor_types": {
    "Battery": 2,
    "Wind": 2,
    "Solar": 2
  }
}
2026-07-25 04:28:04,228 INFO [energy_monitor_core.module.ina] Polled module snapshot: {
  "module": "ina",
  "updated_at": "2026-07-25T03:28:04.228506",
  "status": "running",
  "device_count": 2,
  "sensor_count": 6,
  "sensor_types": {
    "Battery": 2,
    "Wind": 2,
    "Solar": 2
  }
}
2026-07-25 04:28:09,235 INFO [energy_monitor_core.module.ina] Polled module snapshot: {
  "module": "ina",
  "updated_at": "2026-07-25T03:28:09.235334",
  "status": "running",
  "device_count": 2,
  "sensor_count": 6,
  "sensor_types": {
    "Battery": 2,
    "Wind": 2,
    "Solar": 2
  }
}
2026-07-25 04:28:14,244 INFO [energy_monitor_core.module.ina] Polled module snapshot: {
  "module": "ina",
  "updated_at": "2026-07-25T03:28:14.243881",
  "status": "running",
  "device_count": 2,
  "sensor_count": 6,
  "sensor_types": {
    "Battery": 2,
    "Wind": 2,
    "Solar": 2
  }
}
2026-07-25 04:28:19,251 INFO [energy_monitor_core.module.ina] Polled module snapshot: {
  "module": "ina",
  "updated_at": "2026-07-25T03:28:19.251440",
  "status": "running",
  "device_count": 2,
  "sensor_count": 6,
  "sensor_types": {
    "Battery": 2,
    "Wind": 2,
    "Solar": 2
  }
}
2026-07-25 04:28:24,265 INFO [energy_monitor_core.module.ina] Polled module snapshot: {
  "module": "ina",
  "updated_at": "2026-07-25T03:28:24.264595",
  "status": "running",
  "device_count": 2,
  "sensor_count": 6,
  "sensor_types": {
    "Battery": 2,
    "Wind": 2,
    "Solar": 2
  }
}
2026-07-25 04:28:29,274 INFO [energy_monitor_core.module.ina] Polled module snapshot: {
  "module": "ina",
  "updated_at": "2026-07-25T03:28:29.273214",
  "status": "running",
  "device_count": 2,
  "sensor_count": 6,
  "sensor_types": {
    "Battery": 2,
    "Wind": 2,
    "Solar": 2
  }
}
2026-07-25 04:28:34,280 INFO [energy_monitor_core.module.ina] Polled module snapshot: {
  "module": "ina",
  "updated_at": "2026-07-25T03:28:34.280170",
  "status": "running",
  "device_count": 2,
  "sensor_count": 6,
  "sensor_types": {
    "Battery": 2,
    "Wind": 2,
    "Solar": 2
  }
}
2026-07-25 04:28:39,288 INFO [energy_monitor_core.module.ina] Polled module snapshot: {
  "module": "ina",
  "updated_at": "2026-07-25T03:28:39.288524",
  "status": "running",
  "device_count": 2,
  "sensor_count": 6,
  "sensor_types": {
    "Battery": 2,
    "Wind": 2,
    "Solar": 2
  }
}
2026-07-25 04:28:44,295 INFO [energy_monitor_core.module.ina] Polled module snapshot: {
  "module": "ina",
  "updated_at": "2026-07-25T03:28:44.295335",
  "status": "running",
  "device_count": 2,
  "sensor_count": 6,
  "sensor_types": {
    "Battery": 2,
    "Wind": 2,
    "Solar": 2
  }
}
2026-07-25 04:28:49,301 INFO [energy_monitor_core.module.ina] Polled module snapshot: {
  "module": "ina",
  "updated_at": "2026-07-25T03:28:49.301245",
  "status": "running",
  "device_count": 2,
  "sensor_count": 6,
  "sensor_types": {
    "Battery": 2,
    "Wind": 2,
    "Solar": 2
  }
}
2026-07-25 04:28:54,304 INFO [energy_monitor_core.module.ina] Polled module snapshot: {
  "module": "ina",
  "updated_at": "2026-07-25T03:28:54.304616",
  "status": "running",
  "device_count": 2,
  "sensor_count": 6,
  "sensor_types": {
    "Battery": 2,
    "Wind": 2,
    "Solar": 2
  }
}
2026-07-25 04:29:06,450 INFO [energy_monitor_core.module.ina] Module runtime started
2026-07-25 04:29:06,462 INFO [energy_monitor_core.module.ina] Polled module snapshot: {
  "module": "ina",
  "updated_at": "2026-07-25T03:29:06.461733",
  "status": "running",
  "device_count": 2,
  "sensor_count": 6,
  "sensor_types": {
    "Battery": 2,
    "Wind": 2,
    "Solar": 2
  }
}
2026-07-25 04:29:11,470 INFO [energy_monitor_core.module.ina] Polled module snapshot: {
  "module": "ina",
  "updated_at": "2026-07-25T03:29:11.470097",
  "status": "running",
  "device_count": 2,
  "sensor_count": 6,
  "sensor_types": {
    "Battery": 2,
    "Wind": 2,
    "Solar": 2
  }
}
2026-07-25 04:29:16,477 INFO [energy_monitor_core.module.ina] Polled module snapshot: {
  "module": "ina",
  "updated_at": "2026-07-25T03:29:16.476850",
  "status": "running",
  "device_count": 2,
  "sensor_count": 6,
  "sensor_types": {
    "Battery": 2,
    "Wind": 2,
    "Solar": 2
  }
}
2026-07-25 04:29:21,481 INFO [energy_monitor_core.module.ina] Polled module snapshot: {
  "module": "ina",
  "updated_at": "2026-07-25T03:29:21.480776",
  "status": "running",
  "device_count": 2,
  "sensor_count": 6,
  "sensor_types": {
    "Battery": 2,
    "Wind": 2,
    "Solar": 2
  }
}
2026-07-25 04:29:26,490 INFO [energy_monitor_core.module.ina] Polled module snapshot: {
  "module": "ina",
  "updated_at": "2026-07-25T03:29:26.490538",
  "status": "running",
  "device_count": 2,
  "sensor_count": 6,
  "sensor_types": {
    "Battery": 2,
    "Wind": 2,
    "Solar": 2
  }
}
2026-07-25 04:29:31,498 INFO [energy_monitor_core.module.ina] Polled module snapshot: {
  "module": "ina",
  "updated_at": "2026-07-25T03:29:31.498042",
  "status": "running",
  "device_count": 2,
  "sensor_count": 6,
  "sensor_types": {
    "Battery": 2,
    "Wind": 2,
    "Solar": 2
  }
}
2026-07-25 04:29:36,506 INFO [energy_monitor_core.module.ina] Polled module snapshot: {
  "module": "ina",
  "updated_at": "2026-07-25T03:29:36.505790",
  "status": "running",
  "device_count": 2,
  "sensor_count": 6,
  "sensor_types": {
    "Battery": 2,
    "Wind": 2,
    "Solar": 2
  }
}
2026-07-25 04:29:41,513 INFO [energy_monitor_core.module.ina] Polled module snapshot: {
  "module": "ina",
  "updated_at": "2026-07-25T03:29:41.513151",
  "status": "running",
  "device_count": 2,
  "sensor_count": 6,
  "sensor_types": {
    "Battery": 2,
    "Wind": 2,
    "Solar": 2
  }
}
2026-07-25 04:29:46,520 INFO [energy_monitor_core.module.ina] Polled module snapshot: {
  "module": "ina",
  "updated_at": "2026-07-25T03:29:46.519726",
  "status": "running",
  "device_count": 2,
  "sensor_count": 6,
  "sensor_types": {
    "Battery": 2,
    "Wind": 2,
    "Solar": 2
  }
}
2026-07-25 04:29:51,528 INFO [energy_monitor_core.module.ina] Polled module snapshot: {
  "module": "ina",
  "updated_at": "2026-07-25T03:29:51.527958",
  "status": "running",
  "device_count": 2,
  "sensor_count": 6,
  "sensor_types": {
    "Battery": 2,
    "Wind": 2,
    "Solar": 2
  }
}
2026-07-25 04:29:56,538 INFO [energy_monitor_core.module.ina] Polled module snapshot: {
  "module": "ina",
  "updated_at": "2026-07-25T03:29:56.538218",
  "status": "running",
  "device_count": 2,
  "sensor_count": 6,
  "sensor_types": {
    "Battery": 2,
    "Wind": 2,
    "Solar": 2
  }
}
2026-07-25 04:30:01,545 INFO [energy_monitor_core.module.ina] Polled module snapshot: {
  "module": "ina",
  "updated_at": "2026-07-25T03:30:01.545550",
  "status": "running",
  "device_count": 2,
  "sensor_count": 6,
  "sensor_types": {
    "Battery": 2,
    "Wind": 2,
    "Solar": 2
  }
}
2026-07-25 04:30:06,554 INFO [energy_monitor_core.module.ina] Polled module snapshot: {
  "module": "ina",
  "updated_at": "2026-07-25T03:30:06.554184",
  "status": "running",
  "device_count": 2,
  "sensor_count": 6,
  "sensor_types": {
    "Battery": 2,
    "Wind": 2,
    "Solar": 2
  }
}
2026-07-25 04:30:11,559 INFO [energy_monitor_core.module.ina] Polled module snapshot: {
  "module": "ina",
  "updated_at": "2026-07-25T03:30:11.559679",
  "status": "running",
  "device_count": 2,
  "sensor_count": 6,
  "sensor_types": {
    "Battery": 2,
    "Wind": 2,
    "Solar": 2
  }
}
2026-07-25 04:30:16,565 INFO [energy_monitor_core.module.ina] Polled module snapshot: {
  "module": "ina",
  "updated_at": "2026-07-25T03:30:16.565589",
  "status": "running",
  "device_count": 2,
  "sensor_count": 6,
  "sensor_types": {
    "Battery": 2,
    "Wind": 2,
    "Solar": 2
  }
}
2026-07-25 04:30:21,576 INFO [energy_monitor_core.module.ina] Polled module snapshot: {
  "module": "ina",
  "updated_at": "2026-07-25T03:30:21.575668",
  "status": "running",
  "device_count": 2,
  "sensor_count": 6,
  "sensor_types": {
    "Battery": 2,
    "Wind": 2,
    "Solar": 2
  }
}
2026-07-25 04:30:26,582 INFO [energy_monitor_core.module.ina] Polled module snapshot: {
  "module": "ina",
  "updated_at": "2026-07-25T03:30:26.581859",
  "status": "running",
  "device_count": 2,
  "sensor_count": 6,
  "sensor_types": {
    "Battery": 2,
    "Wind": 2,
    "Solar": 2
  }
}
2026-07-25 04:30:31,590 INFO [energy_monitor_core.module.ina] Polled module snapshot: {
  "module": "ina",
  "updated_at": "2026-07-25T03:30:31.590077",
  "status": "running",
  "device_count": 2,
  "sensor_count": 6,
  "sensor_types": {
    "Battery": 2,
    "Wind": 2,
    "Solar": 2
  }
}
2026-07-25 04:30:36,598 INFO [energy_monitor_core.module.ina] Polled module snapshot: {
  "module": "ina",
  "updated_at": "2026-07-25T03:30:36.597748",
  "status": "running",
  "device_count": 2,
  "sensor_count": 6,
  "sensor_types": {
    "Battery": 2,
    "Wind": 2,
    "Solar": 2
  }
}
2026-07-25 04:30:41,604 INFO [energy_monitor_core.module.ina] Polled module snapshot: {
  "module": "ina",
  "updated_at": "2026-07-25T03:30:41.604232",
  "status": "running",
  "device_count": 2,
  "sensor_count": 6,
  "sensor_types": {
    "Battery": 2,
    "Wind": 2,
    "Solar": 2
  }
}
2026-07-25 04:30:46,613 INFO [energy_monitor_core.module.ina] Polled module snapshot: {
  "module": "ina",
  "updated_at": "2026-07-25T03:30:46.613265",
  "status": "running",
  "device_count": 2,
  "sensor_count": 6,
  "sensor_types": {
    "Battery": 2,
    "Wind": 2,
    "Solar": 2
  }
}
2026-07-25 04:30:51,622 INFO [energy_monitor_core.module.ina] Polled module snapshot: {
  "module": "ina",
  "updated_at": "2026-07-25T03:30:51.621749",
  "status": "running",
  "device_count": 2,
  "sensor_count": 6,
  "sensor_types": {
    "Battery": 2,
    "Wind": 2,
    "Solar": 2
  }
}
2026-07-25 04:30:56,631 INFO [energy_monitor_core.module.ina] Polled module snapshot: {
  "module": "ina",
  "updated_at": "2026-07-25T03:30:56.631503",
  "status": "running",
  "device_count": 2,
  "sensor_count": 6,
  "sensor_types": {
    "Battery": 2,
    "Wind": 2,
    "Solar": 2
  }
}
2026-07-25 04:31:01,640 INFO [energy_monitor_core.module.ina] Polled module snapshot: {
  "module": "ina",
  "updated_at": "2026-07-25T03:31:01.640024",
  "status": "running",
  "device_count": 2,
  "sensor_count": 6,
  "sensor_types": {
    "Battery": 2,
    "Wind": 2,
    "Solar": 2
  }
}
2026-07-25 04:31:06,648 INFO [energy_monitor_core.module.ina] Polled module snapshot: {
  "module": "ina",
  "updated_at": "2026-07-25T03:31:06.648341",
  "status": "running",
  "device_count": 2,
  "sensor_count": 6,
  "sensor_types": {
    "Battery": 2,
    "Wind": 2,
    "Solar": 2
  }
}
2026-07-25 04:31:11,655 INFO [energy_monitor_core.module.ina] Polled module snapshot: {
  "module": "ina",
  "updated_at": "2026-07-25T03:31:11.655519",
  "status": "running",
  "device_count": 2,
  "sensor_count": 6,
  "sensor_types": {
    "Battery": 2,
    "Wind": 2,
    "Solar": 2
  }
}
2026-07-25 04:31:16,666 INFO [energy_monitor_core.module.ina] Polled module snapshot: {
  "module": "ina",
  "updated_at": "2026-07-25T03:31:16.666238",
  "status": "running",
  "device_count": 2,
  "sensor_count": 6,
  "sensor_types": {
    "Battery": 2,
    "Wind": 2,
    "Solar": 2
  }
}
2026-07-25 04:31:21,676 INFO [energy_monitor_core.module.ina] Polled module snapshot: {
  "module": "ina",
  "updated_at": "2026-07-25T03:31:21.675914",
  "status": "running",
  "device_count": 2,
  "sensor_count": 6,
  "sensor_types": {
    "Battery": 2,
    "Wind": 2,
    "Solar": 2
  }
}
2026-07-25 04:31:26,684 INFO [energy_monitor_core.module.ina] Polled module snapshot: {
  "module": "ina",
  "updated_at": "2026-07-25T03:31:26.684450",
  "status": "running",
  "device_count": 2,
  "sensor_count": 6,
  "sensor_types": {
    "Battery": 2,
    "Wind": 2,
    "Solar": 2
  }
}
2026-07-25 04:31:31,693 INFO [energy_monitor_core.module.ina] Polled module snapshot: {
  "module": "ina",
  "updated_at": "2026-07-25T03:31:31.693128",
  "status": "running",
  "device_count": 2,
  "sensor_count": 6,
  "sensor_types": {
    "Battery": 2,
    "Wind": 2,
    "Solar": 2
  }
}
2026-07-25 04:31:36,702 INFO [energy_monitor_core.module.ina] Polled module snapshot: {
  "module": "ina",
  "updated_at": "2026-07-25T03:31:36.701982",
  "status": "running",
  "device_count": 2,
  "sensor_count": 6,
  "sensor_types": {
    "Battery": 2,
    "Wind": 2,
    "Solar": 2
  }
}
2026-07-25 04:31:41,710 INFO [energy_monitor_core.module.ina] Polled module snapshot: {
  "module": "ina",
  "updated_at": "2026-07-25T03:31:41.710170",
  "status": "running",
  "device_count": 2,
  "sensor_count": 6,
  "sensor_types": {
    "Battery": 2,
    "Wind": 2,
    "Solar": 2
  }
}
2026-07-25 04:31:46,720 INFO [energy_monitor_core.module.ina] Polled module snapshot: {
  "module": "ina",
  "updated_at": "2026-07-25T03:31:46.720113",
  "status": "running",
  "device_count": 2,
  "sensor_count": 6,
  "sensor_types": {
    "Battery": 2,
    "Wind": 2,
    "Solar": 2
  }
}
2026-07-25 04:31:51,730 INFO [energy_monitor_core.module.ina] Polled module snapshot: {
  "module": "ina",
  "updated_at": "2026-07-25T03:31:51.730649",
  "status": "running",
  "device_count": 2,
  "sensor_count": 6,
  "sensor_types": {
    "Battery": 2,
    "Wind": 2,
    "Solar": 2
  }
}
2026-07-25 04:31:56,739 INFO [energy_monitor_core.module.ina] Polled module snapshot: {
  "module": "ina",
  "updated_at": "2026-07-25T03:31:56.739349",
  "status": "running",
  "device_count": 2,
  "sensor_count": 6,
  "sensor_types": {
    "Battery": 2,
    "Wind": 2,
    "Solar": 2
  }
}
2026-07-25 04:32:01,748 INFO [energy_monitor_core.module.ina] Polled module snapshot: {
  "module": "ina",
  "updated_at": "2026-07-25T03:32:01.748002",
  "status": "running",
  "device_count": 2,
  "sensor_count": 6,
  "sensor_types": {
    "Battery": 2,
    "Wind": 2,
    "Solar": 2
  }
}
2026-07-25 04:32:06,756 INFO [energy_monitor_core.module.ina] Polled module snapshot: {
  "module": "ina",
  "updated_at": "2026-07-25T03:32:06.755663",
  "status": "running",
  "device_count": 2,
  "sensor_count": 6,
  "sensor_types": {
    "Battery": 2,
    "Wind": 2,
    "Solar": 2
  }
}
2026-07-25 04:32:11,765 INFO [energy_monitor_core.module.ina] Polled module snapshot: {
  "module": "ina",
  "updated_at": "2026-07-25T03:32:11.765118",
  "status": "running",
  "device_count": 2,
  "sensor_count": 6,
  "sensor_types": {
    "Battery": 2,
    "Wind": 2,
    "Solar": 2
  }
}
2026-07-25 04:32:16,773 INFO [energy_monitor_core.module.ina] Polled module snapshot: {
  "module": "ina",
  "updated_at": "2026-07-25T03:32:16.773511",
  "status": "running",
  "device_count": 2,
  "sensor_count": 6,
  "sensor_types": {
    "Battery": 2,
    "Wind": 2,
    "Solar": 2
  }
}
2026-07-25 04:32:21,780 INFO [energy_monitor_core.module.ina] Polled module snapshot: {
  "module": "ina",
  "updated_at": "2026-07-25T03:32:21.779842",
  "status": "running",
  "device_count": 2,
  "sensor_count": 6,
  "sensor_types": {
    "Battery": 2,
    "Wind": 2,
    "Solar": 2
  }
}
2026-07-25 04:32:26,793 INFO [energy_monitor_core.module.ina] Polled module snapshot: {
  "module": "ina",
  "updated_at": "2026-07-25T03:32:26.793122",
  "status": "running",
  "device_count": 2,
  "sensor_count": 6,
  "sensor_types": {
    "Battery": 2,
    "Wind": 2,
    "Solar": 2
  }
}
2026-07-25 04:32:31,803 INFO [energy_monitor_core.module.ina] Polled module snapshot: {
  "module": "ina",
  "updated_at": "2026-07-25T03:32:31.803114",
  "status": "running",
  "device_count": 2,
  "sensor_count": 6,
  "sensor_types": {
    "Battery": 2,
    "Wind": 2,
    "Solar": 2
  }
}
2026-07-25 04:32:36,820 INFO [energy_monitor_core.module.ina] Polled module snapshot: {
  "module": "ina",
  "updated_at": "2026-07-25T03:32:36.820301",
  "status": "running",
  "device_count": 2,
  "sensor_count": 6,
  "sensor_types": {
    "Battery": 2,
    "Wind": 2,
    "Solar": 2
  }
}
2026-07-25 04:32:41,827 INFO [energy_monitor_core.module.ina] Polled module snapshot: {
  "module": "ina",
  "updated_at": "2026-07-25T03:32:41.827415",
  "status": "running",
  "device_count": 2,
  "sensor_count": 6,
  "sensor_types": {
    "Battery": 2,
    "Wind": 2,
    "Solar": 2
  }
}
2026-07-25 04:32:46,835 INFO [energy_monitor_core.module.ina] Polled module snapshot: {
  "module": "ina",
  "updated_at": "2026-07-25T03:32:46.834901",
  "status": "running",
  "device_count": 2,
  "sensor_count": 6,
  "sensor_types": {
    "Battery": 2,
    "Wind": 2,
    "Solar": 2
  }
}
2026-07-25 04:32:51,844 INFO [energy_monitor_core.module.ina] Polled module snapshot: {
  "module": "ina",
  "updated_at": "2026-07-25T03:32:51.843930",
  "status": "running",
  "device_count": 2,
  "sensor_count": 6,
  "sensor_types": {
    "Battery": 2,
    "Wind": 2,
    "Solar": 2
  }
}
2026-07-25 04:32:56,850 INFO [energy_monitor_core.module.ina] Polled module snapshot: {
  "module": "ina",
  "updated_at": "2026-07-25T03:32:56.850236",
  "status": "running",
  "device_count": 2,
  "sensor_count": 6,
  "sensor_types": {
    "Battery": 2,
    "Wind": 2,
    "Solar": 2
  }
}
2026-07-25 04:33:01,856 INFO [energy_monitor_core.module.ina] Polled module snapshot: {
  "module": "ina",
  "updated_at": "2026-07-25T03:33:01.856527",
  "status": "running",
  "device_count": 2,
  "sensor_count": 6,
  "sensor_types": {
    "Battery": 2,
    "Wind": 2,
    "Solar": 2
  }
}
2026-07-25 04:33:06,867 INFO [energy_monitor_core.module.ina] Polled module snapshot: {
  "module": "ina",
  "updated_at": "2026-07-25T03:33:06.867198",
  "status": "running",
  "device_count": 2,
  "sensor_count": 6,
  "sensor_types": {
    "Battery": 2,
    "Wind": 2,
    "Solar": 2
  }
}
2026-07-25 04:33:11,874 INFO [energy_monitor_core.module.ina] Polled module snapshot: {
  "module": "ina",
  "updated_at": "2026-07-25T03:33:11.874534",
  "status": "running",
  "device_count": 2,
  "sensor_count": 6,
  "sensor_types": {
    "Battery": 2,
    "Wind": 2,
    "Solar": 2
  }
}
2026-07-25 04:33:16,881 INFO [energy_monitor_core.module.ina] Polled module snapshot: {
  "module": "ina",
  "updated_at": "2026-07-25T03:33:16.881602",
  "status": "running",
  "device_count": 2,
  "sensor_count": 6,
  "sensor_types": {
    "Battery": 2,
    "Wind": 2,
    "Solar": 2
  }
}
2026-07-25 04:33:21,888 INFO [energy_monitor_core.module.ina] Polled module snapshot: {
  "module": "ina",
  "updated_at": "2026-07-25T03:33:21.888023",
  "status": "running",
  "device_count": 2,
  "sensor_count": 6,
  "sensor_types": {
    "Battery": 2,
    "Wind": 2,
    "Solar": 2
  }
}
2026-07-25 04:33:26,895 INFO [energy_monitor_core.module.ina] Polled module snapshot: {
  "module": "ina",
  "updated_at": "2026-07-25T03:33:26.894958",
  "status": "running",
  "device_count": 2,
  "sensor_count": 6,
  "sensor_types": {
    "Battery": 2,
    "Wind": 2,
    "Solar": 2
  }
}
2026-07-25 04:33:31,906 INFO [energy_monitor_core.module.ina] Polled module snapshot: {
  "module": "ina",
  "updated_at": "2026-07-25T03:33:31.905568",
  "status": "running",
  "device_count": 2,
  "sensor_count": 6,
  "sensor_types": {
    "Battery": 2,
    "Wind": 2,
    "Solar": 2
  }
}
2026-07-25 04:33:36,919 INFO [energy_monitor_core.module.ina] Polled module snapshot: {
  "module": "ina",
  "updated_at": "2026-07-25T03:33:36.918519",
  "status": "running",
  "device_count": 2,
  "sensor_count": 6,
  "sensor_types": {
    "Battery": 2,
    "Wind": 2,
    "Solar": 2
  }
}
2026-07-25 04:33:41,925 INFO [energy_monitor_core.module.ina] Polled module snapshot: {
  "module": "ina",
  "updated_at": "2026-07-25T03:33:41.925390",
  "status": "running",
  "device_count": 2,
  "sensor_count": 6,
  "sensor_types": {
    "Battery": 2,
    "Wind": 2,
    "Solar": 2
  }
}
2026-07-25 04:33:46,930 INFO [energy_monitor_core.module.ina] Polled module snapshot: {
  "module": "ina",
  "updated_at": "2026-07-25T03:33:46.930043",
  "status": "running",
  "device_count": 2,
  "sensor_count": 6,
  "sensor_types": {
    "Battery": 2,
    "Wind": 2,
    "Solar": 2
  }
}
2026-07-25 04:33:51,938 INFO [energy_monitor_core.module.ina] Polled module snapshot: {
  "module": "ina",
  "updated_at": "2026-07-25T03:33:51.936775",
  "status": "running",
  "device_count": 2,
  "sensor_count": 6,
  "sensor_types": {
    "Battery": 2,
    "Wind": 2,
    "Solar": 2
  }
}
2026-07-25 04:33:56,945 INFO [energy_monitor_core.module.ina] Polled module snapshot: {
  "module": "ina",
  "updated_at": "2026-07-25T03:33:56.944736",
  "status": "running",
  "device_count": 2,
  "sensor_count": 6,
  "sensor_types": {
    "Battery": 2,
    "Wind": 2,
    "Solar": 2
  }
}
2026-07-25 04:34:01,952 INFO [energy_monitor_core.module.ina] Polled module snapshot: {
  "module": "ina",
  "updated_at": "2026-07-25T03:34:01.951953",
  "status": "running",
  "device_count": 2,
  "sensor_count": 6,
  "sensor_types": {
    "Battery": 2,
    "Wind": 2,
    "Solar": 2
  }
}
2026-07-25 04:34:06,973 INFO [energy_monitor_core.module.ina] Polled module snapshot: {
  "module": "ina",
  "updated_at": "2026-07-25T03:34:06.973291",
  "status": "running",
  "device_count": 2,
  "sensor_count": 6,
  "sensor_types": {
    "Battery": 2,
    "Wind": 2,
    "Solar": 2
  }
}
2026-07-25 04:34:11,980 INFO [energy_monitor_core.module.ina] Polled module snapshot: {
  "module": "ina",
  "updated_at": "2026-07-25T03:34:11.979820",
  "status": "running",
  "device_count": 2,
  "sensor_count": 6,
  "sensor_types": {
    "Battery": 2,
    "Wind": 2,
    "Solar": 2
  }
}
2026-07-25 04:34:16,986 INFO [energy_monitor_core.module.ina] Polled module snapshot: {
  "module": "ina",
  "updated_at": "2026-07-25T03:34:16.986121",
  "status": "running",
  "device_count": 2,
  "sensor_count": 6,
  "sensor_types": {
    "Battery": 2,
    "Wind": 2,
    "Solar": 2
  }
}
2026-07-25 04:34:21,992 INFO [energy_monitor_core.module.ina] Polled module snapshot: {
  "module": "ina",
  "updated_at": "2026-07-25T03:34:21.992305",
  "status": "running",
  "device_count": 2,
  "sensor_count": 6,
  "sensor_types": {
    "Battery": 2,
    "Wind": 2,
    "Solar": 2
  }
}
2026-07-25 04:34:27,000 INFO [energy_monitor_core.module.ina] Polled module snapshot: {
  "module": "ina",
  "updated_at": "2026-07-25T03:34:27.000203",
  "status": "running",
  "device_count": 2,
  "sensor_count": 6,
  "sensor_types": {
    "Battery": 2,
    "Wind": 2,
    "Solar": 2
  }
}
2026-07-25 04:34:32,009 INFO [energy_monitor_core.module.ina] Polled module snapshot: {
  "module": "ina",
  "updated_at": "2026-07-25T03:34:32.008738",
  "status": "running",
  "device_count": 2,
  "sensor_count": 6,
  "sensor_types": {
    "Battery": 2,
    "Wind": 2,
    "Solar": 2
  }
}
2026-07-25 04:34:37,018 INFO [energy_monitor_core.module.ina] Polled module snapshot: {
  "module": "ina",
  "updated_at": "2026-07-25T03:34:37.017993",
  "status": "running",
  "device_count": 2,
  "sensor_count": 6,
  "sensor_types": {
    "Battery": 2,
    "Wind": 2,
    "Solar": 2
  }
}
2026-07-25 04:34:42,029 INFO [energy_monitor_core.module.ina] Polled module snapshot: {
  "module": "ina",
  "updated_at": "2026-07-25T03:34:42.028721",
  "status": "running",
  "device_count": 2,
  "sensor_count": 6,
  "sensor_types": {
    "Battery": 2,
    "Wind": 2,
    "Solar": 2
  }
}
2026-07-25 04:34:47,039 INFO [energy_monitor_core.module.ina] Polled module snapshot: {
  "module": "ina",
  "updated_at": "2026-07-25T03:34:47.038826",
  "status": "running",
  "device_count": 2,
  "sensor_count": 6,
  "sensor_types": {
    "Battery": 2,
    "Wind": 2,
    "Solar": 2
  }
}
2026-07-25 04:34:52,048 INFO [energy_monitor_core.module.ina] Polled module snapshot: {
  "module": "ina",
  "updated_at": "2026-07-25T03:34:52.047786",
  "status": "running",
  "device_count": 2,
  "sensor_count": 6,
  "sensor_types": {
    "Battery": 2,
    "Wind": 2,
    "Solar": 2
  }
}
2026-07-25 04:34:57,059 INFO [energy_monitor_core.module.ina] Polled module snapshot: {
  "module": "ina",
  "updated_at": "2026-07-25T03:34:57.058913",
  "status": "running",
  "device_count": 2,
  "sensor_count": 6,
  "sensor_types": {
    "Battery": 2,
    "Wind": 2,
    "Solar": 2
  }
}
2026-07-25 04:35:02,066 INFO [energy_monitor_core.module.ina] Polled module snapshot: {
  "module": "ina",
  "updated_at": "2026-07-25T03:35:02.065915",
  "status": "running",
  "device_count": 2,
  "sensor_count": 6,
  "sensor_types": {
    "Battery": 2,
    "Wind": 2,
    "Solar": 2
  }
}
2026-07-25 04:35:07,069 INFO [energy_monitor_core.module.ina] Polled module snapshot: {
  "module": "ina",
  "updated_at": "2026-07-25T03:35:07.069590",
  "status": "running",
  "device_count": 2,
  "sensor_count": 6,
  "sensor_types": {
    "Battery": 2,
    "Wind": 2,
    "Solar": 2
  }
}
2026-07-25 04:35:12,075 INFO [energy_monitor_core.module.ina] Polled module snapshot: {
  "module": "ina",
  "updated_at": "2026-07-25T03:35:12.075188",
  "status": "running",
  "device_count": 2,
  "sensor_count": 6,
  "sensor_types": {
    "Battery": 2,
    "Wind": 2,
    "Solar": 2
  }
}
2026-07-25 04:35:17,082 INFO [energy_monitor_core.module.ina] Polled module snapshot: {
  "module": "ina",
  "updated_at": "2026-07-25T03:35:17.081642",
  "status": "running",
  "device_count": 2,
  "sensor_count": 6,
  "sensor_types": {
    "Battery": 2,
    "Wind": 2,
    "Solar": 2
  }
}
2026-07-25 04:35:22,090 INFO [energy_monitor_core.module.ina] Polled module snapshot: {
  "module": "ina",
  "updated_at": "2026-07-25T03:35:22.090532",
  "status": "running",
  "device_count": 2,
  "sensor_count": 6,
  "sensor_types": {
    "Battery": 2,
    "Wind": 2,
    "Solar": 2
  }
}
2026-07-25 04:35:27,099 INFO [energy_monitor_core.module.ina] Polled module snapshot: {
  "module": "ina",
  "updated_at": "2026-07-25T03:35:27.099417",
  "status": "running",
  "device_count": 2,
  "sensor_count": 6,
  "sensor_types": {
    "Battery": 2,
    "Wind": 2,
    "Solar": 2
  }
}
2026-07-25 04:35:32,106 INFO [energy_monitor_core.module.ina] Polled module snapshot: {
  "module": "ina",
  "updated_at": "2026-07-25T03:35:32.106470",
  "status": "running",
  "device_count": 2,
  "sensor_count": 6,
  "sensor_types": {
    "Battery": 2,
    "Wind": 2,
    "Solar": 2
  }
}
2026-07-25 04:35:37,126 INFO [energy_monitor_core.module.ina] Polled module snapshot: {
  "module": "ina",
  "updated_at": "2026-07-25T03:35:37.118919",
  "status": "running",
  "device_count": 2,
  "sensor_count": 6,
  "sensor_types": {
    "Battery": 2,
    "Wind": 2,
    "Solar": 2
  }
}
2026-07-25 04:35:42,140 INFO [energy_monitor_core.module.ina] Polled module snapshot: {
  "module": "ina",
  "updated_at": "2026-07-25T03:35:42.139903",
  "status": "running",
  "device_count": 2,
  "sensor_count": 6,
  "sensor_types": {
    "Battery": 2,
    "Wind": 2,
    "Solar": 2
  }
}
2026-07-25 04:35:47,149 INFO [energy_monitor_core.module.ina] Polled module snapshot: {
  "module": "ina",
  "updated_at": "2026-07-25T03:35:47.148799",
  "status": "running",
  "device_count": 2,
  "sensor_count": 6,
  "sensor_types": {
    "Battery": 2,
    "Wind": 2,
    "Solar": 2
  }
}
2026-07-25 04:35:52,157 INFO [energy_monitor_core.module.ina] Polled module snapshot: {
  "module": "ina",
  "updated_at": "2026-07-25T03:35:52.157042",
  "status": "running",
  "device_count": 2,
  "sensor_count": 6,
  "sensor_types": {
    "Battery": 2,
    "Wind": 2,
    "Solar": 2
  }
}
2026-07-25 04:35:57,167 INFO [energy_monitor_core.module.ina] Polled module snapshot: {
  "module": "ina",
  "updated_at": "2026-07-25T03:35:57.167005",
  "status": "running",
  "device_count": 2,
  "sensor_count": 6,
  "sensor_types": {
    "Battery": 2,
    "Wind": 2,
    "Solar": 2
  }
}
2026-07-25 04:36:02,175 INFO [energy_monitor_core.module.ina] Polled module snapshot: {
  "module": "ina",
  "updated_at": "2026-07-25T03:36:02.175148",
  "status": "running",
  "device_count": 2,
  "sensor_count": 6,
  "sensor_types": {
    "Battery": 2,
    "Wind": 2,
    "Solar": 2
  }
}
2026-07-25 04:36:07,187 INFO [energy_monitor_core.module.ina] Polled module snapshot: {
  "module": "ina",
  "updated_at": "2026-07-25T03:36:07.187544",
  "status": "running",
  "device_count": 2,
  "sensor_count": 6,
  "sensor_types": {
    "Battery": 2,
    "Wind": 2,
    "Solar": 2
  }
}
2026-07-25 04:36:12,197 INFO [energy_monitor_core.module.ina] Polled module snapshot: {
  "module": "ina",
  "updated_at": "2026-07-25T03:36:12.196616",
  "status": "running",
  "device_count": 2,
  "sensor_count": 6,
  "sensor_types": {
    "Battery": 2,
    "Wind": 2,
    "Solar": 2
  }
}
2026-07-25 04:36:17,205 INFO [energy_monitor_core.module.ina] Polled module snapshot: {
  "module": "ina",
  "updated_at": "2026-07-25T03:36:17.204889",
  "status": "running",
  "device_count": 2,
  "sensor_count": 6,
  "sensor_types": {
    "Battery": 2,
    "Wind": 2,
    "Solar": 2
  }
}
2026-07-25 04:36:22,212 INFO [energy_monitor_core.module.ina] Polled module snapshot: {
  "module": "ina",
  "updated_at": "2026-07-25T03:36:22.212219",
  "status": "running",
  "device_count": 2,
  "sensor_count": 6,
  "sensor_types": {
    "Battery": 2,
    "Wind": 2,
    "Solar": 2
  }
}
2026-07-25 04:36:27,219 INFO [energy_monitor_core.module.ina] Polled module snapshot: {
  "module": "ina",
  "updated_at": "2026-07-25T03:36:27.219043",
  "status": "running",
  "device_count": 2,
  "sensor_count": 6,
  "sensor_types": {
    "Battery": 2,
    "Wind": 2,
    "Solar": 2
  }
}
2026-07-25 04:36:32,226 INFO [energy_monitor_core.module.ina] Polled module snapshot: {
  "module": "ina",
  "updated_at": "2026-07-25T03:36:32.225987",
  "status": "running",
  "device_count": 2,
  "sensor_count": 6,
  "sensor_types": {
    "Battery": 2,
    "Wind": 2,
    "Solar": 2
  }
}
2026-07-25 04:36:37,239 INFO [energy_monitor_core.module.ina] Polled module snapshot: {
  "module": "ina",
  "updated_at": "2026-07-25T03:36:37.237269",
  "status": "running",
  "device_count": 2,
  "sensor_count": 6,
  "sensor_types": {
    "Battery": 2,
    "Wind": 2,
    "Solar": 2
  }
}
2026-07-25 04:36:42,247 INFO [energy_monitor_core.module.ina] Polled module snapshot: {
  "module": "ina",
  "updated_at": "2026-07-25T03:36:42.247021",
  "status": "running",
  "device_count": 2,
  "sensor_count": 6,
  "sensor_types": {
    "Battery": 2,
    "Wind": 2,
    "Solar": 2
  }
}
2026-07-25 04:36:47,254 INFO [energy_monitor_core.module.ina] Polled module snapshot: {
  "module": "ina",
  "updated_at": "2026-07-25T03:36:47.254268",
  "status": "running",
  "device_count": 2,
  "sensor_count": 6,
  "sensor_types": {
    "Battery": 2,
    "Wind": 2,
    "Solar": 2
  }
}
2026-07-25 04:36:52,262 INFO [energy_monitor_core.module.ina] Polled module snapshot: {
  "module": "ina",
  "updated_at": "2026-07-25T03:36:52.261653",
  "status": "running",
  "device_count": 2,
  "sensor_count": 6,
  "sensor_types": {
    "Battery": 2,
    "Wind": 2,
    "Solar": 2
  }
}
2026-07-25 04:36:57,269 INFO [energy_monitor_core.module.ina] Polled module snapshot: {
  "module": "ina",
  "updated_at": "2026-07-25T03:36:57.268880",
  "status": "running",
  "device_count": 2,
  "sensor_count": 6,
  "sensor_types": {
    "Battery": 2,
    "Wind": 2,
    "Solar": 2
  }
}
2026-07-25 04:37:02,276 INFO [energy_monitor_core.module.ina] Polled module snapshot: {
  "module": "ina",
  "updated_at": "2026-07-25T03:37:02.275897",
  "status": "running",
  "device_count": 2,
  "sensor_count": 6,
  "sensor_types": {
    "Battery": 2,
    "Wind": 2,
    "Solar": 2
  }
}
2026-07-25 04:37:07,282 INFO [energy_monitor_core.module.ina] Polled module snapshot: {
  "module": "ina",
  "updated_at": "2026-07-25T03:37:07.282327",
  "status": "running",
  "device_count": 2,
  "sensor_count": 6,
  "sensor_types": {
    "Battery": 2,
    "Wind": 2,
    "Solar": 2
  }
}
2026-07-25 04:37:12,289 INFO [energy_monitor_core.module.ina] Polled module snapshot: {
  "module": "ina",
  "updated_at": "2026-07-25T03:37:12.288694",
  "status": "running",
  "device_count": 2,
  "sensor_count": 6,
  "sensor_types": {
    "Battery": 2,
    "Wind": 2,
    "Solar": 2
  }
}
2026-07-25 04:37:17,296 INFO [energy_monitor_core.module.ina] Polled module snapshot: {
  "module": "ina",
  "updated_at": "2026-07-25T03:37:17.296339",
  "status": "running",
  "device_count": 2,
  "sensor_count": 6,
  "sensor_types": {
    "Battery": 2,
    "Wind": 2,
    "Solar": 2
  }
}
2026-07-25 04:37:22,303 INFO [energy_monitor_core.module.ina] Polled module snapshot: {
  "module": "ina",
  "updated_at": "2026-07-25T03:37:22.302722",
  "status": "running",
  "device_count": 2,
  "sensor_count": 6,
  "sensor_types": {
    "Battery": 2,
    "Wind": 2,
    "Solar": 2
  }
}
2026-07-25 04:37:27,306 INFO [energy_monitor_core.module.ina] Polled module snapshot: {
  "module": "ina",
  "updated_at": "2026-07-25T03:37:27.306349",
  "status": "running",
  "device_count": 2,
  "sensor_count": 6,
  "sensor_types": {
    "Battery": 2,
    "Wind": 2,
    "Solar": 2
  }
}
2026-07-25 04:37:32,312 INFO [energy_monitor_core.module.ina] Polled module snapshot: {
  "module": "ina",
  "updated_at": "2026-07-25T03:37:32.312506",
  "status": "running",
  "device_count": 2,
  "sensor_count": 6,
  "sensor_types": {
    "Battery": 2,
    "Wind": 2,
    "Solar": 2
  }
}
2026-07-25 04:37:37,329 INFO [energy_monitor_core.module.ina] Polled module snapshot: {
  "module": "ina",
  "updated_at": "2026-07-25T03:37:37.320956",
  "status": "running",
  "device_count": 2,
  "sensor_count": 6,
  "sensor_types": {
    "Battery": 2,
    "Wind": 2,
    "Solar": 2
  }
}
2026-07-25 04:37:42,341 INFO [energy_monitor_core.module.ina] Polled module snapshot: {
  "module": "ina",
  "updated_at": "2026-07-25T03:37:42.341031",
  "status": "running",
  "device_count": 2,
  "sensor_count": 6,
  "sensor_types": {
    "Battery": 2,
    "Wind": 2,
    "Solar": 2
  }
}
2026-07-25 04:37:47,351 INFO [energy_monitor_core.module.ina] Polled module snapshot: {
  "module": "ina",
  "updated_at": "2026-07-25T03:37:47.350642",
  "status": "running",
  "device_count": 2,
  "sensor_count": 6,
  "sensor_types": {
    "Battery": 2,
    "Wind": 2,
    "Solar": 2
  }
}
2026-07-25 04:37:52,359 INFO [energy_monitor_core.module.ina] Polled module snapshot: {
  "module": "ina",
  "updated_at": "2026-07-25T03:37:52.358139",
  "status": "running",
  "device_count": 2,
  "sensor_count": 6,
  "sensor_types": {
    "Battery": 2,
    "Wind": 2,
    "Solar": 2
  }
}
2026-07-25 04:37:57,372 INFO [energy_monitor_core.module.ina] Polled module snapshot: {
  "module": "ina",
  "updated_at": "2026-07-25T03:37:57.371690",
  "status": "running",
  "device_count": 2,
  "sensor_count": 6,
  "sensor_types": {
    "Battery": 2,
    "Wind": 2,
    "Solar": 2
  }
}
2026-07-25 04:38:02,380 INFO [energy_monitor_core.module.ina] Polled module snapshot: {
  "module": "ina",
  "updated_at": "2026-07-25T03:38:02.380357",
  "status": "running",
  "device_count": 2,
  "sensor_count": 6,
  "sensor_types": {
    "Battery": 2,
    "Wind": 2,
    "Solar": 2
  }
}
2026-07-25 04:38:07,395 INFO [energy_monitor_core.module.ina] Polled module snapshot: {
  "module": "ina",
  "updated_at": "2026-07-25T03:38:07.394756",
  "status": "running",
  "device_count": 2,
  "sensor_count": 6,
  "sensor_types": {
    "Battery": 2,
    "Wind": 2,
    "Solar": 2
  }
}
2026-07-25 04:38:12,408 INFO [energy_monitor_core.module.ina] Polled module snapshot: {
  "module": "ina",
  "updated_at": "2026-07-25T03:38:12.407669",
  "status": "running",
  "device_count": 2,
  "sensor_count": 6,
  "sensor_types": {
    "Battery": 2,
    "Wind": 2,
    "Solar": 2
  }
}
2026-07-25 04:38:17,429 INFO [energy_monitor_core.module.ina] Polled module snapshot: {
  "module": "ina",
  "updated_at": "2026-07-25T03:38:17.428495",
  "status": "running",
  "device_count": 2,
  "sensor_count": 6,
  "sensor_types": {
    "Battery": 2,
    "Wind": 2,
    "Solar": 2
  }
}
2026-07-25 04:38:22,442 INFO [energy_monitor_core.module.ina] Polled module snapshot: {
  "module": "ina",
  "updated_at": "2026-07-25T03:38:22.442088",
  "status": "running",
  "device_count": 2,
  "sensor_count": 6,
  "sensor_types": {
    "Battery": 2,
    "Wind": 2,
    "Solar": 2
  }
}
2026-07-25 04:38:27,451 INFO [energy_monitor_core.module.ina] Polled module snapshot: {
  "module": "ina",
  "updated_at": "2026-07-25T03:38:27.450553",
  "status": "running",
  "device_count": 2,
  "sensor_count": 6,
  "sensor_types": {
    "Battery": 2,
    "Wind": 2,
    "Solar": 2
  }
}
2026-07-25 04:38:32,459 INFO [energy_monitor_core.module.ina] Polled module snapshot: {
  "module": "ina",
  "updated_at": "2026-07-25T03:38:32.458666",
  "status": "running",
  "device_count": 2,
  "sensor_count": 6,
  "sensor_types": {
    "Battery": 2,
    "Wind": 2,
    "Solar": 2
  }
}
2026-07-25 04:38:37,475 INFO [energy_monitor_core.module.ina] Polled module snapshot: {
  "module": "ina",
  "updated_at": "2026-07-25T03:38:37.472626",
  "status": "running",
  "device_count": 2,
  "sensor_count": 6,
  "sensor_types": {
    "Battery": 2,
    "Wind": 2,
    "Solar": 2
  }
}
2026-07-25 04:38:42,479 INFO [energy_monitor_core.module.ina] Polled module snapshot: {
  "module": "ina",
  "updated_at": "2026-07-25T03:38:42.478978",
  "status": "running",
  "device_count": 2,
  "sensor_count": 6,
  "sensor_types": {
    "Battery": 2,
    "Wind": 2,
    "Solar": 2
  }
}
2026-07-25 04:38:47,484 INFO [energy_monitor_core.module.ina] Polled module snapshot: {
  "module": "ina",
  "updated_at": "2026-07-25T03:38:47.484597",
  "status": "running",
  "device_count": 2,
  "sensor_count": 6,
  "sensor_types": {
    "Battery": 2,
    "Wind": 2,
    "Solar": 2
  }
}
2026-07-25 04:38:52,492 INFO [energy_monitor_core.module.ina] Polled module snapshot: {
  "module": "ina",
  "updated_at": "2026-07-25T03:38:52.492234",
  "status": "running",
  "device_count": 2,
  "sensor_count": 6,
  "sensor_types": {
    "Battery": 2,
    "Wind": 2,
    "Solar": 2
  }
}
2026-07-25 04:38:57,499 INFO [energy_monitor_core.module.ina] Polled module snapshot: {
  "module": "ina",
  "updated_at": "2026-07-25T03:38:57.498676",
  "status": "running",
  "device_count": 2,
  "sensor_count": 6,
  "sensor_types": {
    "Battery": 2,
    "Wind": 2,
    "Solar": 2
  }
}
2026-07-25 04:39:02,507 INFO [energy_monitor_core.module.ina] Polled module snapshot: {
  "module": "ina",
  "updated_at": "2026-07-25T03:39:02.506597",
  "status": "running",
  "device_count": 2,
  "sensor_count": 6,
  "sensor_types": {
    "Battery": 2,
    "Wind": 2,
    "Solar": 2
  }
}
2026-07-25 04:39:07,513 INFO [energy_monitor_core.module.ina] Polled module snapshot: {
  "module": "ina",
  "updated_at": "2026-07-25T03:39:07.513122",
  "status": "running",
  "device_count": 2,
  "sensor_count": 6,
  "sensor_types": {
    "Battery": 2,
    "Wind": 2,
    "Solar": 2
  }
}
2026-07-25 04:39:12,520 INFO [energy_monitor_core.module.ina] Polled module snapshot: {
  "module": "ina",
  "updated_at": "2026-07-25T03:39:12.519952",
  "status": "running",
  "device_count": 2,
  "sensor_count": 6,
  "sensor_types": {
    "Battery": 2,
    "Wind": 2,
    "Solar": 2
  }
}
2026-07-25 04:39:17,532 INFO [energy_monitor_core.module.ina] Polled module snapshot: {
  "module": "ina",
  "updated_at": "2026-07-25T03:39:17.531817",
  "status": "running",
  "device_count": 2,
  "sensor_count": 6,
  "sensor_types": {
    "Battery": 2,
    "Wind": 2,
    "Solar": 2
  }
}
2026-07-25 04:39:22,541 INFO [energy_monitor_core.module.ina] Polled module snapshot: {
  "module": "ina",
  "updated_at": "2026-07-25T03:39:22.541363",
  "status": "running",
  "device_count": 2,
  "sensor_count": 6,
  "sensor_types": {
    "Battery": 2,
    "Wind": 2,
    "Solar": 2
  }
}
2026-07-25 04:39:27,550 INFO [energy_monitor_core.module.ina] Polled module snapshot: {
  "module": "ina",
  "updated_at": "2026-07-25T03:39:27.550216",
  "status": "running",
  "device_count": 2,
  "sensor_count": 6,
  "sensor_types": {
    "Battery": 2,
    "Wind": 2,
    "Solar": 2
  }
}
2026-07-25 04:39:32,562 INFO [energy_monitor_core.module.ina] Polled module snapshot: {
  "module": "ina",
  "updated_at": "2026-07-25T03:39:32.561617",
  "status": "running",
  "device_count": 2,
  "sensor_count": 6,
  "sensor_types": {
    "Battery": 2,
    "Wind": 2,
    "Solar": 2
  }
}
2026-07-25 04:39:37,568 INFO [energy_monitor_core.module.ina] Polled module snapshot: {
  "module": "ina",
  "updated_at": "2026-07-25T03:39:37.568072",
  "status": "running",
  "device_count": 2,
  "sensor_count": 6,
  "sensor_types": {
    "Battery": 2,
    "Wind": 2,
    "Solar": 2
  }
}
2026-07-25 04:39:42,575 INFO [energy_monitor_core.module.ina] Polled module snapshot: {
  "module": "ina",
  "updated_at": "2026-07-25T03:39:42.574622",
  "status": "running",
  "device_count": 2,
  "sensor_count": 6,
  "sensor_types": {
    "Battery": 2,
    "Wind": 2,
    "Solar": 2
  }
}
2026-07-25 04:39:47,585 INFO [energy_monitor_core.module.ina] Polled module snapshot: {
  "module": "ina",
  "updated_at": "2026-07-25T03:39:47.585407",
  "status": "running",
  "device_count": 2,
  "sensor_count": 6,
  "sensor_types": {
    "Battery": 2,
    "Wind": 2,
    "Solar": 2
  }
}
2026-07-25 04:39:52,592 INFO [energy_monitor_core.module.ina] Polled module snapshot: {
  "module": "ina",
  "updated_at": "2026-07-25T03:39:52.592144",
  "status": "running",
  "device_count": 2,
  "sensor_count": 6,
  "sensor_types": {
    "Battery": 2,
    "Wind": 2,
    "Solar": 2
  }
}
2026-07-25 04:39:57,596 INFO [energy_monitor_core.module.ina] Polled module snapshot: {
  "module": "ina",
  "updated_at": "2026-07-25T03:39:57.595843",
  "status": "running",
  "device_count": 2,
  "sensor_count": 6,
  "sensor_types": {
    "Battery": 2,
    "Wind": 2,
    "Solar": 2
  }
}
2026-07-25 04:40:02,602 INFO [energy_monitor_core.module.ina] Polled module snapshot: {
  "module": "ina",
  "updated_at": "2026-07-25T03:40:02.601748",
  "status": "running",
  "device_count": 2,
  "sensor_count": 6,
  "sensor_types": {
    "Battery": 2,
    "Wind": 2,
    "Solar": 2
  }
}
2026-07-25 04:40:07,609 INFO [energy_monitor_core.module.ina] Polled module snapshot: {
  "module": "ina",
  "updated_at": "2026-07-25T03:40:07.609463",
  "status": "running",
  "device_count": 2,
  "sensor_count": 6,
  "sensor_types": {
    "Battery": 2,
    "Wind": 2,
    "Solar": 2
  }
}
2026-07-25 04:40:12,616 INFO [energy_monitor_core.module.ina] Polled module snapshot: {
  "module": "ina",
  "updated_at": "2026-07-25T03:40:12.615926",
  "status": "running",
  "device_count": 2,
  "sensor_count": 6,
  "sensor_types": {
    "Battery": 2,
    "Wind": 2,
    "Solar": 2
  }
}
2026-07-25 04:40:17,623 INFO [energy_monitor_core.module.ina] Polled module snapshot: {
  "module": "ina",
  "updated_at": "2026-07-25T03:40:17.623015",
  "status": "running",
  "device_count": 2,
  "sensor_count": 6,
  "sensor_types": {
    "Battery": 2,
    "Wind": 2,
    "Solar": 2
  }
}
2026-07-25 04:40:22,633 INFO [energy_monitor_core.module.ina] Polled module snapshot: {
  "module": "ina",
  "updated_at": "2026-07-25T03:40:22.632981",
  "status": "running",
  "device_count": 2,
  "sensor_count": 6,
  "sensor_types": {
    "Battery": 2,
    "Wind": 2,
    "Solar": 2
  }
}
2026-07-25 04:40:27,644 INFO [energy_monitor_core.module.ina] Polled module snapshot: {
  "module": "ina",
  "updated_at": "2026-07-25T03:40:27.644022",
  "status": "running",
  "device_count": 2,
  "sensor_count": 6,
  "sensor_types": {
    "Battery": 2,
    "Wind": 2,
    "Solar": 2
  }
}
2026-07-25 04:40:32,651 INFO [energy_monitor_core.module.ina] Polled module snapshot: {
  "module": "ina",
  "updated_at": "2026-07-25T03:40:32.651384",
  "status": "running",
  "device_count": 2,
  "sensor_count": 6,
  "sensor_types": {
    "Battery": 2,
    "Wind": 2,
    "Solar": 2
  }
}
2026-07-25 04:40:37,658 INFO [energy_monitor_core.module.ina] Polled module snapshot: {
  "module": "ina",
  "updated_at": "2026-07-25T03:40:37.657685",
  "status": "running",
  "device_count": 2,
  "sensor_count": 6,
  "sensor_types": {
    "Battery": 2,
    "Wind": 2,
    "Solar": 2
  }
}
2026-07-25 04:40:42,666 INFO [energy_monitor_core.module.ina] Polled module snapshot: {
  "module": "ina",
  "updated_at": "2026-07-25T03:40:42.666020",
  "status": "running",
  "device_count": 2,
  "sensor_count": 6,
  "sensor_types": {
    "Battery": 2,
    "Wind": 2,
    "Solar": 2
  }
}
2026-07-25 04:40:47,679 INFO [energy_monitor_core.module.ina] Polled module snapshot: {
  "module": "ina",
  "updated_at": "2026-07-25T03:40:47.679525",
  "status": "running",
  "device_count": 2,
  "sensor_count": 6,
  "sensor_types": {
    "Battery": 2,
    "Wind": 2,
    "Solar": 2
  }
}
2026-07-25 04:40:52,686 INFO [energy_monitor_core.module.ina] Polled module snapshot: {
  "module": "ina",
  "updated_at": "2026-07-25T03:40:52.686375",
  "status": "running",
  "device_count": 2,
  "sensor_count": 6,
  "sensor_types": {
    "Battery": 2,
    "Wind": 2,
    "Solar": 2
  }
}
2026-07-25 04:40:57,693 INFO [energy_monitor_core.module.ina] Polled module snapshot: {
  "module": "ina",
  "updated_at": "2026-07-25T03:40:57.693509",
  "status": "running",
  "device_count": 2,
  "sensor_count": 6,
  "sensor_types": {
    "Battery": 2,
    "Wind": 2,
    "Solar": 2
  }
}
2026-07-25 04:41:02,706 INFO [energy_monitor_core.module.ina] Polled module snapshot: {
  "module": "ina",
  "updated_at": "2026-07-25T03:41:02.705996",
  "status": "running",
  "device_count": 2,
  "sensor_count": 6,
  "sensor_types": {
    "Battery": 2,
    "Wind": 2,
    "Solar": 2
  }
}
2026-07-25 04:41:07,717 INFO [energy_monitor_core.module.ina] Polled module snapshot: {
  "module": "ina",
  "updated_at": "2026-07-25T03:41:07.717219",
  "status": "running",
  "device_count": 2,
  "sensor_count": 6,
  "sensor_types": {
    "Battery": 2,
    "Wind": 2,
    "Solar": 2
  }
}
2026-07-25 04:41:12,724 INFO [energy_monitor_core.module.ina] Polled module snapshot: {
  "module": "ina",
  "updated_at": "2026-07-25T03:41:12.724503",
  "status": "running",
  "device_count": 2,
  "sensor_count": 6,
  "sensor_types": {
    "Battery": 2,
    "Wind": 2,
    "Solar": 2
  }
}
2026-07-25 04:41:17,734 INFO [energy_monitor_core.module.ina] Polled module snapshot: {
  "module": "ina",
  "updated_at": "2026-07-25T03:41:17.733860",
  "status": "running",
  "device_count": 2,
  "sensor_count": 6,
  "sensor_types": {
    "Battery": 2,
    "Wind": 2,
    "Solar": 2
  }
}
2026-07-25 04:41:22,740 INFO [energy_monitor_core.module.ina] Polled module snapshot: {
  "module": "ina",
  "updated_at": "2026-07-25T03:41:22.740163",
  "status": "running",
  "device_count": 2,
  "sensor_count": 6,
  "sensor_types": {
    "Battery": 2,
    "Wind": 2,
    "Solar": 2
  }
}
2026-07-25 04:41:36,572 INFO [energy_monitor_core.module.ina] Module runtime started
2026-07-25 04:41:36,678 INFO [energy_monitor_core.module.ina] Polled module snapshot: {
  "module": "ina",
  "updated_at": "2026-07-25T03:41:36.677875",
  "status": "running",
  "device_count": 2,
  "sensor_count": 6,
  "sensor_types": {
    "Battery": 2,
    "Wind": 2,
    "Solar": 2
  }
}
2026-07-25 04:41:41,688 INFO [energy_monitor_core.module.ina] Polled module snapshot: {
  "module": "ina",
  "updated_at": "2026-07-25T03:41:41.688467",
  "status": "running",
  "device_count": 2,
  "sensor_count": 6,
  "sensor_types": {
    "Battery": 2,
    "Wind": 2,
    "Solar": 2
  }
}
2026-07-25 04:41:46,696 INFO [energy_monitor_core.module.ina] Polled module snapshot: {
  "module": "ina",
  "updated_at": "2026-07-25T03:41:46.696168",
  "status": "running",
  "device_count": 2,
  "sensor_count": 6,
  "sensor_types": {
    "Battery": 2,
    "Wind": 2,
    "Solar": 2
  }
}
2026-07-25 04:41:51,706 INFO [energy_monitor_core.module.ina] Polled module snapshot: {
  "module": "ina",
  "updated_at": "2026-07-25T03:41:51.706042",
  "status": "running",
  "device_count": 2,
  "sensor_count": 6,
  "sensor_types": {
    "Battery": 2,
    "Wind": 2,
    "Solar": 2
  }
}
2026-07-25 04:41:56,710 INFO [energy_monitor_core.module.ina] Polled module snapshot: {
  "module": "ina",
  "updated_at": "2026-07-25T03:41:56.710160",
  "status": "running",
  "device_count": 2,
  "sensor_count": 6,
  "sensor_types": {
    "Battery": 2,
    "Wind": 2,
    "Solar": 2
  }
}
2026-07-25 04:42:01,716 INFO [energy_monitor_core.module.ina] Polled module snapshot: {
  "module": "ina",
  "updated_at": "2026-07-25T03:42:01.716558",
  "status": "running",
  "device_count": 2,
  "sensor_count": 6,
  "sensor_types": {
    "Battery": 2,
    "Wind": 2,
    "Solar": 2
  }
}
2026-07-25 04:42:06,726 INFO [energy_monitor_core.module.ina] Polled module snapshot: {
  "module": "ina",
  "updated_at": "2026-07-25T03:42:06.726174",
  "status": "running",
  "device_count": 2,
  "sensor_count": 6,
  "sensor_types": {
    "Battery": 2,
    "Wind": 2,
    "Solar": 2
  }
}
2026-07-25 04:42:11,732 INFO [energy_monitor_core.module.ina] Polled module snapshot: {
  "module": "ina",
  "updated_at": "2026-07-25T03:42:11.732516",
  "status": "running",
  "device_count": 2,
  "sensor_count": 6,
  "sensor_types": {
    "Battery": 2,
    "Wind": 2,
    "Solar": 2
  }
}
2026-07-25 04:42:16,739 INFO [energy_monitor_core.module.ina] Polled module snapshot: {
  "module": "ina",
  "updated_at": "2026-07-25T03:42:16.739071",
  "status": "running",
  "device_count": 2,
  "sensor_count": 6,
  "sensor_types": {
    "Battery": 2,
    "Wind": 2,
    "Solar": 2
  }
}
2026-07-25 04:42:21,747 INFO [energy_monitor_core.module.ina] Polled module snapshot: {
  "module": "ina",
  "updated_at": "2026-07-25T03:42:21.746895",
  "status": "running",
  "device_count": 2,
  "sensor_count": 6,
  "sensor_types": {
    "Battery": 2,
    "Wind": 2,
    "Solar": 2
  }
}
2026-07-25 04:42:26,759 INFO [energy_monitor_core.module.ina] Polled module snapshot: {
  "module": "ina",
  "updated_at": "2026-07-25T03:42:26.759319",
  "status": "running",
  "device_count": 2,
  "sensor_count": 6,
  "sensor_types": {
    "Battery": 2,
    "Wind": 2,
    "Solar": 2
  }
}
2026-07-25 04:42:31,771 INFO [energy_monitor_core.module.ina] Polled module snapshot: {
  "module": "ina",
  "updated_at": "2026-07-25T03:42:31.770809",
  "status": "running",
  "device_count": 2,
  "sensor_count": 6,
  "sensor_types": {
    "Battery": 2,
    "Wind": 2,
    "Solar": 2
  }
}
2026-07-25 04:42:36,781 INFO [energy_monitor_core.module.ina] Polled module snapshot: {
  "module": "ina",
  "updated_at": "2026-07-25T03:42:36.781215",
  "status": "running",
  "device_count": 2,
  "sensor_count": 6,
  "sensor_types": {
    "Battery": 2,
    "Wind": 2,
    "Solar": 2
  }
}
2026-07-25 04:42:41,788 INFO [energy_monitor_core.module.ina] Polled module snapshot: {
  "module": "ina",
  "updated_at": "2026-07-25T03:42:41.788312",
  "status": "running",
  "device_count": 2,
  "sensor_count": 6,
  "sensor_types": {
    "Battery": 2,
    "Wind": 2,
    "Solar": 2
  }
}
2026-07-25 04:42:46,796 INFO [energy_monitor_core.module.ina] Polled module snapshot: {
  "module": "ina",
  "updated_at": "2026-07-25T03:42:46.795697",
  "status": "running",
  "device_count": 2,
  "sensor_count": 6,
  "sensor_types": {
    "Battery": 2,
    "Wind": 2,
    "Solar": 2
  }
}
2026-07-25 04:42:51,807 INFO [energy_monitor_core.module.ina] Polled module snapshot: {
  "module": "ina",
  "updated_at": "2026-07-25T03:42:51.806782",
  "status": "running",
  "device_count": 2,
  "sensor_count": 6,
  "sensor_types": {
    "Battery": 2,
    "Wind": 2,
    "Solar": 2
  }
}
2026-07-25 04:42:56,811 INFO [energy_monitor_core.module.ina] Polled module snapshot: {
  "module": "ina",
  "updated_at": "2026-07-25T03:42:56.811191",
  "status": "running",
  "device_count": 2,
  "sensor_count": 6,
  "sensor_types": {
    "Battery": 2,
    "Wind": 2,
    "Solar": 2
  }
}
2026-07-25 04:43:01,817 INFO [energy_monitor_core.module.ina] Polled module snapshot: {
  "module": "ina",
  "updated_at": "2026-07-25T03:43:01.817630",
  "status": "running",
  "device_count": 2,
  "sensor_count": 6,
  "sensor_types": {
    "Battery": 2,
    "Wind": 2,
    "Solar": 2
  }
}
2026-07-25 04:43:06,827 INFO [energy_monitor_core.module.ina] Polled module snapshot: {
  "module": "ina",
  "updated_at": "2026-07-25T03:43:06.827449",
  "status": "running",
  "device_count": 2,
  "sensor_count": 6,
  "sensor_types": {
    "Battery": 2,
    "Wind": 2,
    "Solar": 2
  }
}
2026-07-25 04:43:11,841 INFO [energy_monitor_core.module.ina] Polled module snapshot: {
  "module": "ina",
  "updated_at": "2026-07-25T03:43:11.840887",
  "status": "running",
  "device_count": 2,
  "sensor_count": 6,
  "sensor_types": {
    "Battery": 2,
    "Wind": 2,
    "Solar": 2
  }
}
2026-07-25 04:43:16,852 INFO [energy_monitor_core.module.ina] Polled module snapshot: {
  "module": "ina",
  "updated_at": "2026-07-25T03:43:16.852217",
  "status": "running",
  "device_count": 2,
  "sensor_count": 6,
  "sensor_types": {
    "Battery": 2,
    "Wind": 2,
    "Solar": 2
  }
}
2026-07-25 04:43:21,863 INFO [energy_monitor_core.module.ina] Polled module snapshot: {
  "module": "ina",
  "updated_at": "2026-07-25T03:43:21.863499",
  "status": "running",
  "device_count": 2,
  "sensor_count": 6,
  "sensor_types": {
    "Battery": 2,
    "Wind": 2,
    "Solar": 2
  }
}
2026-07-25 04:43:26,869 INFO [energy_monitor_core.module.ina] Polled module snapshot: {
  "module": "ina",
  "updated_at": "2026-07-25T03:43:26.868991",
  "status": "running",
  "device_count": 2,
  "sensor_count": 6,
  "sensor_types": {
    "Battery": 2,
    "Wind": 2,
    "Solar": 2
  }
}
2026-07-25 04:43:31,875 INFO [energy_monitor_core.module.ina] Polled module snapshot: {
  "module": "ina",
  "updated_at": "2026-07-25T03:43:31.875621",
  "status": "running",
  "device_count": 2,
  "sensor_count": 6,
  "sensor_types": {
    "Battery": 2,
    "Wind": 2,
    "Solar": 2
  }
}
2026-07-25 04:43:36,885 INFO [energy_monitor_core.module.ina] Polled module snapshot: {
  "module": "ina",
  "updated_at": "2026-07-25T03:43:36.884703",
  "status": "running",
  "device_count": 2,
  "sensor_count": 6,
  "sensor_types": {
    "Battery": 2,
    "Wind": 2,
    "Solar": 2
  }
}
2026-07-25 04:43:41,892 INFO [energy_monitor_core.module.ina] Polled module snapshot: {
  "module": "ina",
  "updated_at": "2026-07-25T03:43:41.891812",
  "status": "running",
  "device_count": 2,
  "sensor_count": 6,
  "sensor_types": {
    "Battery": 2,
    "Wind": 2,
    "Solar": 2
  }
}
2026-07-25 04:43:46,900 INFO [energy_monitor_core.module.ina] Polled module snapshot: {
  "module": "ina",
  "updated_at": "2026-07-25T03:43:46.899475",
  "status": "running",
  "device_count": 2,
  "sensor_count": 6,
  "sensor_types": {
    "Battery": 2,
    "Wind": 2,
    "Solar": 2
  }
}
2026-07-25 04:43:51,905 INFO [energy_monitor_core.module.ina] Polled module snapshot: {
  "module": "ina",
  "updated_at": "2026-07-25T03:43:51.905642",
  "status": "running",
  "device_count": 2,
  "sensor_count": 6,
  "sensor_types": {
    "Battery": 2,
    "Wind": 2,
    "Solar": 2
  }
}
2026-07-25 04:43:56,913 INFO [energy_monitor_core.module.ina] Polled module snapshot: {
  "module": "ina",
  "updated_at": "2026-07-25T03:43:56.912699",
  "status": "running",
  "device_count": 2,
  "sensor_count": 6,
  "sensor_types": {
    "Battery": 2,
    "Wind": 2,
    "Solar": 2
  }
}
2026-07-25 04:44:01,920 INFO [energy_monitor_core.module.ina] Polled module snapshot: {
  "module": "ina",
  "updated_at": "2026-07-25T03:44:01.920120",
  "status": "running",
  "device_count": 2,
  "sensor_count": 6,
  "sensor_types": {
    "Battery": 2,
    "Wind": 2,
    "Solar": 2
  }
}
2026-07-25 04:44:06,927 INFO [energy_monitor_core.module.ina] Polled module snapshot: {
  "module": "ina",
  "updated_at": "2026-07-25T03:44:06.927433",
  "status": "running",
  "device_count": 2,
  "sensor_count": 6,
  "sensor_types": {
    "Battery": 2,
    "Wind": 2,
    "Solar": 2
  }
}
2026-07-25 04:44:11,935 INFO [energy_monitor_core.module.ina] Polled module snapshot: {
  "module": "ina",
  "updated_at": "2026-07-25T03:44:11.934768",
  "status": "running",
  "device_count": 2,
  "sensor_count": 6,
  "sensor_types": {
    "Battery": 2,
    "Wind": 2,
    "Solar": 2
  }
}
2026-07-25 04:44:16,943 INFO [energy_monitor_core.module.ina] Polled module snapshot: {
  "module": "ina",
  "updated_at": "2026-07-25T03:44:16.943540",
  "status": "running",
  "device_count": 2,
  "sensor_count": 6,
  "sensor_types": {
    "Battery": 2,
    "Wind": 2,
    "Solar": 2
  }
}
2026-07-25 04:44:21,956 INFO [energy_monitor_core.module.ina] Polled module snapshot: {
  "module": "ina",
  "updated_at": "2026-07-25T03:44:21.956053",
  "status": "running",
  "device_count": 2,
  "sensor_count": 6,
  "sensor_types": {
    "Battery": 2,
    "Wind": 2,
    "Solar": 2
  }
}
2026-07-25 04:44:26,967 INFO [energy_monitor_core.module.ina] Polled module snapshot: {
  "module": "ina",
  "updated_at": "2026-07-25T03:44:26.967346",
  "status": "running",
  "device_count": 2,
  "sensor_count": 6,
  "sensor_types": {
    "Battery": 2,
    "Wind": 2,
    "Solar": 2
  }
}
2026-07-25 04:44:31,975 INFO [energy_monitor_core.module.ina] Polled module snapshot: {
  "module": "ina",
  "updated_at": "2026-07-25T03:44:31.975362",
  "status": "running",
  "device_count": 2,
  "sensor_count": 6,
  "sensor_types": {
    "Battery": 2,
    "Wind": 2,
    "Solar": 2
  }
}
2026-07-25 04:44:36,986 INFO [energy_monitor_core.module.ina] Polled module snapshot: {
  "module": "ina",
  "updated_at": "2026-07-25T03:44:36.986557",
  "status": "running",
  "device_count": 2,
  "sensor_count": 6,
  "sensor_types": {
    "Battery": 2,
    "Wind": 2,
    "Solar": 2
  }
}
2026-07-25 04:44:41,994 INFO [energy_monitor_core.module.ina] Polled module snapshot: {
  "module": "ina",
  "updated_at": "2026-07-25T03:44:41.994165",
  "status": "running",
  "device_count": 2,
  "sensor_count": 6,
  "sensor_types": {
    "Battery": 2,
    "Wind": 2,
    "Solar": 2
  }
}
2026-07-25 04:44:47,004 INFO [energy_monitor_core.module.ina] Polled module snapshot: {
  "module": "ina",
  "updated_at": "2026-07-25T03:44:47.003742",
  "status": "running",
  "device_count": 2,
  "sensor_count": 6,
  "sensor_types": {
    "Battery": 2,
    "Wind": 2,
    "Solar": 2
  }
}
2026-07-25 04:44:52,010 INFO [energy_monitor_core.module.ina] Polled module snapshot: {
  "module": "ina",
  "updated_at": "2026-07-25T03:44:52.010210",
  "status": "running",
  "device_count": 2,
  "sensor_count": 6,
  "sensor_types": {
    "Battery": 2,
    "Wind": 2,
    "Solar": 2
  }
}
2026-07-25 04:44:57,016 INFO [energy_monitor_core.module.ina] Polled module snapshot: {
  "module": "ina",
  "updated_at": "2026-07-25T03:44:57.016649",
  "status": "running",
  "device_count": 2,
  "sensor_count": 6,
  "sensor_types": {
    "Battery": 2,
    "Wind": 2,
    "Solar": 2
  }
}
2026-07-25 04:45:02,025 INFO [energy_monitor_core.module.ina] Polled module snapshot: {
  "module": "ina",
  "updated_at": "2026-07-25T03:45:02.024783",
  "status": "running",
  "device_count": 2,
  "sensor_count": 6,
  "sensor_types": {
    "Battery": 2,
    "Wind": 2,
    "Solar": 2
  }
}
2026-07-25 04:45:07,045 INFO [energy_monitor_core.module.ina] Polled module snapshot: {
  "module": "ina",
  "updated_at": "2026-07-25T03:45:07.045582",
  "status": "running",
  "device_count": 2,
  "sensor_count": 6,
  "sensor_types": {
    "Battery": 2,
    "Wind": 2,
    "Solar": 2
  }
}
2026-07-25 04:45:12,053 INFO [energy_monitor_core.module.ina] Polled module snapshot: {
  "module": "ina",
  "updated_at": "2026-07-25T03:45:12.052713",
  "status": "running",
  "device_count": 2,
  "sensor_count": 6,
  "sensor_types": {
    "Battery": 2,
    "Wind": 2,
    "Solar": 2
  }
}
2026-07-25 04:45:17,060 INFO [energy_monitor_core.module.ina] Polled module snapshot: {
  "module": "ina",
  "updated_at": "2026-07-25T03:45:17.059817",
  "status": "running",
  "device_count": 2,
  "sensor_count": 6,
  "sensor_types": {
    "Battery": 2,
    "Wind": 2,
    "Solar": 2
  }
}
2026-07-25 04:45:22,067 INFO [energy_monitor_core.module.ina] Polled module snapshot: {
  "module": "ina",
  "updated_at": "2026-07-25T03:45:22.066997",
  "status": "running",
  "device_count": 2,
  "sensor_count": 6,
  "sensor_types": {
    "Battery": 2,
    "Wind": 2,
    "Solar": 2
  }
}
2026-07-25 04:45:27,075 INFO [energy_monitor_core.module.ina] Polled module snapshot: {
  "module": "ina",
  "updated_at": "2026-07-25T03:45:27.075649",
  "status": "running",
  "device_count": 2,
  "sensor_count": 6,
  "sensor_types": {
    "Battery": 2,
    "Wind": 2,
    "Solar": 2
  }
}
2026-07-25 04:45:32,086 INFO [energy_monitor_core.module.ina] Polled module snapshot: {
  "module": "ina",
  "updated_at": "2026-07-25T03:45:32.086394",
  "status": "running",
  "device_count": 2,
  "sensor_count": 6,
  "sensor_types": {
    "Battery": 2,
    "Wind": 2,
    "Solar": 2
  }
}
2026-07-25 04:45:37,099 INFO [energy_monitor_core.module.ina] Polled module snapshot: {
  "module": "ina",
  "updated_at": "2026-07-25T03:45:37.099123",
  "status": "running",
  "device_count": 2,
  "sensor_count": 6,
  "sensor_types": {
    "Battery": 2,
    "Wind": 2,
    "Solar": 2
  }
}
2026-07-25 04:45:42,114 INFO [energy_monitor_core.module.ina] Polled module snapshot: {
  "module": "ina",
  "updated_at": "2026-07-25T03:45:42.113949",
  "status": "running",
  "device_count": 2,
  "sensor_count": 6,
  "sensor_types": {
    "Battery": 2,
    "Wind": 2,
    "Solar": 2
  }
}
2026-07-25 04:45:47,127 INFO [energy_monitor_core.module.ina] Polled module snapshot: {
  "module": "ina",
  "updated_at": "2026-07-25T03:45:47.126987",
  "status": "running",
  "device_count": 2,
  "sensor_count": 6,
  "sensor_types": {
    "Battery": 2,
    "Wind": 2,
    "Solar": 2
  }
}
2026-07-25 04:45:52,139 INFO [energy_monitor_core.module.ina] Polled module snapshot: {
  "module": "ina",
  "updated_at": "2026-07-25T03:45:52.139158",
  "status": "running",
  "device_count": 2,
  "sensor_count": 6,
  "sensor_types": {
    "Battery": 2,
    "Wind": 2,
    "Solar": 2
  }
}
2026-07-25 04:45:57,148 INFO [energy_monitor_core.module.ina] Polled module snapshot: {
  "module": "ina",
  "updated_at": "2026-07-25T03:45:57.147571",
  "status": "running",
  "device_count": 2,
  "sensor_count": 6,
  "sensor_types": {
    "Battery": 2,
    "Wind": 2,
    "Solar": 2
  }
}
2026-07-25 04:46:02,155 INFO [energy_monitor_core.module.ina] Polled module snapshot: {
  "module": "ina",
  "updated_at": "2026-07-25T03:46:02.154823",
  "status": "running",
  "device_count": 2,
  "sensor_count": 6,
  "sensor_types": {
    "Battery": 2,
    "Wind": 2,
    "Solar": 2
  }
}
2026-07-25 04:46:07,162 INFO [energy_monitor_core.module.ina] Polled module snapshot: {
  "module": "ina",
  "updated_at": "2026-07-25T03:46:07.161978",
  "status": "running",
  "device_count": 2,
  "sensor_count": 6,
  "sensor_types": {
    "Battery": 2,
    "Wind": 2,
    "Solar": 2
  }
}
2026-07-25 04:46:12,169 INFO [energy_monitor_core.module.ina] Polled module snapshot: {
  "module": "ina",
  "updated_at": "2026-07-25T03:46:12.169214",
  "status": "running",
  "device_count": 2,
  "sensor_count": 6,
  "sensor_types": {
    "Battery": 2,
    "Wind": 2,
    "Solar": 2
  }
}
2026-07-25 04:46:17,178 INFO [energy_monitor_core.module.ina] Polled module snapshot: {
  "module": "ina",
  "updated_at": "2026-07-25T03:46:17.178069",
  "status": "running",
  "device_count": 2,
  "sensor_count": 6,
  "sensor_types": {
    "Battery": 2,
    "Wind": 2,
    "Solar": 2
  }
}
2026-07-25 04:46:22,188 INFO [energy_monitor_core.module.ina] Polled module snapshot: {
  "module": "ina",
  "updated_at": "2026-07-25T03:46:22.187978",
  "status": "running",
  "device_count": 2,
  "sensor_count": 6,
  "sensor_types": {
    "Battery": 2,
    "Wind": 2,
    "Solar": 2
  }
}
2026-07-25 04:46:27,199 INFO [energy_monitor_core.module.ina] Polled module snapshot: {
  "module": "ina",
  "updated_at": "2026-07-25T03:46:27.199042",
  "status": "running",
  "device_count": 2,
  "sensor_count": 6,
  "sensor_types": {
    "Battery": 2,
    "Wind": 2,
    "Solar": 2
  }
}
2026-07-25 04:46:32,209 INFO [energy_monitor_core.module.ina] Polled module snapshot: {
  "module": "ina",
  "updated_at": "2026-07-25T03:46:32.208725",
  "status": "running",
  "device_count": 2,
  "sensor_count": 6,
  "sensor_types": {
    "Battery": 2,
    "Wind": 2,
    "Solar": 2
  }
}
2026-07-25 04:46:37,216 INFO [energy_monitor_core.module.ina] Polled module snapshot: {
  "module": "ina",
  "updated_at": "2026-07-25T03:46:37.216088",
  "status": "running",
  "device_count": 2,
  "sensor_count": 6,
  "sensor_types": {
    "Battery": 2,
    "Wind": 2,
    "Solar": 2
  }
}
2026-07-25 04:46:42,224 INFO [energy_monitor_core.module.ina] Polled module snapshot: {
  "module": "ina",
  "updated_at": "2026-07-25T03:46:42.223640",
  "status": "running",
  "device_count": 2,
  "sensor_count": 6,
  "sensor_types": {
    "Battery": 2,
    "Wind": 2,
    "Solar": 2
  }
}
2026-07-25 04:46:47,228 INFO [energy_monitor_core.module.ina] Polled module snapshot: {
  "module": "ina",
  "updated_at": "2026-07-25T03:46:47.228181",
  "status": "running",
  "device_count": 2,
  "sensor_count": 6,
  "sensor_types": {
    "Battery": 2,
    "Wind": 2,
    "Solar": 2
  }
}
2026-07-25 04:46:52,235 INFO [energy_monitor_core.module.ina] Polled module snapshot: {
  "module": "ina",
  "updated_at": "2026-07-25T03:46:52.235278",
  "status": "running",
  "device_count": 2,
  "sensor_count": 6,
  "sensor_types": {
    "Battery": 2,
    "Wind": 2,
    "Solar": 2
  }
}
2026-07-25 04:46:57,245 INFO [energy_monitor_core.module.ina] Polled module snapshot: {
  "module": "ina",
  "updated_at": "2026-07-25T03:46:57.244628",
  "status": "running",
  "device_count": 2,
  "sensor_count": 6,
  "sensor_types": {
    "Battery": 2,
    "Wind": 2,
    "Solar": 2
  }
}
2026-07-25 04:47:02,254 INFO [energy_monitor_core.module.ina] Polled module snapshot: {
  "module": "ina",
  "updated_at": "2026-07-25T03:47:02.254175",
  "status": "running",
  "device_count": 2,
  "sensor_count": 6,
  "sensor_types": {
    "Battery": 2,
    "Wind": 2,
    "Solar": 2
  }
}
2026-07-25 04:47:07,263 INFO [energy_monitor_core.module.ina] Polled module snapshot: {
  "module": "ina",
  "updated_at": "2026-07-25T03:47:07.263052",
  "status": "running",
  "device_count": 2,
  "sensor_count": 6,
  "sensor_types": {
    "Battery": 2,
    "Wind": 2,
    "Solar": 2
  }
}
2026-07-25 04:47:12,271 INFO [energy_monitor_core.module.ina] Polled module snapshot: {
  "module": "ina",
  "updated_at": "2026-07-25T03:47:12.271289",
  "status": "running",
  "device_count": 2,
  "sensor_count": 6,
  "sensor_types": {
    "Battery": 2,
    "Wind": 2,
    "Solar": 2
  }
}
2026-07-25 04:47:17,279 INFO [energy_monitor_core.module.ina] Polled module snapshot: {
  "module": "ina",
  "updated_at": "2026-07-25T03:47:17.278987",
  "status": "running",
  "device_count": 2,
  "sensor_count": 6,
  "sensor_types": {
    "Battery": 2,
    "Wind": 2,
    "Solar": 2
  }
}
2026-07-25 04:47:22,293 INFO [energy_monitor_core.module.ina] Polled module snapshot: {
  "module": "ina",
  "updated_at": "2026-07-25T03:47:22.288274",
  "status": "running",
  "device_count": 2,
  "sensor_count": 6,
  "sensor_types": {
    "Battery": 2,
    "Wind": 2,
    "Solar": 2
  }
}
2026-07-25 04:47:27,301 INFO [energy_monitor_core.module.ina] Polled module snapshot: {
  "module": "ina",
  "updated_at": "2026-07-25T03:47:27.301512",
  "status": "running",
  "device_count": 2,
  "sensor_count": 6,
  "sensor_types": {
    "Battery": 2,
    "Wind": 2,
    "Solar": 2
  }
}
2026-07-25 04:47:32,309 INFO [energy_monitor_core.module.ina] Polled module snapshot: {
  "module": "ina",
  "updated_at": "2026-07-25T03:47:32.308964",
  "status": "running",
  "device_count": 2,
  "sensor_count": 6,
  "sensor_types": {
    "Battery": 2,
    "Wind": 2,
    "Solar": 2
  }
}
2026-07-25 04:47:37,318 INFO [energy_monitor_core.module.ina] Polled module snapshot: {
  "module": "ina",
  "updated_at": "2026-07-25T03:47:37.317785",
  "status": "running",
  "device_count": 2,
  "sensor_count": 6,
  "sensor_types": {
    "Battery": 2,
    "Wind": 2,
    "Solar": 2
  }
}
2026-07-25 04:47:42,327 INFO [energy_monitor_core.module.ina] Polled module snapshot: {
  "module": "ina",
  "updated_at": "2026-07-25T03:47:42.327121",
  "status": "running",
  "device_count": 2,
  "sensor_count": 6,
  "sensor_types": {
    "Battery": 2,
    "Wind": 2,
    "Solar": 2
  }
}
2026-07-25 04:47:47,338 INFO [energy_monitor_core.module.ina] Polled module snapshot: {
  "module": "ina",
  "updated_at": "2026-07-25T03:47:47.338109",
  "status": "running",
  "device_count": 2,
  "sensor_count": 6,
  "sensor_types": {
    "Battery": 2,
    "Wind": 2,
    "Solar": 2
  }
}
2026-07-25 04:47:52,346 INFO [energy_monitor_core.module.ina] Polled module snapshot: {
  "module": "ina",
  "updated_at": "2026-07-25T03:47:52.345763",
  "status": "running",
  "device_count": 2,
  "sensor_count": 6,
  "sensor_types": {
    "Battery": 2,
    "Wind": 2,
    "Solar": 2
  }
}
2026-07-25 04:47:57,354 INFO [energy_monitor_core.module.ina] Polled module snapshot: {
  "module": "ina",
  "updated_at": "2026-07-25T03:47:57.354348",
  "status": "running",
  "device_count": 2,
  "sensor_count": 6,
  "sensor_types": {
    "Battery": 2,
    "Wind": 2,
    "Solar": 2
  }
}
2026-07-25 04:48:02,360 INFO [energy_monitor_core.module.ina] Polled module snapshot: {
  "module": "ina",
  "updated_at": "2026-07-25T03:48:02.360133",
  "status": "running",
  "device_count": 2,
  "sensor_count": 6,
  "sensor_types": {
    "Battery": 2,
    "Wind": 2,
    "Solar": 2
  }
}
2026-07-25 04:48:07,368 INFO [energy_monitor_core.module.ina] Polled module snapshot: {
  "module": "ina",
  "updated_at": "2026-07-25T03:48:07.366560",
  "status": "running",
  "device_count": 2,
  "sensor_count": 6,
  "sensor_types": {
    "Battery": 2,
    "Wind": 2,
    "Solar": 2
  }
}
2026-07-25 04:48:12,376 INFO [energy_monitor_core.module.ina] Polled module snapshot: {
  "module": "ina",
  "updated_at": "2026-07-25T03:48:12.375893",
  "status": "running",
  "device_count": 2,
  "sensor_count": 6,
  "sensor_types": {
    "Battery": 2,
    "Wind": 2,
    "Solar": 2
  }
}
2026-07-25 04:48:17,381 INFO [energy_monitor_core.module.ina] Polled module snapshot: {
  "module": "ina",
  "updated_at": "2026-07-25T03:48:17.381497",
  "status": "running",
  "device_count": 2,
  "sensor_count": 6,
  "sensor_types": {
    "Battery": 2,
    "Wind": 2,
    "Solar": 2
  }
}
2026-07-25 04:48:22,389 INFO [energy_monitor_core.module.ina] Polled module snapshot: {
  "module": "ina",
  "updated_at": "2026-07-25T03:48:22.388621",
  "status": "running",
  "device_count": 2,
  "sensor_count": 6,
  "sensor_types": {
    "Battery": 2,
    "Wind": 2,
    "Solar": 2
  }
}
2026-07-25 04:48:27,396 INFO [energy_monitor_core.module.ina] Polled module snapshot: {
  "module": "ina",
  "updated_at": "2026-07-25T03:48:27.396226",
  "status": "running",
  "device_count": 2,
  "sensor_count": 6,
  "sensor_types": {
    "Battery": 2,
    "Wind": 2,
    "Solar": 2
  }
}
2026-07-25 04:48:32,403 INFO [energy_monitor_core.module.ina] Polled module snapshot: {
  "module": "ina",
  "updated_at": "2026-07-25T03:48:32.403344",
  "status": "running",
  "device_count": 2,
  "sensor_count": 6,
  "sensor_types": {
    "Battery": 2,
    "Wind": 2,
    "Solar": 2
  }
}
2026-07-25 04:48:37,411 INFO [energy_monitor_core.module.ina] Polled module snapshot: {
  "module": "ina",
  "updated_at": "2026-07-25T03:48:37.411327",
  "status": "running",
  "device_count": 2,
  "sensor_count": 6,
  "sensor_types": {
    "Battery": 2,
    "Wind": 2,
    "Solar": 2
  }
}
2026-07-25 04:48:42,420 INFO [energy_monitor_core.module.ina] Polled module snapshot: {
  "module": "ina",
  "updated_at": "2026-07-25T03:48:42.420170",
  "status": "running",
  "device_count": 2,
  "sensor_count": 6,
  "sensor_types": {
    "Battery": 2,
    "Wind": 2,
    "Solar": 2
  }
}
2026-07-25 04:48:47,427 INFO [energy_monitor_core.module.ina] Polled module snapshot: {
  "module": "ina",
  "updated_at": "2026-07-25T03:48:47.427316",
  "status": "running",
  "device_count": 2,
  "sensor_count": 6,
  "sensor_types": {
    "Battery": 2,
    "Wind": 2,
    "Solar": 2
  }
}
2026-07-25 04:48:52,435 INFO [energy_monitor_core.module.ina] Polled module snapshot: {
  "module": "ina",
  "updated_at": "2026-07-25T03:48:52.434918",
  "status": "running",
  "device_count": 2,
  "sensor_count": 6,
  "sensor_types": {
    "Battery": 2,
    "Wind": 2,
    "Solar": 2
  }
}
2026-07-25 04:48:57,444 INFO [energy_monitor_core.module.ina] Polled module snapshot: {
  "module": "ina",
  "updated_at": "2026-07-25T03:48:57.443667",
  "status": "running",
  "device_count": 2,
  "sensor_count": 6,
  "sensor_types": {
    "Battery": 2,
    "Wind": 2,
    "Solar": 2
  }
}
2026-07-25 04:49:02,461 INFO [energy_monitor_core.module.ina] Polled module snapshot: {
  "module": "ina",
  "updated_at": "2026-07-25T03:49:02.460883",
  "status": "running",
  "device_count": 2,
  "sensor_count": 6,
  "sensor_types": {
    "Battery": 2,
    "Wind": 2,
    "Solar": 2
  }
}
2026-07-25 04:49:07,468 INFO [energy_monitor_core.module.ina] Polled module snapshot: {
  "module": "ina",
  "updated_at": "2026-07-25T03:49:07.468315",
  "status": "running",
  "device_count": 2,
  "sensor_count": 6,
  "sensor_types": {
    "Battery": 2,
    "Wind": 2,
    "Solar": 2
  }
}
2026-07-25 04:49:12,477 INFO [energy_monitor_core.module.ina] Polled module snapshot: {
  "module": "ina",
  "updated_at": "2026-07-25T03:49:12.477226",
  "status": "running",
  "device_count": 2,
  "sensor_count": 6,
  "sensor_types": {
    "Battery": 2,
    "Wind": 2,
    "Solar": 2
  }
}
2026-07-25 04:49:17,490 INFO [energy_monitor_core.module.ina] Polled module snapshot: {
  "module": "ina",
  "updated_at": "2026-07-25T03:49:17.490339",
  "status": "running",
  "device_count": 2,
  "sensor_count": 6,
  "sensor_types": {
    "Battery": 2,
    "Wind": 2,
    "Solar": 2
  }
}
2026-07-25 04:49:22,498 INFO [energy_monitor_core.module.ina] Polled module snapshot: {
  "module": "ina",
  "updated_at": "2026-07-25T03:49:22.498576",
  "status": "running",
  "device_count": 2,
  "sensor_count": 6,
  "sensor_types": {
    "Battery": 2,
    "Wind": 2,
    "Solar": 2
  }
}
2026-07-25 04:49:27,506 INFO [energy_monitor_core.module.ina] Polled module snapshot: {
  "module": "ina",
  "updated_at": "2026-07-25T03:49:27.505997",
  "status": "running",
  "device_count": 2,
  "sensor_count": 6,
  "sensor_types": {
    "Battery": 2,
    "Wind": 2,
    "Solar": 2
  }
}
2026-07-25 04:49:32,513 INFO [energy_monitor_core.module.ina] Polled module snapshot: {
  "module": "ina",
  "updated_at": "2026-07-25T03:49:32.513369",
  "status": "running",
  "device_count": 2,
  "sensor_count": 6,
  "sensor_types": {
    "Battery": 2,
    "Wind": 2,
    "Solar": 2
  }
}
2026-07-25 04:49:42,500 INFO [energy_monitor_core.module.ina] Module runtime started
2026-07-25 04:49:42,598 INFO [energy_monitor_core.module.ina] Polled module snapshot: {
  "module": "ina",
  "updated_at": "2026-07-25T03:49:42.597899",
  "status": "running",
  "device_count": 2,
  "sensor_count": 6,
  "sensor_types": {
    "battery": 2,
    "wind": 2,
    "solar": 2
  }
}
2026-07-25 04:49:47,622 INFO [energy_monitor_core.module.ina] Polled module snapshot: {
  "module": "ina",
  "updated_at": "2026-07-25T03:49:47.622477",
  "status": "running",
  "device_count": 2,
  "sensor_count": 6,
  "sensor_types": {
    "battery": 2,
    "wind": 2,
    "solar": 2
  }
}
2026-07-25 04:49:52,630 INFO [energy_monitor_core.module.ina] Polled module snapshot: {
  "module": "ina",
  "updated_at": "2026-07-25T03:49:52.629892",
  "status": "running",
  "device_count": 2,
  "sensor_count": 6,
  "sensor_types": {
    "battery": 2,
    "wind": 2,
    "solar": 2
  }
}
2026-07-25 04:49:57,642 INFO [energy_monitor_core.module.ina] Polled module snapshot: {
  "module": "ina",
  "updated_at": "2026-07-25T03:49:57.642061",
  "status": "running",
  "device_count": 2,
  "sensor_count": 6,
  "sensor_types": {
    "battery": 2,
    "wind": 2,
    "solar": 2
  }
}
2026-07-25 04:50:02,653 INFO [energy_monitor_core.module.ina] Polled module snapshot: {
  "module": "ina",
  "updated_at": "2026-07-25T03:50:02.653086",
  "status": "running",
  "device_count": 2,
  "sensor_count": 6,
  "sensor_types": {
    "battery": 2,
    "wind": 2,
    "solar": 2
  }
}
2026-07-25 04:50:07,662 INFO [energy_monitor_core.module.ina] Polled module snapshot: {
  "module": "ina",
  "updated_at": "2026-07-25T03:50:07.662630",
  "status": "running",
  "device_count": 2,
  "sensor_count": 6,
  "sensor_types": {
    "battery": 2,
    "wind": 2,
    "solar": 2
  }
}
2026-07-25 04:50:12,672 INFO [energy_monitor_core.module.ina] Polled module snapshot: {
  "module": "ina",
  "updated_at": "2026-07-25T03:50:12.672253",
  "status": "running",
  "device_count": 2,
  "sensor_count": 6,
  "sensor_types": {
    "battery": 2,
    "wind": 2,
    "solar": 2
  }
}
2026-07-25 04:50:17,682 INFO [energy_monitor_core.module.ina] Polled module snapshot: {
  "module": "ina",
  "updated_at": "2026-07-25T03:50:17.681736",
  "status": "running",
  "device_count": 2,
  "sensor_count": 6,
  "sensor_types": {
    "battery": 2,
    "wind": 2,
    "solar": 2
  }
}
2026-07-25 04:50:22,691 INFO [energy_monitor_core.module.ina] Polled module snapshot: {
  "module": "ina",
  "updated_at": "2026-07-25T03:50:22.691462",
  "status": "running",
  "device_count": 2,
  "sensor_count": 6,
  "sensor_types": {
    "battery": 2,
    "wind": 2,
    "solar": 2
  }
}
2026-07-25 04:50:27,698 INFO [energy_monitor_core.module.ina] Polled module snapshot: {
  "module": "ina",
  "updated_at": "2026-07-25T03:50:27.698786",
  "status": "running",
  "device_count": 2,
  "sensor_count": 6,
  "sensor_types": {
    "battery": 2,
    "wind": 2,
    "solar": 2
  }
}
2026-07-25 04:50:32,708 INFO [energy_monitor_core.module.ina] Polled module snapshot: {
  "module": "ina",
  "updated_at": "2026-07-25T03:50:32.707767",
  "status": "running",
  "device_count": 2,
  "sensor_count": 6,
  "sensor_types": {
    "battery": 2,
    "wind": 2,
    "solar": 2
  }
}
2026-07-25 04:50:37,718 INFO [energy_monitor_core.module.ina] Polled module snapshot: {
  "module": "ina",
  "updated_at": "2026-07-25T03:50:37.717965",
  "status": "running",
  "device_count": 2,
  "sensor_count": 6,
  "sensor_types": {
    "battery": 2,
    "wind": 2,
    "solar": 2
  }
}
2026-07-25 04:50:42,728 INFO [energy_monitor_core.module.ina] Polled module snapshot: {
  "module": "ina",
  "updated_at": "2026-07-25T03:50:42.728015",
  "status": "running",
  "device_count": 2,
  "sensor_count": 6,
  "sensor_types": {
    "battery": 2,
    "wind": 2,
    "solar": 2
  }
}
2026-07-25 04:50:47,737 INFO [energy_monitor_core.module.ina] Polled module snapshot: {
  "module": "ina",
  "updated_at": "2026-07-25T03:50:47.737584",
  "status": "running",
  "device_count": 2,
  "sensor_count": 6,
  "sensor_types": {
    "battery": 2,
    "wind": 2,
    "solar": 2
  }
}
2026-07-25 04:50:52,747 INFO [energy_monitor_core.module.ina] Polled module snapshot: {
  "module": "ina",
  "updated_at": "2026-07-25T03:50:52.746986",
  "status": "running",
  "device_count": 2,
  "sensor_count": 6,
  "sensor_types": {
    "battery": 2,
    "wind": 2,
    "solar": 2
  }
}
2026-07-25 04:50:57,756 INFO [energy_monitor_core.module.ina] Polled module snapshot: {
  "module": "ina",
  "updated_at": "2026-07-25T03:50:57.756635",
  "status": "running",
  "device_count": 2,
  "sensor_count": 6,
  "sensor_types": {
    "battery": 2,
    "wind": 2,
    "solar": 2
  }
}
2026-07-25 04:51:02,764 INFO [energy_monitor_core.module.ina] Polled module snapshot: {
  "module": "ina",
  "updated_at": "2026-07-25T03:51:02.764335",
  "status": "running",
  "device_count": 2,
  "sensor_count": 6,
  "sensor_types": {
    "battery": 2,
    "wind": 2,
    "solar": 2
  }
}
2026-07-25 04:51:07,773 INFO [energy_monitor_core.module.ina] Polled module snapshot: {
  "module": "ina",
  "updated_at": "2026-07-25T03:51:07.773084",
  "status": "running",
  "device_count": 2,
  "sensor_count": 6,
  "sensor_types": {
    "battery": 2,
    "wind": 2,
    "solar": 2
  }
}
2026-07-25 04:51:12,783 INFO [energy_monitor_core.module.ina] Polled module snapshot: {
  "module": "ina",
  "updated_at": "2026-07-25T03:51:12.783022",
  "status": "running",
  "device_count": 2,
  "sensor_count": 6,
  "sensor_types": {
    "battery": 2,
    "wind": 2,
    "solar": 2
  }
}
2026-07-25 04:51:17,790 INFO [energy_monitor_core.module.ina] Polled module snapshot: {
  "module": "ina",
  "updated_at": "2026-07-25T03:51:17.790762",
  "status": "running",
  "device_count": 2,
  "sensor_count": 6,
  "sensor_types": {
    "battery": 2,
    "wind": 2,
    "solar": 2
  }
}
2026-07-25 04:51:22,800 INFO [energy_monitor_core.module.ina] Polled module snapshot: {
  "module": "ina",
  "updated_at": "2026-07-25T03:51:22.800642",
  "status": "running",
  "device_count": 2,
  "sensor_count": 6,
  "sensor_types": {
    "battery": 2,
    "wind": 2,
    "solar": 2
  }
}
2026-07-25 04:51:27,810 INFO [energy_monitor_core.module.ina] Polled module snapshot: {
  "module": "ina",
  "updated_at": "2026-07-25T03:51:27.810425",
  "status": "running",
  "device_count": 2,
  "sensor_count": 6,
  "sensor_types": {
    "battery": 2,
    "wind": 2,
    "solar": 2
  }
}
2026-07-25 04:51:32,820 INFO [energy_monitor_core.module.ina] Polled module snapshot: {
  "module": "ina",
  "updated_at": "2026-07-25T03:51:32.820464",
  "status": "running",
  "device_count": 2,
  "sensor_count": 6,
  "sensor_types": {
    "battery": 2,
    "wind": 2,
    "solar": 2
  }
}
2026-07-25 04:51:37,830 INFO [energy_monitor_core.module.ina] Polled module snapshot: {
  "module": "ina",
  "updated_at": "2026-07-25T03:51:37.830406",
  "status": "running",
  "device_count": 2,
  "sensor_count": 6,
  "sensor_types": {
    "battery": 2,
    "wind": 2,
    "solar": 2
  }
}
2026-07-25 04:51:42,842 INFO [energy_monitor_core.module.ina] Polled module snapshot: {
  "module": "ina",
  "updated_at": "2026-07-25T03:51:42.842345",
  "status": "running",
  "device_count": 2,
  "sensor_count": 6,
  "sensor_types": {
    "battery": 2,
    "wind": 2,
    "solar": 2
  }
}
2026-07-25 04:51:47,851 INFO [energy_monitor_core.module.ina] Polled module snapshot: {
  "module": "ina",
  "updated_at": "2026-07-25T03:51:47.851191",
  "status": "running",
  "device_count": 2,
  "sensor_count": 6,
  "sensor_types": {
    "battery": 2,
    "wind": 2,
    "solar": 2
  }
}
2026-07-25 04:51:52,861 INFO [energy_monitor_core.module.ina] Polled module snapshot: {
  "module": "ina",
  "updated_at": "2026-07-25T03:51:52.861194",
  "status": "running",
  "device_count": 2,
  "sensor_count": 6,
  "sensor_types": {
    "battery": 2,
    "wind": 2,
    "solar": 2
  }
}
2026-07-25 04:51:57,868 INFO [energy_monitor_core.module.ina] Polled module snapshot: {
  "module": "ina",
  "updated_at": "2026-07-25T03:51:57.867791",
  "status": "running",
  "device_count": 2,
  "sensor_count": 6,
  "sensor_types": {
    "battery": 2,
    "wind": 2,
    "solar": 2
  }
}
2026-07-25 04:52:02,877 INFO [energy_monitor_core.module.ina] Polled module snapshot: {
  "module": "ina",
  "updated_at": "2026-07-25T03:52:02.877126",
  "status": "running",
  "device_count": 2,
  "sensor_count": 6,
  "sensor_types": {
    "battery": 2,
    "wind": 2,
    "solar": 2
  }
}
2026-07-25 04:52:07,887 INFO [energy_monitor_core.module.ina] Polled module snapshot: {
  "module": "ina",
  "updated_at": "2026-07-25T03:52:07.886909",
  "status": "running",
  "device_count": 2,
  "sensor_count": 6,
  "sensor_types": {
    "battery": 2,
    "wind": 2,
    "solar": 2
  }
}
2026-07-25 04:52:12,895 INFO [energy_monitor_core.module.ina] Polled module snapshot: {
  "module": "ina",
  "updated_at": "2026-07-25T03:52:12.895361",
  "status": "running",
  "device_count": 2,
  "sensor_count": 6,
  "sensor_types": {
    "battery": 2,
    "wind": 2,
    "solar": 2
  }
}
2026-07-25 04:52:17,904 INFO [energy_monitor_core.module.ina] Polled module snapshot: {
  "module": "ina",
  "updated_at": "2026-07-25T03:52:17.903631",
  "status": "running",
  "device_count": 2,
  "sensor_count": 6,
  "sensor_types": {
    "battery": 2,
    "wind": 2,
    "solar": 2
  }
}
2026-07-25 04:52:22,914 INFO [energy_monitor_core.module.ina] Polled module snapshot: {
  "module": "ina",
  "updated_at": "2026-07-25T03:52:22.914376",
  "status": "running",
  "device_count": 2,
  "sensor_count": 6,
  "sensor_types": {
    "battery": 2,
    "wind": 2,
    "solar": 2
  }
}
2026-07-25 04:52:27,924 INFO [energy_monitor_core.module.ina] Polled module snapshot: {
  "module": "ina",
  "updated_at": "2026-07-25T03:52:27.923919",
  "status": "running",
  "device_count": 2,
  "sensor_count": 6,
  "sensor_types": {
    "battery": 2,
    "wind": 2,
    "solar": 2
  }
}
2026-07-25 04:52:32,930 INFO [energy_monitor_core.module.ina] Polled module snapshot: {
  "module": "ina",
  "updated_at": "2026-07-25T03:52:32.930807",
  "status": "running",
  "device_count": 2,
  "sensor_count": 6,
  "sensor_types": {
    "battery": 2,
    "wind": 2,
    "solar": 2
  }
}
2026-07-25 04:52:37,940 INFO [energy_monitor_core.module.ina] Polled module snapshot: {
  "module": "ina",
  "updated_at": "2026-07-25T03:52:37.940044",
  "status": "running",
  "device_count": 2,
  "sensor_count": 6,
  "sensor_types": {
    "battery": 2,
    "wind": 2,
    "solar": 2
  }
}
2026-07-25 04:52:42,951 INFO [energy_monitor_core.module.ina] Polled module snapshot: {
  "module": "ina",
  "updated_at": "2026-07-25T03:52:42.950948",
  "status": "running",
  "device_count": 2,
  "sensor_count": 6,
  "sensor_types": {
    "battery": 2,
    "wind": 2,
    "solar": 2
  }
}
2026-07-25 04:52:47,962 INFO [energy_monitor_core.module.ina] Polled module snapshot: {
  "module": "ina",
  "updated_at": "2026-07-25T03:52:47.962038",
  "status": "running",
  "device_count": 2,
  "sensor_count": 6,
  "sensor_types": {
    "battery": 2,
    "wind": 2,
    "solar": 2
  }
}
2026-07-25 04:52:52,969 INFO [energy_monitor_core.module.ina] Polled module snapshot: {
  "module": "ina",
  "updated_at": "2026-07-25T03:52:52.969588",
  "status": "running",
  "device_count": 2,
  "sensor_count": 6,
  "sensor_types": {
    "battery": 2,
    "wind": 2,
    "solar": 2
  }
}
2026-07-25 04:52:57,980 INFO [energy_monitor_core.module.ina] Polled module snapshot: {
  "module": "ina",
  "updated_at": "2026-07-25T03:52:57.979627",
  "status": "running",
  "device_count": 2,
  "sensor_count": 6,
  "sensor_types": {
    "battery": 2,
    "wind": 2,
    "solar": 2
  }
}
2026-07-25 04:53:02,989 INFO [energy_monitor_core.module.ina] Polled module snapshot: {
  "module": "ina",
  "updated_at": "2026-07-25T03:53:02.989307",
  "status": "running",
  "device_count": 2,
  "sensor_count": 6,
  "sensor_types": {
    "battery": 2,
    "wind": 2,
    "solar": 2
  }
}
2026-07-25 04:53:07,995 INFO [energy_monitor_core.module.ina] Polled module snapshot: {
  "module": "ina",
  "updated_at": "2026-07-25T03:53:07.995474",
  "status": "running",
  "device_count": 2,
  "sensor_count": 6,
  "sensor_types": {
    "battery": 2,
    "wind": 2,
    "solar": 2
  }
}
2026-07-25 04:53:13,010 INFO [energy_monitor_core.module.ina] Polled module snapshot: {
  "module": "ina",
  "updated_at": "2026-07-25T03:53:13.010162",
  "status": "running",
  "device_count": 2,
  "sensor_count": 6,
  "sensor_types": {
    "battery": 2,
    "wind": 2,
    "solar": 2
  }
}
2026-07-25 04:53:18,018 INFO [energy_monitor_core.module.ina] Polled module snapshot: {
  "module": "ina",
  "updated_at": "2026-07-25T03:53:18.018111",
  "status": "running",
  "device_count": 2,
  "sensor_count": 6,
  "sensor_types": {
    "battery": 2,
    "wind": 2,
    "solar": 2
  }
}
2026-07-25 04:53:23,027 INFO [energy_monitor_core.module.ina] Polled module snapshot: {
  "module": "ina",
  "updated_at": "2026-07-25T03:53:23.026904",
  "status": "running",
  "device_count": 2,
  "sensor_count": 6,
  "sensor_types": {
    "battery": 2,
    "wind": 2,
    "solar": 2
  }
}
2026-07-25 04:53:28,035 INFO [energy_monitor_core.module.ina] Polled module snapshot: {
  "module": "ina",
  "updated_at": "2026-07-25T03:53:28.035071",
  "status": "running",
  "device_count": 2,
  "sensor_count": 6,
  "sensor_types": {
    "battery": 2,
    "wind": 2,
    "solar": 2
  }
}
2026-07-25 04:53:33,046 INFO [energy_monitor_core.module.ina] Polled module snapshot: {
  "module": "ina",
  "updated_at": "2026-07-25T03:53:33.045838",
  "status": "running",
  "device_count": 2,
  "sensor_count": 6,
  "sensor_types": {
    "battery": 2,
    "wind": 2,
    "solar": 2
  }
}
2026-07-25 04:53:38,062 INFO [energy_monitor_core.module.ina] Polled module snapshot: {
  "module": "ina",
  "updated_at": "2026-07-25T03:53:38.061871",
  "status": "running",
  "device_count": 2,
  "sensor_count": 6,
  "sensor_types": {
    "battery": 2,
    "wind": 2,
    "solar": 2
  }
}
2026-07-25 04:53:43,071 INFO [energy_monitor_core.module.ina] Polled module snapshot: {
  "module": "ina",
  "updated_at": "2026-07-25T03:53:43.071527",
  "status": "running",
  "device_count": 2,
  "sensor_count": 6,
  "sensor_types": {
    "battery": 2,
    "wind": 2,
    "solar": 2
  }
}
2026-07-25 04:53:48,082 INFO [energy_monitor_core.module.ina] Polled module snapshot: {
  "module": "ina",
  "updated_at": "2026-07-25T03:53:48.081687",
  "status": "running",
  "device_count": 2,
  "sensor_count": 6,
  "sensor_types": {
    "battery": 2,
    "wind": 2,
    "solar": 2
  }
}
2026-07-25 04:53:53,091 INFO [energy_monitor_core.module.ina] Polled module snapshot: {
  "module": "ina",
  "updated_at": "2026-07-25T03:53:53.091509",
  "status": "running",
  "device_count": 2,
  "sensor_count": 6,
  "sensor_types": {
    "battery": 2,
    "wind": 2,
    "solar": 2
  }
}
2026-07-25 04:53:58,102 INFO [energy_monitor_core.module.ina] Polled module snapshot: {
  "module": "ina",
  "updated_at": "2026-07-25T03:53:58.101917",
  "status": "running",
  "device_count": 2,
  "sensor_count": 6,
  "sensor_types": {
    "battery": 2,
    "wind": 2,
    "solar": 2
  }
}
2026-07-25 04:54:03,114 INFO [energy_monitor_core.module.ina] Polled module snapshot: {
  "module": "ina",
  "updated_at": "2026-07-25T03:54:03.114368",
  "status": "running",
  "device_count": 2,
  "sensor_count": 6,
  "sensor_types": {
    "battery": 2,
    "wind": 2,
    "solar": 2
  }
}
2026-07-25 04:54:08,126 INFO [energy_monitor_core.module.ina] Polled module snapshot: {
  "module": "ina",
  "updated_at": "2026-07-25T03:54:08.125981",
  "status": "running",
  "device_count": 2,
  "sensor_count": 6,
  "sensor_types": {
    "battery": 2,
    "wind": 2,
    "solar": 2
  }
}
2026-07-25 04:54:13,138 INFO [energy_monitor_core.module.ina] Polled module snapshot: {
  "module": "ina",
  "updated_at": "2026-07-25T03:54:13.137895",
  "status": "running",
  "device_count": 2,
  "sensor_count": 6,
  "sensor_types": {
    "battery": 2,
    "wind": 2,
    "solar": 2
  }
}
2026-07-25 04:54:18,145 INFO [energy_monitor_core.module.ina] Polled module snapshot: {
  "module": "ina",
  "updated_at": "2026-07-25T03:54:18.145538",
  "status": "running",
  "device_count": 2,
  "sensor_count": 6,
  "sensor_types": {
    "battery": 2,
    "wind": 2,
    "solar": 2
  }
}
2026-07-25 04:54:23,153 INFO [energy_monitor_core.module.ina] Polled module snapshot: {
  "module": "ina",
  "updated_at": "2026-07-25T03:54:23.152894",
  "status": "running",
  "device_count": 2,
  "sensor_count": 6,
  "sensor_types": {
    "battery": 2,
    "wind": 2,
    "solar": 2
  }
}
2026-07-25 04:54:28,157 INFO [energy_monitor_core.module.ina] Polled module snapshot: {
  "module": "ina",
  "updated_at": "2026-07-25T03:54:28.156971",
  "status": "running",
  "device_count": 2,
  "sensor_count": 6,
  "sensor_types": {
    "battery": 2,
    "wind": 2,
    "solar": 2
  }
}
2026-07-25 04:54:33,163 INFO [energy_monitor_core.module.ina] Polled module snapshot: {
  "module": "ina",
  "updated_at": "2026-07-25T03:54:33.163448",
  "status": "running",
  "device_count": 2,
  "sensor_count": 6,
  "sensor_types": {
    "battery": 2,
    "wind": 2,
    "solar": 2
  }
}
2026-07-25 04:54:38,171 INFO [energy_monitor_core.module.ina] Polled module snapshot: {
  "module": "ina",
  "updated_at": "2026-07-25T03:54:38.171159",
  "status": "running",
  "device_count": 2,
  "sensor_count": 6,
  "sensor_types": {
    "battery": 2,
    "wind": 2,
    "solar": 2
  }
}
2026-07-25 04:54:43,179 INFO [energy_monitor_core.module.ina] Polled module snapshot: {
  "module": "ina",
  "updated_at": "2026-07-25T03:54:43.178909",
  "status": "running",
  "device_count": 2,
  "sensor_count": 6,
  "sensor_types": {
    "battery": 2,
    "wind": 2,
    "solar": 2
  }
}
2026-07-25 04:54:48,184 INFO [energy_monitor_core.module.ina] Polled module snapshot: {
  "module": "ina",
  "updated_at": "2026-07-25T03:54:48.183854",
  "status": "running",
  "device_count": 2,
  "sensor_count": 6,
  "sensor_types": {
    "battery": 2,
    "wind": 2,
    "solar": 2
  }
}
2026-07-25 04:54:53,191 INFO [energy_monitor_core.module.ina] Polled module snapshot: {
  "module": "ina",
  "updated_at": "2026-07-25T03:54:53.190859",
  "status": "running",
  "device_count": 2,
  "sensor_count": 6,
  "sensor_types": {
    "battery": 2,
    "wind": 2,
    "solar": 2
  }
}
2026-07-25 04:54:58,200 INFO [energy_monitor_core.module.ina] Polled module snapshot: {
  "module": "ina",
  "updated_at": "2026-07-25T03:54:58.199930",
  "status": "running",
  "device_count": 2,
  "sensor_count": 6,
  "sensor_types": {
    "battery": 2,
    "wind": 2,
    "solar": 2
  }
}
2026-07-25 04:55:03,208 INFO [energy_monitor_core.module.ina] Polled module snapshot: {
  "module": "ina",
  "updated_at": "2026-07-25T03:55:03.208040",
  "status": "running",
  "device_count": 2,
  "sensor_count": 6,
  "sensor_types": {
    "battery": 2,
    "wind": 2,
    "solar": 2
  }
}
2026-07-25 04:55:08,216 INFO [energy_monitor_core.module.ina] Polled module snapshot: {
  "module": "ina",
  "updated_at": "2026-07-25T03:55:08.215601",
  "status": "running",
  "device_count": 2,
  "sensor_count": 6,
  "sensor_types": {
    "battery": 2,
    "wind": 2,
    "solar": 2
  }
}
2026-07-25 04:55:13,225 INFO [energy_monitor_core.module.ina] Polled module snapshot: {
  "module": "ina",
  "updated_at": "2026-07-25T03:55:13.224664",
  "status": "running",
  "device_count": 2,
  "sensor_count": 6,
  "sensor_types": {
    "battery": 2,
    "wind": 2,
    "solar": 2
  }
}
2026-07-25 04:55:18,230 INFO [energy_monitor_core.module.ina] Polled module snapshot: {
  "module": "ina",
  "updated_at": "2026-07-25T03:55:18.230030",
  "status": "running",
  "device_count": 2,
  "sensor_count": 6,
  "sensor_types": {
    "battery": 2,
    "wind": 2,
    "solar": 2
  }
}
2026-07-25 04:55:23,237 INFO [energy_monitor_core.module.ina] Polled module snapshot: {
  "module": "ina",
  "updated_at": "2026-07-25T03:55:23.236617",
  "status": "running",
  "device_count": 2,
  "sensor_count": 6,
  "sensor_types": {
    "battery": 2,
    "wind": 2,
    "solar": 2
  }
}
2026-07-25 04:55:28,245 INFO [energy_monitor_core.module.ina] Polled module snapshot: {
  "module": "ina",
  "updated_at": "2026-07-25T03:55:28.244669",
  "status": "running",
  "device_count": 2,
  "sensor_count": 6,
  "sensor_types": {
    "battery": 2,
    "wind": 2,
    "solar": 2
  }
}
2026-07-25 04:55:33,248 INFO [energy_monitor_core.module.ina] Polled module snapshot: {
  "module": "ina",
  "updated_at": "2026-07-25T03:55:33.248753",
  "status": "running",
  "device_count": 2,
  "sensor_count": 6,
  "sensor_types": {
    "battery": 2,
    "wind": 2,
    "solar": 2
  }
}
2026-07-25 04:55:38,256 INFO [energy_monitor_core.module.ina] Polled module snapshot: {
  "module": "ina",
  "updated_at": "2026-07-25T03:55:38.255976",
  "status": "running",
  "device_count": 2,
  "sensor_count": 6,
  "sensor_types": {
    "battery": 2,
    "wind": 2,
    "solar": 2
  }
}
2026-07-25 04:55:43,265 INFO [energy_monitor_core.module.ina] Polled module snapshot: {
  "module": "ina",
  "updated_at": "2026-07-25T03:55:43.264729",
  "status": "running",
  "device_count": 2,
  "sensor_count": 6,
  "sensor_types": {
    "battery": 2,
    "wind": 2,
    "solar": 2
  }
}
2026-07-25 04:55:48,281 INFO [energy_monitor_core.module.ina] Polled module snapshot: {
  "module": "ina",
  "updated_at": "2026-07-25T03:55:48.280918",
  "status": "running",
  "device_count": 2,
  "sensor_count": 6,
  "sensor_types": {
    "battery": 2,
    "wind": 2,
    "solar": 2
  }
}
2026-07-25 04:55:53,294 INFO [energy_monitor_core.module.ina] Polled module snapshot: {
  "module": "ina",
  "updated_at": "2026-07-25T03:55:53.294562",
  "status": "running",
  "device_count": 2,
  "sensor_count": 6,
  "sensor_types": {
    "battery": 2,
    "wind": 2,
    "solar": 2
  }
}
2026-07-25 04:55:58,317 INFO [energy_monitor_core.module.ina] Polled module snapshot: {
  "module": "ina",
  "updated_at": "2026-07-25T03:55:58.316791",
  "status": "running",
  "device_count": 2,
  "sensor_count": 6,
  "sensor_types": {
    "battery": 2,
    "wind": 2,
    "solar": 2
  }
}
2026-07-25 04:56:03,325 INFO [energy_monitor_core.module.ina] Polled module snapshot: {
  "module": "ina",
  "updated_at": "2026-07-25T03:56:03.324936",
  "status": "running",
  "device_count": 2,
  "sensor_count": 6,
  "sensor_types": {
    "battery": 2,
    "wind": 2,
    "solar": 2
  }
}
2026-07-25 04:56:08,336 INFO [energy_monitor_core.module.ina] Polled module snapshot: {
  "module": "ina",
  "updated_at": "2026-07-25T03:56:08.336196",
  "status": "running",
  "device_count": 2,
  "sensor_count": 6,
  "sensor_types": {
    "battery": 2,
    "wind": 2,
    "solar": 2
  }
}
2026-07-25 04:56:13,350 INFO [energy_monitor_core.module.ina] Polled module snapshot: {
  "module": "ina",
  "updated_at": "2026-07-25T03:56:13.349635",
  "status": "running",
  "device_count": 2,
  "sensor_count": 6,
  "sensor_types": {
    "battery": 2,
    "wind": 2,
    "solar": 2
  }
}
2026-07-25 04:56:18,366 INFO [energy_monitor_core.module.ina] Polled module snapshot: {
  "module": "ina",
  "updated_at": "2026-07-25T03:56:18.364995",
  "status": "running",
  "device_count": 2,
  "sensor_count": 6,
  "sensor_types": {
    "battery": 2,
    "wind": 2,
    "solar": 2
  }
}
2026-07-25 04:56:23,372 INFO [energy_monitor_core.module.ina] Polled module snapshot: {
  "module": "ina",
  "updated_at": "2026-07-25T03:56:23.372062",
  "status": "running",
  "device_count": 2,
  "sensor_count": 6,
  "sensor_types": {
    "battery": 2,
    "wind": 2,
    "solar": 2
  }
}
2026-07-25 04:56:28,382 INFO [energy_monitor_core.module.ina] Polled module snapshot: {
  "module": "ina",
  "updated_at": "2026-07-25T03:56:28.381960",
  "status": "running",
  "device_count": 2,
  "sensor_count": 6,
  "sensor_types": {
    "battery": 2,
    "wind": 2,
    "solar": 2
  }
}
2026-07-25 04:56:33,393 INFO [energy_monitor_core.module.ina] Polled module snapshot: {
  "module": "ina",
  "updated_at": "2026-07-25T03:56:33.392628",
  "status": "running",
  "device_count": 2,
  "sensor_count": 6,
  "sensor_types": {
    "battery": 2,
    "wind": 2,
    "solar": 2
  }
}
2026-07-25 04:56:38,402 INFO [energy_monitor_core.module.ina] Polled module snapshot: {
  "module": "ina",
  "updated_at": "2026-07-25T03:56:38.402478",
  "status": "running",
  "device_count": 2,
  "sensor_count": 6,
  "sensor_types": {
    "battery": 2,
    "wind": 2,
    "solar": 2
  }
}
2026-07-25 04:56:43,412 INFO [energy_monitor_core.module.ina] Polled module snapshot: {
  "module": "ina",
  "updated_at": "2026-07-25T03:56:43.412148",
  "status": "running",
  "device_count": 2,
  "sensor_count": 6,
  "sensor_types": {
    "battery": 2,
    "wind": 2,
    "solar": 2
  }
}
2026-07-25 04:56:48,420 INFO [energy_monitor_core.module.ina] Polled module snapshot: {
  "module": "ina",
  "updated_at": "2026-07-25T03:56:48.419576",
  "status": "running",
  "device_count": 2,
  "sensor_count": 6,
  "sensor_types": {
    "battery": 2,
    "wind": 2,
    "solar": 2
  }
}
2026-07-25 04:56:53,429 INFO [energy_monitor_core.module.ina] Polled module snapshot: {
  "module": "ina",
  "updated_at": "2026-07-25T03:56:53.428744",
  "status": "running",
  "device_count": 2,
  "sensor_count": 6,
  "sensor_types": {
    "battery": 2,
    "wind": 2,
    "solar": 2
  }
}
2026-07-25 04:56:58,436 INFO [energy_monitor_core.module.ina] Polled module snapshot: {
  "module": "ina",
  "updated_at": "2026-07-25T03:56:58.436621",
  "status": "running",
  "device_count": 2,
  "sensor_count": 6,
  "sensor_types": {
    "battery": 2,
    "wind": 2,
    "solar": 2
  }
}
2026-07-25 04:57:03,444 INFO [energy_monitor_core.module.ina] Polled module snapshot: {
  "module": "ina",
  "updated_at": "2026-07-25T03:57:03.443797",
  "status": "running",
  "device_count": 2,
  "sensor_count": 6,
  "sensor_types": {
    "battery": 2,
    "wind": 2,
    "solar": 2
  }
}
2026-07-25 04:57:08,451 INFO [energy_monitor_core.module.ina] Polled module snapshot: {
  "module": "ina",
  "updated_at": "2026-07-25T03:57:08.451266",
  "status": "running",
  "device_count": 2,
  "sensor_count": 6,
  "sensor_types": {
    "battery": 2,
    "wind": 2,
    "solar": 2
  }
}
2026-07-25 04:57:13,460 INFO [energy_monitor_core.module.ina] Polled module snapshot: {
  "module": "ina",
  "updated_at": "2026-07-25T03:57:13.459584",
  "status": "running",
  "device_count": 2,
  "sensor_count": 6,
  "sensor_types": {
    "battery": 2,
    "wind": 2,
    "solar": 2
  }
}
2026-07-25 04:57:18,467 INFO [energy_monitor_core.module.ina] Polled module snapshot: {
  "module": "ina",
  "updated_at": "2026-07-25T03:57:18.467510",
  "status": "running",
  "device_count": 2,
  "sensor_count": 6,
  "sensor_types": {
    "battery": 2,
    "wind": 2,
    "solar": 2
  }
}
2026-07-25 04:57:23,478 INFO [energy_monitor_core.module.ina] Polled module snapshot: {
  "module": "ina",
  "updated_at": "2026-07-25T03:57:23.477633",
  "status": "running",
  "device_count": 2,
  "sensor_count": 6,
  "sensor_types": {
    "battery": 2,
    "wind": 2,
    "solar": 2
  }
}
2026-07-25 04:57:28,487 INFO [energy_monitor_core.module.ina] Polled module snapshot: {
  "module": "ina",
  "updated_at": "2026-07-25T03:57:28.486926",
  "status": "running",
  "device_count": 2,
  "sensor_count": 6,
  "sensor_types": {
    "battery": 2,
    "wind": 2,
    "solar": 2
  }
}
2026-07-25 04:57:33,495 INFO [energy_monitor_core.module.ina] Polled module snapshot: {
  "module": "ina",
  "updated_at": "2026-07-25T03:57:33.495022",
  "status": "running",
  "device_count": 2,
  "sensor_count": 6,
  "sensor_types": {
    "battery": 2,
    "wind": 2,
    "solar": 2
  }
}
2026-07-25 04:57:38,504 INFO [energy_monitor_core.module.ina] Polled module snapshot: {
  "module": "ina",
  "updated_at": "2026-07-25T03:57:38.504209",
  "status": "running",
  "device_count": 2,
  "sensor_count": 6,
  "sensor_types": {
    "battery": 2,
    "wind": 2,
    "solar": 2
  }
}
2026-07-25 04:57:43,512 INFO [energy_monitor_core.module.ina] Polled module snapshot: {
  "module": "ina",
  "updated_at": "2026-07-25T03:57:43.512249",
  "status": "running",
  "device_count": 2,
  "sensor_count": 6,
  "sensor_types": {
    "battery": 2,
    "wind": 2,
    "solar": 2
  }
}
2026-07-25 04:57:48,521 INFO [energy_monitor_core.module.ina] Polled module snapshot: {
  "module": "ina",
  "updated_at": "2026-07-25T03:57:48.520843",
  "status": "running",
  "device_count": 2,
  "sensor_count": 6,
  "sensor_types": {
    "battery": 2,
    "wind": 2,
    "solar": 2
  }
}
2026-07-25 04:57:53,528 INFO [energy_monitor_core.module.ina] Polled module snapshot: {
  "module": "ina",
  "updated_at": "2026-07-25T03:57:53.528178",
  "status": "running",
  "device_count": 2,
  "sensor_count": 6,
  "sensor_types": {
    "battery": 2,
    "wind": 2,
    "solar": 2
  }
}
2026-07-25 04:57:58,533 INFO [energy_monitor_core.module.ina] Polled module snapshot: {
  "module": "ina",
  "updated_at": "2026-07-25T03:57:58.532967",
  "status": "running",
  "device_count": 2,
  "sensor_count": 6,
  "sensor_types": {
    "battery": 2,
    "wind": 2,
    "solar": 2
  }
}
2026-07-25 04:58:03,542 INFO [energy_monitor_core.module.ina] Polled module snapshot: {
  "module": "ina",
  "updated_at": "2026-07-25T03:58:03.542437",
  "status": "running",
  "device_count": 2,
  "sensor_count": 6,
  "sensor_types": {
    "battery": 2,
    "wind": 2,
    "solar": 2
  }
}
2026-07-25 04:58:08,551 INFO [energy_monitor_core.module.ina] Polled module snapshot: {
  "module": "ina",
  "updated_at": "2026-07-25T03:58:08.551075",
  "status": "running",
  "device_count": 2,
  "sensor_count": 6,
  "sensor_types": {
    "battery": 2,
    "wind": 2,
    "solar": 2
  }
}
2026-07-25 04:58:13,563 INFO [energy_monitor_core.module.ina] Polled module snapshot: {
  "module": "ina",
  "updated_at": "2026-07-25T03:58:13.563292",
  "status": "running",
  "device_count": 2,
  "sensor_count": 6,
  "sensor_types": {
    "battery": 2,
    "wind": 2,
    "solar": 2
  }
}
2026-07-25 04:58:18,571 INFO [energy_monitor_core.module.ina] Polled module snapshot: {
  "module": "ina",
  "updated_at": "2026-07-25T03:58:18.571363",
  "status": "running",
  "device_count": 2,
  "sensor_count": 6,
  "sensor_types": {
    "battery": 2,
    "wind": 2,
    "solar": 2
  }
}
2026-07-25 04:58:23,575 INFO [energy_monitor_core.module.ina] Polled module snapshot: {
  "module": "ina",
  "updated_at": "2026-07-25T03:58:23.575769",
  "status": "running",
  "device_count": 2,
  "sensor_count": 6,
  "sensor_types": {
    "battery": 2,
    "wind": 2,
    "solar": 2
  }
}
2026-07-25 04:58:28,583 INFO [energy_monitor_core.module.ina] Polled module snapshot: {
  "module": "ina",
  "updated_at": "2026-07-25T03:58:28.582785",
  "status": "running",
  "device_count": 2,
  "sensor_count": 6,
  "sensor_types": {
    "battery": 2,
    "wind": 2,
    "solar": 2
  }
}
2026-07-25 04:58:33,591 INFO [energy_monitor_core.module.ina] Polled module snapshot: {
  "module": "ina",
  "updated_at": "2026-07-25T03:58:33.590640",
  "status": "running",
  "device_count": 2,
  "sensor_count": 6,
  "sensor_types": {
    "battery": 2,
    "wind": 2,
    "solar": 2
  }
}
2026-07-25 04:58:38,603 INFO [energy_monitor_core.module.ina] Polled module snapshot: {
  "module": "ina",
  "updated_at": "2026-07-25T03:58:38.602896",
  "status": "running",
  "device_count": 2,
  "sensor_count": 6,
  "sensor_types": {
    "battery": 2,
    "wind": 2,
    "solar": 2
  }
}
2026-07-25 04:58:43,612 INFO [energy_monitor_core.module.ina] Polled module snapshot: {
  "module": "ina",
  "updated_at": "2026-07-25T03:58:43.611756",
  "status": "running",
  "device_count": 2,
  "sensor_count": 6,
  "sensor_types": {
    "battery": 2,
    "wind": 2,
    "solar": 2
  }
}
2026-07-25 04:58:48,621 INFO [energy_monitor_core.module.ina] Polled module snapshot: {
  "module": "ina",
  "updated_at": "2026-07-25T03:58:48.620269",
  "status": "running",
  "device_count": 2,
  "sensor_count": 6,
  "sensor_types": {
    "battery": 2,
    "wind": 2,
    "solar": 2
  }
}
2026-07-25 04:58:53,631 INFO [energy_monitor_core.module.ina] Polled module snapshot: {
  "module": "ina",
  "updated_at": "2026-07-25T03:58:53.630710",
  "status": "running",
  "device_count": 2,
  "sensor_count": 6,
  "sensor_types": {
    "battery": 2,
    "wind": 2,
    "solar": 2
  }
}
2026-07-25 04:58:58,640 INFO [energy_monitor_core.module.ina] Polled module snapshot: {
  "module": "ina",
  "updated_at": "2026-07-25T03:58:58.640246",
  "status": "running",
  "device_count": 2,
  "sensor_count": 6,
  "sensor_types": {
    "battery": 2,
    "wind": 2,
    "solar": 2
  }
}
2026-07-25 04:59:03,650 INFO [energy_monitor_core.module.ina] Polled module snapshot: {
  "module": "ina",
  "updated_at": "2026-07-25T03:59:03.650071",
  "status": "running",
  "device_count": 2,
  "sensor_count": 6,
  "sensor_types": {
    "battery": 2,
    "wind": 2,
    "solar": 2
  }
}
2026-07-25 04:59:18,783 INFO [energy_monitor_core.module.ina] Module runtime started
2026-07-25 04:59:18,880 ERROR [energy_monitor_core.module.ina] Module poll failed: 'sensor_types'
Traceback (most recent call last):
  File "/app/energy_monitor_core/modules.py", line 163, in _loop
    self.poll_once()
  File "/app/energy_monitor_core/modules.py", line 150, in poll_once
    "sensor_types": snapshot["sensor_types"],
                    ~~~~~~~~^^^^^^^^^^^^^^^^
KeyError: 'sensor_types'
2026-07-25 04:59:23,949 ERROR [energy_monitor_core.module.ina] Module poll failed: 'sensor_types'
Traceback (most recent call last):
  File "/app/energy_monitor_core/modules.py", line 163, in _loop
    self.poll_once()
  File "/app/energy_monitor_core/modules.py", line 150, in poll_once
    "sensor_types": snapshot["sensor_types"],
                    ~~~~~~~~^^^^^^^^^^^^^^^^
KeyError: 'sensor_types'
2026-07-25 04:59:28,964 ERROR [energy_monitor_core.module.ina] Module poll failed: 'sensor_types'
Traceback (most recent call last):
  File "/app/energy_monitor_core/modules.py", line 163, in _loop
    self.poll_once()
  File "/app/energy_monitor_core/modules.py", line 150, in poll_once
    "sensor_types": snapshot["sensor_types"],
                    ~~~~~~~~^^^^^^^^^^^^^^^^
KeyError: 'sensor_types'
2026-07-25 04:59:33,975 ERROR [energy_monitor_core.module.ina] Module poll failed: 'sensor_types'
Traceback (most recent call last):
  File "/app/energy_monitor_core/modules.py", line 163, in _loop
    self.poll_once()
  File "/app/energy_monitor_core/modules.py", line 150, in poll_once
    "sensor_types": snapshot["sensor_types"],
                    ~~~~~~~~^^^^^^^^^^^^^^^^
KeyError: 'sensor_types'
2026-07-25 04:59:38,985 ERROR [energy_monitor_core.module.ina] Module poll failed: 'sensor_types'
Traceback (most recent call last):
  File "/app/energy_monitor_core/modules.py", line 163, in _loop
    self.poll_once()
  File "/app/energy_monitor_core/modules.py", line 150, in poll_once
    "sensor_types": snapshot["sensor_types"],
                    ~~~~~~~~^^^^^^^^^^^^^^^^
KeyError: 'sensor_types'
2026-07-25 04:59:43,996 ERROR [energy_monitor_core.module.ina] Module poll failed: 'sensor_types'
Traceback (most recent call last):
  File "/app/energy_monitor_core/modules.py", line 163, in _loop
    self.poll_once()
  File "/app/energy_monitor_core/modules.py", line 150, in poll_once
    "sensor_types": snapshot["sensor_types"],
                    ~~~~~~~~^^^^^^^^^^^^^^^^
KeyError: 'sensor_types'
2026-07-25 04:59:49,003 ERROR [energy_monitor_core.module.ina] Module poll failed: 'sensor_types'
Traceback (most recent call last):
  File "/app/energy_monitor_core/modules.py", line 163, in _loop
    self.poll_once()
  File "/app/energy_monitor_core/modules.py", line 150, in poll_once
    "sensor_types": snapshot["sensor_types"],
                    ~~~~~~~~^^^^^^^^^^^^^^^^
KeyError: 'sensor_types'
2026-07-25 04:59:54,008 ERROR [energy_monitor_core.module.ina] Module poll failed: 'sensor_types'
Traceback (most recent call last):
  File "/app/energy_monitor_core/modules.py", line 163, in _loop
    self.poll_once()
  File "/app/energy_monitor_core/modules.py", line 150, in poll_once
    "sensor_types": snapshot["sensor_types"],
                    ~~~~~~~~^^^^^^^^^^^^^^^^
KeyError: 'sensor_types'
2026-07-25 04:59:59,018 ERROR [energy_monitor_core.module.ina] Module poll failed: 'sensor_types'
Traceback (most recent call last):
  File "/app/energy_monitor_core/modules.py", line 163, in _loop
    self.poll_once()
  File "/app/energy_monitor_core/modules.py", line 150, in poll_once
    "sensor_types": snapshot["sensor_types"],
                    ~~~~~~~~^^^^^^^^^^^^^^^^
KeyError: 'sensor_types'
2026-07-25 05:00:04,028 ERROR [energy_monitor_core.module.ina] Module poll failed: 'sensor_types'
Traceback (most recent call last):
  File "/app/energy_monitor_core/modules.py", line 163, in _loop
    self.poll_once()
  File "/app/energy_monitor_core/modules.py", line 150, in poll_once
    "sensor_types": snapshot["sensor_types"],
                    ~~~~~~~~^^^^^^^^^^^^^^^^
KeyError: 'sensor_types'
2026-07-25 05:00:09,039 ERROR [energy_monitor_core.module.ina] Module poll failed: 'sensor_types'
Traceback (most recent call last):
  File "/app/energy_monitor_core/modules.py", line 163, in _loop
    self.poll_once()
  File "/app/energy_monitor_core/modules.py", line 150, in poll_once
    "sensor_types": snapshot["sensor_types"],
                    ~~~~~~~~^^^^^^^^^^^^^^^^
KeyError: 'sensor_types'
2026-07-25 05:00:14,049 ERROR [energy_monitor_core.module.ina] Module poll failed: 'sensor_types'
Traceback (most recent call last):
  File "/app/energy_monitor_core/modules.py", line 163, in _loop
    self.poll_once()
  File "/app/energy_monitor_core/modules.py", line 150, in poll_once
    "sensor_types": snapshot["sensor_types"],
                    ~~~~~~~~^^^^^^^^^^^^^^^^
KeyError: 'sensor_types'
2026-07-25 05:00:19,060 ERROR [energy_monitor_core.module.ina] Module poll failed: 'sensor_types'
Traceback (most recent call last):
  File "/app/energy_monitor_core/modules.py", line 163, in _loop
    self.poll_once()
  File "/app/energy_monitor_core/modules.py", line 150, in poll_once
    "sensor_types": snapshot["sensor_types"],
                    ~~~~~~~~^^^^^^^^^^^^^^^^
KeyError: 'sensor_types'
2026-07-25 05:00:24,072 ERROR [energy_monitor_core.module.ina] Module poll failed: 'sensor_types'
Traceback (most recent call last):
  File "/app/energy_monitor_core/modules.py", line 163, in _loop
    self.poll_once()
  File "/app/energy_monitor_core/modules.py", line 150, in poll_once
    "sensor_types": snapshot["sensor_types"],
                    ~~~~~~~~^^^^^^^^^^^^^^^^
KeyError: 'sensor_types'
2026-07-25 05:00:29,084 ERROR [energy_monitor_core.module.ina] Module poll failed: 'sensor_types'
Traceback (most recent call last):
  File "/app/energy_monitor_core/modules.py", line 163, in _loop
    self.poll_once()
  File "/app/energy_monitor_core/modules.py", line 150, in poll_once
    "sensor_types": snapshot["sensor_types"],
                    ~~~~~~~~^^^^^^^^^^^^^^^^
KeyError: 'sensor_types'
2026-07-25 05:00:34,089 ERROR [energy_monitor_core.module.ina] Module poll failed: 'sensor_types'
Traceback (most recent call last):
  File "/app/energy_monitor_core/modules.py", line 163, in _loop
    self.poll_once()
  File "/app/energy_monitor_core/modules.py", line 150, in poll_once
    "sensor_types": snapshot["sensor_types"],
                    ~~~~~~~~^^^^^^^^^^^^^^^^
KeyError: 'sensor_types'
2026-07-25 05:00:39,099 ERROR [energy_monitor_core.module.ina] Module poll failed: 'sensor_types'
Traceback (most recent call last):
  File "/app/energy_monitor_core/modules.py", line 163, in _loop
    self.poll_once()
  File "/app/energy_monitor_core/modules.py", line 150, in poll_once
    "sensor_types": snapshot["sensor_types"],
                    ~~~~~~~~^^^^^^^^^^^^^^^^
KeyError: 'sensor_types'
2026-07-25 05:00:44,111 ERROR [energy_monitor_core.module.ina] Module poll failed: 'sensor_types'
Traceback (most recent call last):
  File "/app/energy_monitor_core/modules.py", line 163, in _loop
    self.poll_once()
  File "/app/energy_monitor_core/modules.py", line 150, in poll_once
    "sensor_types": snapshot["sensor_types"],
                    ~~~~~~~~^^^^^^^^^^^^^^^^
KeyError: 'sensor_types'
2026-07-25 05:00:49,121 ERROR [energy_monitor_core.module.ina] Module poll failed: 'sensor_types'
Traceback (most recent call last):
  File "/app/energy_monitor_core/modules.py", line 163, in _loop
    self.poll_once()
  File "/app/energy_monitor_core/modules.py", line 150, in poll_once
    "sensor_types": snapshot["sensor_types"],
                    ~~~~~~~~^^^^^^^^^^^^^^^^
KeyError: 'sensor_types'
2026-07-25 05:00:54,132 ERROR [energy_monitor_core.module.ina] Module poll failed: 'sensor_types'
Traceback (most recent call last):
  File "/app/energy_monitor_core/modules.py", line 163, in _loop
    self.poll_once()
  File "/app/energy_monitor_core/modules.py", line 150, in poll_once
    "sensor_types": snapshot["sensor_types"],
                    ~~~~~~~~^^^^^^^^^^^^^^^^
KeyError: 'sensor_types'
2026-07-25 05:00:59,146 ERROR [energy_monitor_core.module.ina] Module poll failed: 'sensor_types'
Traceback (most recent call last):
  File "/app/energy_monitor_core/modules.py", line 163, in _loop
    self.poll_once()
  File "/app/energy_monitor_core/modules.py", line 150, in poll_once
    "sensor_types": snapshot["sensor_types"],
                    ~~~~~~~~^^^^^^^^^^^^^^^^
KeyError: 'sensor_types'
2026-07-25 05:01:04,160 ERROR [energy_monitor_core.module.ina] Module poll failed: 'sensor_types'
Traceback (most recent call last):
  File "/app/energy_monitor_core/modules.py", line 163, in _loop
    self.poll_once()
  File "/app/energy_monitor_core/modules.py", line 150, in poll_once
    "sensor_types": snapshot["sensor_types"],
                    ~~~~~~~~^^^^^^^^^^^^^^^^
KeyError: 'sensor_types'
2026-07-25 05:01:09,172 ERROR [energy_monitor_core.module.ina] Module poll failed: 'sensor_types'
Traceback (most recent call last):
  File "/app/energy_monitor_core/modules.py", line 163, in _loop
    self.poll_once()
  File "/app/energy_monitor_core/modules.py", line 150, in poll_once
    "sensor_types": snapshot["sensor_types"],
                    ~~~~~~~~^^^^^^^^^^^^^^^^
KeyError: 'sensor_types'
2026-07-25 05:01:14,186 ERROR [energy_monitor_core.module.ina] Module poll failed: 'sensor_types'
Traceback (most recent call last):
  File "/app/energy_monitor_core/modules.py", line 163, in _loop
    self.poll_once()
  File "/app/energy_monitor_core/modules.py", line 150, in poll_once
    "sensor_types": snapshot["sensor_types"],
                    ~~~~~~~~^^^^^^^^^^^^^^^^
KeyError: 'sensor_types'
2026-07-25 05:01:19,199 ERROR [energy_monitor_core.module.ina] Module poll failed: 'sensor_types'
Traceback (most recent call last):
  File "/app/energy_monitor_core/modules.py", line 163, in _loop
    self.poll_once()
  File "/app/energy_monitor_core/modules.py", line 150, in poll_once
    "sensor_types": snapshot["sensor_types"],
                    ~~~~~~~~^^^^^^^^^^^^^^^^
KeyError: 'sensor_types'
2026-07-25 05:01:24,206 ERROR [energy_monitor_core.module.ina] Module poll failed: 'sensor_types'
Traceback (most recent call last):
  File "/app/energy_monitor_core/modules.py", line 163, in _loop
    self.poll_once()
  File "/app/energy_monitor_core/modules.py", line 150, in poll_once
    "sensor_types": snapshot["sensor_types"],
                    ~~~~~~~~^^^^^^^^^^^^^^^^
KeyError: 'sensor_types'
2026-07-25 05:01:29,218 ERROR [energy_monitor_core.module.ina] Module poll failed: 'sensor_types'
Traceback (most recent call last):
  File "/app/energy_monitor_core/modules.py", line 163, in _loop
    self.poll_once()
  File "/app/energy_monitor_core/modules.py", line 150, in poll_once
    "sensor_types": snapshot["sensor_types"],
                    ~~~~~~~~^^^^^^^^^^^^^^^^
KeyError: 'sensor_types'
2026-07-25 05:01:34,232 ERROR [energy_monitor_core.module.ina] Module poll failed: 'sensor_types'
Traceback (most recent call last):
  File "/app/energy_monitor_core/modules.py", line 163, in _loop
    self.poll_once()
  File "/app/energy_monitor_core/modules.py", line 150, in poll_once
    "sensor_types": snapshot["sensor_types"],
                    ~~~~~~~~^^^^^^^^^^^^^^^^
KeyError: 'sensor_types'
2026-07-25 05:01:39,242 ERROR [energy_monitor_core.module.ina] Module poll failed: 'sensor_types'
Traceback (most recent call last):
  File "/app/energy_monitor_core/modules.py", line 163, in _loop
    self.poll_once()
  File "/app/energy_monitor_core/modules.py", line 150, in poll_once
    "sensor_types": snapshot["sensor_types"],
                    ~~~~~~~~^^^^^^^^^^^^^^^^
KeyError: 'sensor_types'
2026-07-25 05:01:44,254 ERROR [energy_monitor_core.module.ina] Module poll failed: 'sensor_types'
Traceback (most recent call last):
  File "/app/energy_monitor_core/modules.py", line 163, in _loop
    self.poll_once()
  File "/app/energy_monitor_core/modules.py", line 150, in poll_once
    "sensor_types": snapshot["sensor_types"],
                    ~~~~~~~~^^^^^^^^^^^^^^^^
KeyError: 'sensor_types'
2026-07-25 05:01:49,264 ERROR [energy_monitor_core.module.ina] Module poll failed: 'sensor_types'
Traceback (most recent call last):
  File "/app/energy_monitor_core/modules.py", line 163, in _loop
    self.poll_once()
  File "/app/energy_monitor_core/modules.py", line 150, in poll_once
    "sensor_types": snapshot["sensor_types"],
                    ~~~~~~~~^^^^^^^^^^^^^^^^
KeyError: 'sensor_types'
2026-07-25 05:01:54,283 ERROR [energy_monitor_core.module.ina] Module poll failed: 'sensor_types'
Traceback (most recent call last):
  File "/app/energy_monitor_core/modules.py", line 163, in _loop
    self.poll_once()
  File "/app/energy_monitor_core/modules.py", line 150, in poll_once
    "sensor_types": snapshot["sensor_types"],
                    ~~~~~~~~^^^^^^^^^^^^^^^^
KeyError: 'sensor_types'
2026-07-25 05:01:59,296 ERROR [energy_monitor_core.module.ina] Module poll failed: 'sensor_types'
Traceback (most recent call last):
  File "/app/energy_monitor_core/modules.py", line 163, in _loop
    self.poll_once()
  File "/app/energy_monitor_core/modules.py", line 150, in poll_once
    "sensor_types": snapshot["sensor_types"],
                    ~~~~~~~~^^^^^^^^^^^^^^^^
KeyError: 'sensor_types'
2026-07-25 05:02:04,309 ERROR [energy_monitor_core.module.ina] Module poll failed: 'sensor_types'
Traceback (most recent call last):
  File "/app/energy_monitor_core/modules.py", line 163, in _loop
    self.poll_once()
  File "/app/energy_monitor_core/modules.py", line 150, in poll_once
    "sensor_types": snapshot["sensor_types"],
                    ~~~~~~~~^^^^^^^^^^^^^^^^
KeyError: 'sensor_types'
2026-07-25 05:02:09,323 ERROR [energy_monitor_core.module.ina] Module poll failed: 'sensor_types'
Traceback (most recent call last):
  File "/app/energy_monitor_core/modules.py", line 163, in _loop
    self.poll_once()
  File "/app/energy_monitor_core/modules.py", line 150, in poll_once
    "sensor_types": snapshot["sensor_types"],
                    ~~~~~~~~^^^^^^^^^^^^^^^^
KeyError: 'sensor_types'
2026-07-25 05:02:14,335 ERROR [energy_monitor_core.module.ina] Module poll failed: 'sensor_types'
Traceback (most recent call last):
  File "/app/energy_monitor_core/modules.py", line 163, in _loop
    self.poll_once()
  File "/app/energy_monitor_core/modules.py", line 150, in poll_once
    "sensor_types": snapshot["sensor_types"],
                    ~~~~~~~~^^^^^^^^^^^^^^^^
KeyError: 'sensor_types'
2026-07-25 05:02:19,344 ERROR [energy_monitor_core.module.ina] Module poll failed: 'sensor_types'
Traceback (most recent call last):
  File "/app/energy_monitor_core/modules.py", line 163, in _loop
    self.poll_once()
  File "/app/energy_monitor_core/modules.py", line 150, in poll_once
    "sensor_types": snapshot["sensor_types"],
                    ~~~~~~~~^^^^^^^^^^^^^^^^
KeyError: 'sensor_types'
2026-07-25 05:02:24,354 ERROR [energy_monitor_core.module.ina] Module poll failed: 'sensor_types'
Traceback (most recent call last):
  File "/app/energy_monitor_core/modules.py", line 163, in _loop
    self.poll_once()
  File "/app/energy_monitor_core/modules.py", line 150, in poll_once
    "sensor_types": snapshot["sensor_types"],
                    ~~~~~~~~^^^^^^^^^^^^^^^^
KeyError: 'sensor_types'
2026-07-25 05:02:29,367 ERROR [energy_monitor_core.module.ina] Module poll failed: 'sensor_types'
Traceback (most recent call last):
  File "/app/energy_monitor_core/modules.py", line 163, in _loop
    self.poll_once()
  File "/app/energy_monitor_core/modules.py", line 150, in poll_once
    "sensor_types": snapshot["sensor_types"],
                    ~~~~~~~~^^^^^^^^^^^^^^^^
KeyError: 'sensor_types'
2026-07-25 05:02:34,378 ERROR [energy_monitor_core.module.ina] Module poll failed: 'sensor_types'
Traceback (most recent call last):
  File "/app/energy_monitor_core/modules.py", line 163, in _loop
    self.poll_once()
  File "/app/energy_monitor_core/modules.py", line 150, in poll_once
    "sensor_types": snapshot["sensor_types"],
                    ~~~~~~~~^^^^^^^^^^^^^^^^
KeyError: 'sensor_types'
2026-07-25 05:02:39,391 ERROR [energy_monitor_core.module.ina] Module poll failed: 'sensor_types'
Traceback (most recent call last):
  File "/app/energy_monitor_core/modules.py", line 163, in _loop
    self.poll_once()
  File "/app/energy_monitor_core/modules.py", line 150, in poll_once
    "sensor_types": snapshot["sensor_types"],
                    ~~~~~~~~^^^^^^^^^^^^^^^^
KeyError: 'sensor_types'
2026-07-25 05:02:44,402 ERROR [energy_monitor_core.module.ina] Module poll failed: 'sensor_types'
Traceback (most recent call last):
  File "/app/energy_monitor_core/modules.py", line 163, in _loop
    self.poll_once()
  File "/app/energy_monitor_core/modules.py", line 150, in poll_once
    "sensor_types": snapshot["sensor_types"],
                    ~~~~~~~~^^^^^^^^^^^^^^^^
KeyError: 'sensor_types'
2026-07-25 05:02:49,414 ERROR [energy_monitor_core.module.ina] Module poll failed: 'sensor_types'
Traceback (most recent call last):
  File "/app/energy_monitor_core/modules.py", line 163, in _loop
    self.poll_once()
  File "/app/energy_monitor_core/modules.py", line 150, in poll_once
    "sensor_types": snapshot["sensor_types"],
                    ~~~~~~~~^^^^^^^^^^^^^^^^
KeyError: 'sensor_types'
2026-07-25 05:02:54,428 ERROR [energy_monitor_core.module.ina] Module poll failed: 'sensor_types'
Traceback (most recent call last):
  File "/app/energy_monitor_core/modules.py", line 163, in _loop
    self.poll_once()
  File "/app/energy_monitor_core/modules.py", line 150, in poll_once
    "sensor_types": snapshot["sensor_types"],
                    ~~~~~~~~^^^^^^^^^^^^^^^^
KeyError: 'sensor_types'
2026-07-25 05:02:59,441 ERROR [energy_monitor_core.module.ina] Module poll failed: 'sensor_types'
Traceback (most recent call last):
  File "/app/energy_monitor_core/modules.py", line 163, in _loop
    self.poll_once()
  File "/app/energy_monitor_core/modules.py", line 150, in poll_once
    "sensor_types": snapshot["sensor_types"],
                    ~~~~~~~~^^^^^^^^^^^^^^^^
KeyError: 'sensor_types'
2026-07-25 05:03:04,453 ERROR [energy_monitor_core.module.ina] Module poll failed: 'sensor_types'
Traceback (most recent call last):
  File "/app/energy_monitor_core/modules.py", line 163, in _loop
    self.poll_once()
  File "/app/energy_monitor_core/modules.py", line 150, in poll_once
    "sensor_types": snapshot["sensor_types"],
                    ~~~~~~~~^^^^^^^^^^^^^^^^
KeyError: 'sensor_types'
2026-07-25 05:03:09,465 ERROR [energy_monitor_core.module.ina] Module poll failed: 'sensor_types'
Traceback (most recent call last):
  File "/app/energy_monitor_core/modules.py", line 163, in _loop
    self.poll_once()
  File "/app/energy_monitor_core/modules.py", line 150, in poll_once
    "sensor_types": snapshot["sensor_types"],
                    ~~~~~~~~^^^^^^^^^^^^^^^^
KeyError: 'sensor_types'
2026-07-25 05:03:14,479 ERROR [energy_monitor_core.module.ina] Module poll failed: 'sensor_types'
Traceback (most recent call last):
  File "/app/energy_monitor_core/modules.py", line 163, in _loop
    self.poll_once()
  File "/app/energy_monitor_core/modules.py", line 150, in poll_once
    "sensor_types": snapshot["sensor_types"],
                    ~~~~~~~~^^^^^^^^^^^^^^^^
KeyError: 'sensor_types'
2026-07-25 05:03:19,497 ERROR [energy_monitor_core.module.ina] Module poll failed: 'sensor_types'
Traceback (most recent call last):
  File "/app/energy_monitor_core/modules.py", line 163, in _loop
    self.poll_once()
  File "/app/energy_monitor_core/modules.py", line 150, in poll_once
    "sensor_types": snapshot["sensor_types"],
                    ~~~~~~~~^^^^^^^^^^^^^^^^
KeyError: 'sensor_types'
2026-07-25 05:03:24,510 ERROR [energy_monitor_core.module.ina] Module poll failed: 'sensor_types'
Traceback (most recent call last):
  File "/app/energy_monitor_core/modules.py", line 163, in _loop
    self.poll_once()
  File "/app/energy_monitor_core/modules.py", line 150, in poll_once
    "sensor_types": snapshot["sensor_types"],
                    ~~~~~~~~^^^^^^^^^^^^^^^^
KeyError: 'sensor_types'
2026-07-25 05:03:29,523 ERROR [energy_monitor_core.module.ina] Module poll failed: 'sensor_types'
Traceback (most recent call last):
  File "/app/energy_monitor_core/modules.py", line 163, in _loop
    self.poll_once()
  File "/app/energy_monitor_core/modules.py", line 150, in poll_once
    "sensor_types": snapshot["sensor_types"],
                    ~~~~~~~~^^^^^^^^^^^^^^^^
KeyError: 'sensor_types'
2026-07-25 05:03:34,535 ERROR [energy_monitor_core.module.ina] Module poll failed: 'sensor_types'
Traceback (most recent call last):
  File "/app/energy_monitor_core/modules.py", line 163, in _loop
    self.poll_once()
  File "/app/energy_monitor_core/modules.py", line 150, in poll_once
    "sensor_types": snapshot["sensor_types"],
                    ~~~~~~~~^^^^^^^^^^^^^^^^
KeyError: 'sensor_types'
2026-07-25 05:03:39,549 ERROR [energy_monitor_core.module.ina] Module poll failed: 'sensor_types'
Traceback (most recent call last):
  File "/app/energy_monitor_core/modules.py", line 163, in _loop
    self.poll_once()
  File "/app/energy_monitor_core/modules.py", line 150, in poll_once
    "sensor_types": snapshot["sensor_types"],
                    ~~~~~~~~^^^^^^^^^^^^^^^^
KeyError: 'sensor_types'
2026-07-25 05:03:44,560 ERROR [energy_monitor_core.module.ina] Module poll failed: 'sensor_types'
Traceback (most recent call last):
  File "/app/energy_monitor_core/modules.py", line 163, in _loop
    self.poll_once()
  File "/app/energy_monitor_core/modules.py", line 150, in poll_once
    "sensor_types": snapshot["sensor_types"],
                    ~~~~~~~~^^^^^^^^^^^^^^^^
KeyError: 'sensor_types'
2026-07-25 05:03:49,568 ERROR [energy_monitor_core.module.ina] Module poll failed: 'sensor_types'
Traceback (most recent call last):
  File "/app/energy_monitor_core/modules.py", line 163, in _loop
    self.poll_once()
  File "/app/energy_monitor_core/modules.py", line 150, in poll_once
    "sensor_types": snapshot["sensor_types"],
                    ~~~~~~~~^^^^^^^^^^^^^^^^
KeyError: 'sensor_types'
2026-07-25 05:03:54,578 ERROR [energy_monitor_core.module.ina] Module poll failed: 'sensor_types'
Traceback (most recent call last):
  File "/app/energy_monitor_core/modules.py", line 163, in _loop
    self.poll_once()
  File "/app/energy_monitor_core/modules.py", line 150, in poll_once
    "sensor_types": snapshot["sensor_types"],
                    ~~~~~~~~^^^^^^^^^^^^^^^^
KeyError: 'sensor_types'
2026-07-25 05:03:59,589 ERROR [energy_monitor_core.module.ina] Module poll failed: 'sensor_types'
Traceback (most recent call last):
  File "/app/energy_monitor_core/modules.py", line 163, in _loop
    self.poll_once()
  File "/app/energy_monitor_core/modules.py", line 150, in poll_once
    "sensor_types": snapshot["sensor_types"],
                    ~~~~~~~~^^^^^^^^^^^^^^^^
KeyError: 'sensor_types'
2026-07-25 05:04:04,599 ERROR [energy_monitor_core.module.ina] Module poll failed: 'sensor_types'
Traceback (most recent call last):
  File "/app/energy_monitor_core/modules.py", line 163, in _loop
    self.poll_once()
  File "/app/energy_monitor_core/modules.py", line 150, in poll_once
    "sensor_types": snapshot["sensor_types"],
                    ~~~~~~~~^^^^^^^^^^^^^^^^
KeyError: 'sensor_types'
2026-07-25 05:04:09,610 ERROR [energy_monitor_core.module.ina] Module poll failed: 'sensor_types'
Traceback (most recent call last):
  File "/app/energy_monitor_core/modules.py", line 163, in _loop
    self.poll_once()
  File "/app/energy_monitor_core/modules.py", line 150, in poll_once
    "sensor_types": snapshot["sensor_types"],
                    ~~~~~~~~^^^^^^^^^^^^^^^^
KeyError: 'sensor_types'
2026-07-25 05:04:14,621 ERROR [energy_monitor_core.module.ina] Module poll failed: 'sensor_types'
Traceback (most recent call last):
  File "/app/energy_monitor_core/modules.py", line 163, in _loop
    self.poll_once()
  File "/app/energy_monitor_core/modules.py", line 150, in poll_once
    "sensor_types": snapshot["sensor_types"],
                    ~~~~~~~~^^^^^^^^^^^^^^^^
KeyError: 'sensor_types'
2026-07-25 05:04:19,632 ERROR [energy_monitor_core.module.ina] Module poll failed: 'sensor_types'
Traceback (most recent call last):
  File "/app/energy_monitor_core/modules.py", line 163, in _loop
    self.poll_once()
  File "/app/energy_monitor_core/modules.py", line 150, in poll_once
    "sensor_types": snapshot["sensor_types"],
                    ~~~~~~~~^^^^^^^^^^^^^^^^
KeyError: 'sensor_types'
2026-07-25 05:04:24,643 ERROR [energy_monitor_core.module.ina] Module poll failed: 'sensor_types'
Traceback (most recent call last):
  File "/app/energy_monitor_core/modules.py", line 163, in _loop
    self.poll_once()
  File "/app/energy_monitor_core/modules.py", line 150, in poll_once
    "sensor_types": snapshot["sensor_types"],
                    ~~~~~~~~^^^^^^^^^^^^^^^^
KeyError: 'sensor_types'
2026-07-25 05:04:29,657 ERROR [energy_monitor_core.module.ina] Module poll failed: 'sensor_types'
Traceback (most recent call last):
  File "/app/energy_monitor_core/modules.py", line 163, in _loop
    self.poll_once()
  File "/app/energy_monitor_core/modules.py", line 150, in poll_once
    "sensor_types": snapshot["sensor_types"],
                    ~~~~~~~~^^^^^^^^^^^^^^^^
KeyError: 'sensor_types'
2026-07-25 05:04:34,668 ERROR [energy_monitor_core.module.ina] Module poll failed: 'sensor_types'
Traceback (most recent call last):
  File "/app/energy_monitor_core/modules.py", line 163, in _loop
    self.poll_once()
  File "/app/energy_monitor_core/modules.py", line 150, in poll_once
    "sensor_types": snapshot["sensor_types"],
                    ~~~~~~~~^^^^^^^^^^^^^^^^
KeyError: 'sensor_types'
2026-07-25 05:04:39,679 ERROR [energy_monitor_core.module.ina] Module poll failed: 'sensor_types'
Traceback (most recent call last):
  File "/app/energy_monitor_core/modules.py", line 163, in _loop
    self.poll_once()
  File "/app/energy_monitor_core/modules.py", line 150, in poll_once
    "sensor_types": snapshot["sensor_types"],
                    ~~~~~~~~^^^^^^^^^^^^^^^^
KeyError: 'sensor_types'
2026-07-25 05:04:44,690 ERROR [energy_monitor_core.module.ina] Module poll failed: 'sensor_types'
Traceback (most recent call last):
  File "/app/energy_monitor_core/modules.py", line 163, in _loop
    self.poll_once()
  File "/app/energy_monitor_core/modules.py", line 150, in poll_once
    "sensor_types": snapshot["sensor_types"],
                    ~~~~~~~~^^^^^^^^^^^^^^^^
KeyError: 'sensor_types'
2026-07-25 05:04:49,704 ERROR [energy_monitor_core.module.ina] Module poll failed: 'sensor_types'
Traceback (most recent call last):
  File "/app/energy_monitor_core/modules.py", line 163, in _loop
    self.poll_once()
  File "/app/energy_monitor_core/modules.py", line 150, in poll_once
    "sensor_types": snapshot["sensor_types"],
                    ~~~~~~~~^^^^^^^^^^^^^^^^
KeyError: 'sensor_types'
2026-07-25 05:04:54,715 ERROR [energy_monitor_core.module.ina] Module poll failed: 'sensor_types'
Traceback (most recent call last):
  File "/app/energy_monitor_core/modules.py", line 163, in _loop
    self.poll_once()
  File "/app/energy_monitor_core/modules.py", line 150, in poll_once
    "sensor_types": snapshot["sensor_types"],
                    ~~~~~~~~^^^^^^^^^^^^^^^^
KeyError: 'sensor_types'
2026-07-25 05:04:59,726 ERROR [energy_monitor_core.module.ina] Module poll failed: 'sensor_types'
Traceback (most recent call last):
  File "/app/energy_monitor_core/modules.py", line 163, in _loop
    self.poll_once()
  File "/app/energy_monitor_core/modules.py", line 150, in poll_once
    "sensor_types": snapshot["sensor_types"],
                    ~~~~~~~~^^^^^^^^^^^^^^^^
KeyError: 'sensor_types'
2026-07-25 05:05:04,744 ERROR [energy_monitor_core.module.ina] Module poll failed: 'sensor_types'
Traceback (most recent call last):
  File "/app/energy_monitor_core/modules.py", line 163, in _loop
    self.poll_once()
  File "/app/energy_monitor_core/modules.py", line 150, in poll_once
    "sensor_types": snapshot["sensor_types"],
                    ~~~~~~~~^^^^^^^^^^^^^^^^
KeyError: 'sensor_types'
2026-07-25 05:05:09,757 ERROR [energy_monitor_core.module.ina] Module poll failed: 'sensor_types'
Traceback (most recent call last):
  File "/app/energy_monitor_core/modules.py", line 163, in _loop
    self.poll_once()
  File "/app/energy_monitor_core/modules.py", line 150, in poll_once
    "sensor_types": snapshot["sensor_types"],
                    ~~~~~~~~^^^^^^^^^^^^^^^^
KeyError: 'sensor_types'
2026-07-25 05:05:14,770 ERROR [energy_monitor_core.module.ina] Module poll failed: 'sensor_types'
Traceback (most recent call last):
  File "/app/energy_monitor_core/modules.py", line 163, in _loop
    self.poll_once()
  File "/app/energy_monitor_core/modules.py", line 150, in poll_once
    "sensor_types": snapshot["sensor_types"],
                    ~~~~~~~~^^^^^^^^^^^^^^^^
KeyError: 'sensor_types'
2026-07-25 05:05:19,781 ERROR [energy_monitor_core.module.ina] Module poll failed: 'sensor_types'
Traceback (most recent call last):
  File "/app/energy_monitor_core/modules.py", line 163, in _loop
    self.poll_once()
  File "/app/energy_monitor_core/modules.py", line 150, in poll_once
    "sensor_types": snapshot["sensor_types"],
                    ~~~~~~~~^^^^^^^^^^^^^^^^
KeyError: 'sensor_types'
2026-07-25 05:05:24,793 ERROR [energy_monitor_core.module.ina] Module poll failed: 'sensor_types'
Traceback (most recent call last):
  File "/app/energy_monitor_core/modules.py", line 163, in _loop
    self.poll_once()
  File "/app/energy_monitor_core/modules.py", line 150, in poll_once
    "sensor_types": snapshot["sensor_types"],
                    ~~~~~~~~^^^^^^^^^^^^^^^^
KeyError: 'sensor_types'
2026-07-25 05:05:29,807 ERROR [energy_monitor_core.module.ina] Module poll failed: 'sensor_types'
Traceback (most recent call last):
  File "/app/energy_monitor_core/modules.py", line 163, in _loop
    self.poll_once()
  File "/app/energy_monitor_core/modules.py", line 150, in poll_once
    "sensor_types": snapshot["sensor_types"],
                    ~~~~~~~~^^^^^^^^^^^^^^^^
KeyError: 'sensor_types'
2026-07-25 05:05:34,823 ERROR [energy_monitor_core.module.ina] Module poll failed: 'sensor_types'
Traceback (most recent call last):
  File "/app/energy_monitor_core/modules.py", line 163, in _loop
    self.poll_once()
  File "/app/energy_monitor_core/modules.py", line 150, in poll_once
    "sensor_types": snapshot["sensor_types"],
                    ~~~~~~~~^^^^^^^^^^^^^^^^
KeyError: 'sensor_types'
2026-07-25 05:05:39,833 ERROR [energy_monitor_core.module.ina] Module poll failed: 'sensor_types'
Traceback (most recent call last):
  File "/app/energy_monitor_core/modules.py", line 163, in _loop
    self.poll_once()
  File "/app/energy_monitor_core/modules.py", line 150, in poll_once
    "sensor_types": snapshot["sensor_types"],
                    ~~~~~~~~^^^^^^^^^^^^^^^^
KeyError: 'sensor_types'
2026-07-25 05:05:44,845 ERROR [energy_monitor_core.module.ina] Module poll failed: 'sensor_types'
Traceback (most recent call last):
  File "/app/energy_monitor_core/modules.py", line 163, in _loop
    self.poll_once()
  File "/app/energy_monitor_core/modules.py", line 150, in poll_once
    "sensor_types": snapshot["sensor_types"],
                    ~~~~~~~~^^^^^^^^^^^^^^^^
KeyError: 'sensor_types'
2026-07-25 05:05:49,855 ERROR [energy_monitor_core.module.ina] Module poll failed: 'sensor_types'
Traceback (most recent call last):
  File "/app/energy_monitor_core/modules.py", line 163, in _loop
    self.poll_once()
  File "/app/energy_monitor_core/modules.py", line 150, in poll_once
    "sensor_types": snapshot["sensor_types"],
                    ~~~~~~~~^^^^^^^^^^^^^^^^
KeyError: 'sensor_types'
2026-07-25 05:05:54,866 ERROR [energy_monitor_core.module.ina] Module poll failed: 'sensor_types'
Traceback (most recent call last):
  File "/app/energy_monitor_core/modules.py", line 163, in _loop
    self.poll_once()
  File "/app/energy_monitor_core/modules.py", line 150, in poll_once
    "sensor_types": snapshot["sensor_types"],
                    ~~~~~~~~^^^^^^^^^^^^^^^^
KeyError: 'sensor_types'
2026-07-25 05:05:59,878 ERROR [energy_monitor_core.module.ina] Module poll failed: 'sensor_types'
Traceback (most recent call last):
  File "/app/energy_monitor_core/modules.py", line 163, in _loop
    self.poll_once()
  File "/app/energy_monitor_core/modules.py", line 150, in poll_once
    "sensor_types": snapshot["sensor_types"],
                    ~~~~~~~~^^^^^^^^^^^^^^^^
KeyError: 'sensor_types'
2026-07-25 05:06:04,889 ERROR [energy_monitor_core.module.ina] Module poll failed: 'sensor_types'
Traceback (most recent call last):
  File "/app/energy_monitor_core/modules.py", line 163, in _loop
    self.poll_once()
  File "/app/energy_monitor_core/modules.py", line 150, in poll_once
    "sensor_types": snapshot["sensor_types"],
                    ~~~~~~~~^^^^^^^^^^^^^^^^
KeyError: 'sensor_types'
2026-07-25 05:06:09,900 ERROR [energy_monitor_core.module.ina] Module poll failed: 'sensor_types'
Traceback (most recent call last):
  File "/app/energy_monitor_core/modules.py", line 163, in _loop
    self.poll_once()
  File "/app/energy_monitor_core/modules.py", line 150, in poll_once
    "sensor_types": snapshot["sensor_types"],
                    ~~~~~~~~^^^^^^^^^^^^^^^^
KeyError: 'sensor_types'
2026-07-25 05:06:14,911 ERROR [energy_monitor_core.module.ina] Module poll failed: 'sensor_types'
Traceback (most recent call last):
  File "/app/energy_monitor_core/modules.py", line 163, in _loop
    self.poll_once()
  File "/app/energy_monitor_core/modules.py", line 150, in poll_once
    "sensor_types": snapshot["sensor_types"],
                    ~~~~~~~~^^^^^^^^^^^^^^^^
KeyError: 'sensor_types'
2026-07-25 05:06:19,922 ERROR [energy_monitor_core.module.ina] Module poll failed: 'sensor_types'
Traceback (most recent call last):
  File "/app/energy_monitor_core/modules.py", line 163, in _loop
    self.poll_once()
  File "/app/energy_monitor_core/modules.py", line 150, in poll_once
    "sensor_types": snapshot["sensor_types"],
                    ~~~~~~~~^^^^^^^^^^^^^^^^
KeyError: 'sensor_types'
2026-07-25 05:06:24,934 ERROR [energy_monitor_core.module.ina] Module poll failed: 'sensor_types'
Traceback (most recent call last):
  File "/app/energy_monitor_core/modules.py", line 163, in _loop
    self.poll_once()
  File "/app/energy_monitor_core/modules.py", line 150, in poll_once
    "sensor_types": snapshot["sensor_types"],
                    ~~~~~~~~^^^^^^^^^^^^^^^^
KeyError: 'sensor_types'
2026-07-25 05:06:29,947 ERROR [energy_monitor_core.module.ina] Module poll failed: 'sensor_types'
Traceback (most recent call last):
  File "/app/energy_monitor_core/modules.py", line 163, in _loop
    self.poll_once()
  File "/app/energy_monitor_core/modules.py", line 150, in poll_once
    "sensor_types": snapshot["sensor_types"],
                    ~~~~~~~~^^^^^^^^^^^^^^^^
KeyError: 'sensor_types'
2026-07-25 05:06:34,958 ERROR [energy_monitor_core.module.ina] Module poll failed: 'sensor_types'
Traceback (most recent call last):
  File "/app/energy_monitor_core/modules.py", line 163, in _loop
    self.poll_once()
  File "/app/energy_monitor_core/modules.py", line 150, in poll_once
    "sensor_types": snapshot["sensor_types"],
                    ~~~~~~~~^^^^^^^^^^^^^^^^
KeyError: 'sensor_types'
2026-07-25 05:06:39,970 ERROR [energy_monitor_core.module.ina] Module poll failed: 'sensor_types'
Traceback (most recent call last):
  File "/app/energy_monitor_core/modules.py", line 163, in _loop
    self.poll_once()
  File "/app/energy_monitor_core/modules.py", line 150, in poll_once
    "sensor_types": snapshot["sensor_types"],
                    ~~~~~~~~^^^^^^^^^^^^^^^^
KeyError: 'sensor_types'
2026-07-25 05:06:44,985 ERROR [energy_monitor_core.module.ina] Module poll failed: 'sensor_types'
Traceback (most recent call last):
  File "/app/energy_monitor_core/modules.py", line 163, in _loop
    self.poll_once()
  File "/app/energy_monitor_core/modules.py", line 150, in poll_once
    "sensor_types": snapshot["sensor_types"],
                    ~~~~~~~~^^^^^^^^^^^^^^^^
KeyError: 'sensor_types'
2026-07-25 05:06:50,002 ERROR [energy_monitor_core.module.ina] Module poll failed: 'sensor_types'
Traceback (most recent call last):
  File "/app/energy_monitor_core/modules.py", line 163, in _loop
    self.poll_once()
  File "/app/energy_monitor_core/modules.py", line 150, in poll_once
    "sensor_types": snapshot["sensor_types"],
                    ~~~~~~~~^^^^^^^^^^^^^^^^
KeyError: 'sensor_types'
2026-07-25 05:06:55,015 ERROR [energy_monitor_core.module.ina] Module poll failed: 'sensor_types'
Traceback (most recent call last):
  File "/app/energy_monitor_core/modules.py", line 163, in _loop
    self.poll_once()
  File "/app/energy_monitor_core/modules.py", line 150, in poll_once
    "sensor_types": snapshot["sensor_types"],
                    ~~~~~~~~^^^^^^^^^^^^^^^^
KeyError: 'sensor_types'
2026-07-25 05:07:00,026 ERROR [energy_monitor_core.module.ina] Module poll failed: 'sensor_types'
Traceback (most recent call last):
  File "/app/energy_monitor_core/modules.py", line 163, in _loop
    self.poll_once()
  File "/app/energy_monitor_core/modules.py", line 150, in poll_once
    "sensor_types": snapshot["sensor_types"],
                    ~~~~~~~~^^^^^^^^^^^^^^^^
KeyError: 'sensor_types'
2026-07-25 05:07:05,038 ERROR [energy_monitor_core.module.ina] Module poll failed: 'sensor_types'
Traceback (most recent call last):
  File "/app/energy_monitor_core/modules.py", line 163, in _loop
    self.poll_once()
  File "/app/energy_monitor_core/modules.py", line 150, in poll_once
    "sensor_types": snapshot["sensor_types"],
                    ~~~~~~~~^^^^^^^^^^^^^^^^
KeyError: 'sensor_types'
2026-07-25 05:07:10,049 ERROR [energy_monitor_core.module.ina] Module poll failed: 'sensor_types'
Traceback (most recent call last):
  File "/app/energy_monitor_core/modules.py", line 163, in _loop
    self.poll_once()
  File "/app/energy_monitor_core/modules.py", line 150, in poll_once
    "sensor_types": snapshot["sensor_types"],
                    ~~~~~~~~^^^^^^^^^^^^^^^^
KeyError: 'sensor_types'
2026-07-25 05:07:15,061 ERROR [energy_monitor_core.module.ina] Module poll failed: 'sensor_types'
Traceback (most recent call last):
  File "/app/energy_monitor_core/modules.py", line 163, in _loop
    self.poll_once()
  File "/app/energy_monitor_core/modules.py", line 150, in poll_once
    "sensor_types": snapshot["sensor_types"],
                    ~~~~~~~~^^^^^^^^^^^^^^^^
KeyError: 'sensor_types'
2026-07-25 05:07:20,073 ERROR [energy_monitor_core.module.ina] Module poll failed: 'sensor_types'
Traceback (most recent call last):
  File "/app/energy_monitor_core/modules.py", line 163, in _loop
    self.poll_once()
  File "/app/energy_monitor_core/modules.py", line 150, in poll_once
    "sensor_types": snapshot["sensor_types"],
                    ~~~~~~~~^^^^^^^^^^^^^^^^
KeyError: 'sensor_types'
2026-07-25 05:07:25,087 ERROR [energy_monitor_core.module.ina] Module poll failed: 'sensor_types'
Traceback (most recent call last):
  File "/app/energy_monitor_core/modules.py", line 163, in _loop
    self.poll_once()
  File "/app/energy_monitor_core/modules.py", line 150, in poll_once
    "sensor_types": snapshot["sensor_types"],
                    ~~~~~~~~^^^^^^^^^^^^^^^^
KeyError: 'sensor_types'
2026-07-25 05:07:30,098 ERROR [energy_monitor_core.module.ina] Module poll failed: 'sensor_types'
Traceback (most recent call last):
  File "/app/energy_monitor_core/modules.py", line 163, in _loop
    self.poll_once()
  File "/app/energy_monitor_core/modules.py", line 150, in poll_once
    "sensor_types": snapshot["sensor_types"],
                    ~~~~~~~~^^^^^^^^^^^^^^^^
KeyError: 'sensor_types'
2026-07-25 05:07:35,115 ERROR [energy_monitor_core.module.ina] Module poll failed: 'sensor_types'
Traceback (most recent call last):
  File "/app/energy_monitor_core/modules.py", line 163, in _loop
    self.poll_once()
  File "/app/energy_monitor_core/modules.py", line 150, in poll_once
    "sensor_types": snapshot["sensor_types"],
                    ~~~~~~~~^^^^^^^^^^^^^^^^
KeyError: 'sensor_types'
2026-07-25 05:07:40,127 ERROR [energy_monitor_core.module.ina] Module poll failed: 'sensor_types'
Traceback (most recent call last):
  File "/app/energy_monitor_core/modules.py", line 163, in _loop
    self.poll_once()
  File "/app/energy_monitor_core/modules.py", line 150, in poll_once
    "sensor_types": snapshot["sensor_types"],
                    ~~~~~~~~^^^^^^^^^^^^^^^^
KeyError: 'sensor_types'
2026-07-25 05:07:45,138 ERROR [energy_monitor_core.module.ina] Module poll failed: 'sensor_types'
Traceback (most recent call last):
  File "/app/energy_monitor_core/modules.py", line 163, in _loop
    self.poll_once()
  File "/app/energy_monitor_core/modules.py", line 150, in poll_once
    "sensor_types": snapshot["sensor_types"],
                    ~~~~~~~~^^^^^^^^^^^^^^^^
KeyError: 'sensor_types'
2026-07-25 05:07:50,151 ERROR [energy_monitor_core.module.ina] Module poll failed: 'sensor_types'
Traceback (most recent call last):
  File "/app/energy_monitor_core/modules.py", line 163, in _loop
    self.poll_once()
  File "/app/energy_monitor_core/modules.py", line 150, in poll_once
    "sensor_types": snapshot["sensor_types"],
                    ~~~~~~~~^^^^^^^^^^^^^^^^
KeyError: 'sensor_types'
2026-07-25 05:07:55,167 ERROR [energy_monitor_core.module.ina] Module poll failed: 'sensor_types'
Traceback (most recent call last):
  File "/app/energy_monitor_core/modules.py", line 163, in _loop
    self.poll_once()
  File "/app/energy_monitor_core/modules.py", line 150, in poll_once
    "sensor_types": snapshot["sensor_types"],
                    ~~~~~~~~^^^^^^^^^^^^^^^^
KeyError: 'sensor_types'
2026-07-25 05:08:00,178 ERROR [energy_monitor_core.module.ina] Module poll failed: 'sensor_types'
Traceback (most recent call last):
  File "/app/energy_monitor_core/modules.py", line 163, in _loop
    self.poll_once()
  File "/app/energy_monitor_core/modules.py", line 150, in poll_once
    "sensor_types": snapshot["sensor_types"],
                    ~~~~~~~~^^^^^^^^^^^^^^^^
KeyError: 'sensor_types'
2026-07-25 05:08:05,190 ERROR [energy_monitor_core.module.ina] Module poll failed: 'sensor_types'
Traceback (most recent call last):
  File "/app/energy_monitor_core/modules.py", line 163, in _loop
    self.poll_once()
  File "/app/energy_monitor_core/modules.py", line 150, in poll_once
    "sensor_types": snapshot["sensor_types"],
                    ~~~~~~~~^^^^^^^^^^^^^^^^
KeyError: 'sensor_types'
2026-07-25 05:08:10,201 ERROR [energy_monitor_core.module.ina] Module poll failed: 'sensor_types'
Traceback (most recent call last):
  File "/app/energy_monitor_core/modules.py", line 163, in _loop
    self.poll_once()
  File "/app/energy_monitor_core/modules.py", line 150, in poll_once
    "sensor_types": snapshot["sensor_types"],
                    ~~~~~~~~^^^^^^^^^^^^^^^^
KeyError: 'sensor_types'
2026-07-25 05:08:15,213 ERROR [energy_monitor_core.module.ina] Module poll failed: 'sensor_types'
Traceback (most recent call last):
  File "/app/energy_monitor_core/modules.py", line 163, in _loop
    self.poll_once()
  File "/app/energy_monitor_core/modules.py", line 150, in poll_once
    "sensor_types": snapshot["sensor_types"],
                    ~~~~~~~~^^^^^^^^^^^^^^^^
KeyError: 'sensor_types'
2026-07-25 05:08:20,224 ERROR [energy_monitor_core.module.ina] Module poll failed: 'sensor_types'
Traceback (most recent call last):
  File "/app/energy_monitor_core/modules.py", line 163, in _loop
    self.poll_once()
  File "/app/energy_monitor_core/modules.py", line 150, in poll_once
    "sensor_types": snapshot["sensor_types"],
                    ~~~~~~~~^^^^^^^^^^^^^^^^
KeyError: 'sensor_types'
2026-07-25 05:08:25,236 ERROR [energy_monitor_core.module.ina] Module poll failed: 'sensor_types'
Traceback (most recent call last):
  File "/app/energy_monitor_core/modules.py", line 163, in _loop
    self.poll_once()
  File "/app/energy_monitor_core/modules.py", line 150, in poll_once
    "sensor_types": snapshot["sensor_types"],
                    ~~~~~~~~^^^^^^^^^^^^^^^^
KeyError: 'sensor_types'
2026-07-25 05:08:30,248 ERROR [energy_monitor_core.module.ina] Module poll failed: 'sensor_types'
Traceback (most recent call last):
  File "/app/energy_monitor_core/modules.py", line 163, in _loop
    self.poll_once()
  File "/app/energy_monitor_core/modules.py", line 150, in poll_once
    "sensor_types": snapshot["sensor_types"],
                    ~~~~~~~~^^^^^^^^^^^^^^^^
KeyError: 'sensor_types'
2026-07-25 05:08:35,255 ERROR [energy_monitor_core.module.ina] Module poll failed: 'sensor_types'
Traceback (most recent call last):
  File "/app/energy_monitor_core/modules.py", line 163, in _loop
    self.poll_once()
  File "/app/energy_monitor_core/modules.py", line 150, in poll_once
    "sensor_types": snapshot["sensor_types"],
                    ~~~~~~~~^^^^^^^^^^^^^^^^
KeyError: 'sensor_types'
2026-07-25 05:08:40,264 ERROR [energy_monitor_core.module.ina] Module poll failed: 'sensor_types'
Traceback (most recent call last):
  File "/app/energy_monitor_core/modules.py", line 163, in _loop
    self.poll_once()
  File "/app/energy_monitor_core/modules.py", line 150, in poll_once
    "sensor_types": snapshot["sensor_types"],
                    ~~~~~~~~^^^^^^^^^^^^^^^^
KeyError: 'sensor_types'
2026-07-25 05:08:45,275 ERROR [energy_monitor_core.module.ina] Module poll failed: 'sensor_types'
Traceback (most recent call last):
  File "/app/energy_monitor_core/modules.py", line 163, in _loop
    self.poll_once()
  File "/app/energy_monitor_core/modules.py", line 150, in poll_once
    "sensor_types": snapshot["sensor_types"],
                    ~~~~~~~~^^^^^^^^^^^^^^^^
KeyError: 'sensor_types'
2026-07-25 05:08:50,286 ERROR [energy_monitor_core.module.ina] Module poll failed: 'sensor_types'
Traceback (most recent call last):
  File "/app/energy_monitor_core/modules.py", line 163, in _loop
    }))
        
  File "/app/energy_monitor_core/modules.py", line 150, in poll_once
KeyError: 'sensor_types'
2026-07-25 05:08:55,298 ERROR [energy_monitor_core.module.ina] Module poll failed: 'sensor_types'
Traceback (most recent call last):
  File "/app/energy_monitor_core/modules.py", line 163, in _loop
    }))
        
  File "/app/energy_monitor_core/modules.py", line 150, in poll_once
KeyError: 'sensor_types'
2026-07-25 05:09:00,315 ERROR [energy_monitor_core.module.ina] Module poll failed: 'sensor_types'
Traceback (most recent call last):
  File "/app/energy_monitor_core/modules.py", line 163, in _loop
    }))
        
  File "/app/energy_monitor_core/modules.py", line 150, in poll_once
KeyError: 'sensor_types'
2026-07-25 05:09:05,327 ERROR [energy_monitor_core.module.ina] Module poll failed: 'sensor_types'
Traceback (most recent call last):
  File "/app/energy_monitor_core/modules.py", line 163, in _loop
    }))
        
  File "/app/energy_monitor_core/modules.py", line 150, in poll_once
KeyError: 'sensor_types'
2026-07-25 05:09:10,339 ERROR [energy_monitor_core.module.ina] Module poll failed: 'sensor_types'
Traceback (most recent call last):
  File "/app/energy_monitor_core/modules.py", line 163, in _loop
    }))
        
  File "/app/energy_monitor_core/modules.py", line 150, in poll_once
KeyError: 'sensor_types'
2026-07-25 05:09:15,391 ERROR [energy_monitor_core.module.ina] Module poll failed: 'sensor_types'
Traceback (most recent call last):
  File "/app/energy_monitor_core/modules.py", line 163, in _loop
    }))
        
  File "/app/energy_monitor_core/modules.py", line 150, in poll_once
KeyError: 'sensor_types'
2026-07-25 05:09:20,410 ERROR [energy_monitor_core.module.ina] Module poll failed: 'sensor_types'
Traceback (most recent call last):
  File "/app/energy_monitor_core/modules.py", line 163, in _loop
    }))
        
  File "/app/energy_monitor_core/modules.py", line 150, in poll_once
KeyError: 'sensor_types'
2026-07-25 05:09:25,429 ERROR [energy_monitor_core.module.ina] Module poll failed: 'sensor_types'
Traceback (most recent call last):
  File "/app/energy_monitor_core/modules.py", line 163, in _loop
    }))
        
  File "/app/energy_monitor_core/modules.py", line 150, in poll_once
KeyError: 'sensor_types'
2026-07-25 05:09:30,440 ERROR [energy_monitor_core.module.ina] Module poll failed: 'sensor_types'
Traceback (most recent call last):
  File "/app/energy_monitor_core/modules.py", line 163, in _loop
    }))
        
  File "/app/energy_monitor_core/modules.py", line 150, in poll_once
KeyError: 'sensor_types'
2026-07-25 05:09:35,451 ERROR [energy_monitor_core.module.ina] Module poll failed: 'sensor_types'
Traceback (most recent call last):
  File "/app/energy_monitor_core/modules.py", line 163, in _loop
    }))
        
  File "/app/energy_monitor_core/modules.py", line 150, in poll_once
KeyError: 'sensor_types'
2026-07-25 05:11:19,684 INFO [energy_monitor_core.module.ina] Module runtime started
2026-07-25 05:11:19,864 ERROR [energy_monitor_core.module.ina] Module poll failed: 'sensor_types'
Traceback (most recent call last):
  File "/app/energy_monitor_core/modules.py", line 175, in _loop
    try:
        ^
  File "/app/energy_monitor_core/modules.py", line 162, in poll_once
    "sensor_count": snapshot["sensor_count"],
                    ~~~~~~~~^^^^^^^^^^^^^^^^
KeyError: 'sensor_types'
2026-07-25 05:11:24,974 ERROR [energy_monitor_core.module.ina] Module poll failed: 'sensor_types'
Traceback (most recent call last):
  File "/app/energy_monitor_core/modules.py", line 175, in _loop
    try:
        ^
  File "/app/energy_monitor_core/modules.py", line 162, in poll_once
    "sensor_count": snapshot["sensor_count"],
                    ~~~~~~~~^^^^^^^^^^^^^^^^
KeyError: 'sensor_types'
2026-07-25 05:11:29,997 ERROR [energy_monitor_core.module.ina] Module poll failed: 'sensor_types'
Traceback (most recent call last):
  File "/app/energy_monitor_core/modules.py", line 175, in _loop
    try:
        ^
  File "/app/energy_monitor_core/modules.py", line 162, in poll_once
    "sensor_count": snapshot["sensor_count"],
                    ~~~~~~~~^^^^^^^^^^^^^^^^
KeyError: 'sensor_types'
2026-07-25 05:11:35,020 ERROR [energy_monitor_core.module.ina] Module poll failed: 'sensor_types'
Traceback (most recent call last):
  File "/app/energy_monitor_core/modules.py", line 175, in _loop
    try:
        ^
  File "/app/energy_monitor_core/modules.py", line 162, in poll_once
    "sensor_count": snapshot["sensor_count"],
                    ~~~~~~~~^^^^^^^^^^^^^^^^
KeyError: 'sensor_types'
2026-07-25 05:13:53,649 INFO [energy_monitor_core.module.ina] Module runtime started
2026-07-25 05:13:53,873 ERROR [energy_monitor_core.module.ina] Module poll failed
Traceback (most recent call last):
  File "/app/energy_monitor_core/modules.py", line 176, in _loop
    except Exception:
        ^^^^^^^^^^^^^^
  File "/app/energy_monitor_core/modules.py", line 163, in poll_once
    }))
        
KeyError: 'sensor_types'
2026-07-25 05:13:58,892 ERROR [energy_monitor_core.module.ina] Module poll failed
Traceback (most recent call last):
  File "/app/energy_monitor_core/modules.py", line 176, in _loop
    except Exception:
        ^^^^^^^^^^^^^^
  File "/app/energy_monitor_core/modules.py", line 163, in poll_once
    }))
        
KeyError: 'sensor_types'
2026-07-25 05:14:03,995 ERROR [energy_monitor_core.module.ina] Module poll failed
Traceback (most recent call last):
  File "/app/energy_monitor_core/modules.py", line 176, in _loop
    except Exception:
        ^^^^^^^^^^^^^^
  File "/app/energy_monitor_core/modules.py", line 163, in poll_once
    }))
        
KeyError: 'sensor_types'
2026-07-25 05:14:09,013 ERROR [energy_monitor_core.module.ina] Module poll failed
Traceback (most recent call last):
  File "/app/energy_monitor_core/modules.py", line 176, in _loop
    except Exception:
        ^^^^^^^^^^^^^^
  File "/app/energy_monitor_core/modules.py", line 163, in poll_once
    }))
        
KeyError: 'sensor_types'
2026-07-25 05:15:14,193 INFO [energy_monitor_core.module.ina] Module runtime started
2026-07-25 05:15:14,277 ERROR [energy_monitor_core.module.ina] Module poll failed
Traceback (most recent call last):
  File "/app/energy_monitor_core/modules.py", line 175, in _loop
    self.poll_once()
  File "/app/energy_monitor_core/modules.py", line 162, in poll_once
    "sensor_types": snapshot["sensor_types"],
                    ~~~~~~~~^^^^^^^^^^^^^^^^
KeyError: 'sensor_types'
2026-07-25 05:15:19,354 ERROR [energy_monitor_core.module.ina] Module poll failed
Traceback (most recent call last):
  File "/app/energy_monitor_core/modules.py", line 175, in _loop
    self.poll_once()
  File "/app/energy_monitor_core/modules.py", line 162, in poll_once
    "sensor_types": snapshot["sensor_types"],
                    ~~~~~~~~^^^^^^^^^^^^^^^^
KeyError: 'sensor_types'
2026-07-25 05:16:15,683 INFO [energy_monitor_core.module.ina] Module runtime started
2026-07-25 05:16:15,801 ERROR [energy_monitor_core.module.ina] Module poll failed
Traceback (most recent call last):
  File "/app/energy_monitor_core/modules.py", line 175, in _loop
    self.poll_once()
  File "/app/energy_monitor_core/modules.py", line 162, in poll_once
    "sensor_types": snapshot["sensor_types"],
                    ~~~~~~~~^^^^^^^^^^^^^^^^
KeyError: 'sensor_types'
2026-07-25 05:17:07,645 INFO [energy_monitor_core.module.ina] Module runtime started
2026-07-25 05:17:07,821 ERROR [energy_monitor_core.module.ina] Module poll failed
Traceback (most recent call last):
  File "/app/energy_monitor_core/modules.py", line 175, in _loop
    try:
        ^
  File "/app/energy_monitor_core/modules.py", line 162, in poll_once
    "sensor_count": snapshot["sensor_count"],
                    ~~~~~~~~^^^^^^^^^^^^^^^^
KeyError: 'sensor_types'
2026-07-25 05:17:12,839 ERROR [energy_monitor_core.module.ina] Module poll failed
Traceback (most recent call last):
  File "/app/energy_monitor_core/modules.py", line 175, in _loop
    try:
        ^
  File "/app/energy_monitor_core/modules.py", line 162, in poll_once
    "sensor_count": snapshot["sensor_count"],
                    ~~~~~~~~^^^^^^^^^^^^^^^^
KeyError: 'sensor_types'
2026-07-25 05:17:17,855 ERROR [energy_monitor_core.module.ina] Module poll failed
Traceback (most recent call last):
  File "/app/energy_monitor_core/modules.py", line 175, in _loop
    try:
        ^
  File "/app/energy_monitor_core/modules.py", line 162, in poll_once
    "sensor_count": snapshot["sensor_count"],
                    ~~~~~~~~^^^^^^^^^^^^^^^^
KeyError: 'sensor_types'
2026-07-25 05:17:22,876 ERROR [energy_monitor_core.module.ina] Module poll failed
Traceback (most recent call last):
  File "/app/energy_monitor_core/modules.py", line 175, in _loop
    try:
        ^
  File "/app/energy_monitor_core/modules.py", line 162, in poll_once
    "sensor_count": snapshot["sensor_count"],
                    ~~~~~~~~^^^^^^^^^^^^^^^^
KeyError: 'sensor_types'
2026-07-25 05:17:27,892 ERROR [energy_monitor_core.module.ina] Module poll failed
Traceback (most recent call last):
  File "/app/energy_monitor_core/modules.py", line 175, in _loop
    try:
        ^
  File "/app/energy_monitor_core/modules.py", line 162, in poll_once
    "sensor_count": snapshot["sensor_count"],
                    ~~~~~~~~^^^^^^^^^^^^^^^^
KeyError: 'sensor_types'
2026-07-25 05:17:32,906 ERROR [energy_monitor_core.module.ina] Module poll failed
Traceback (most recent call last):
  File "/app/energy_monitor_core/modules.py", line 175, in _loop
    try:
        ^
  File "/app/energy_monitor_core/modules.py", line 162, in poll_once
    "sensor_count": snapshot["sensor_count"],
                    ~~~~~~~~^^^^^^^^^^^^^^^^
KeyError: 'sensor_types'
2026-07-25 05:17:37,923 ERROR [energy_monitor_core.module.ina] Module poll failed
Traceback (most recent call last):
  File "/app/energy_monitor_core/modules.py", line 175, in _loop
    try:
        ^
  File "/app/energy_monitor_core/modules.py", line 162, in poll_once
    "sensor_count": snapshot["sensor_count"],
                    ~~~~~~~~^^^^^^^^^^^^^^^^
KeyError: 'sensor_types'
2026-07-25 05:17:42,939 ERROR [energy_monitor_core.module.ina] Module poll failed
Traceback (most recent call last):
  File "/app/energy_monitor_core/modules.py", line 175, in _loop
    try:
        ^
  File "/app/energy_monitor_core/modules.py", line 162, in poll_once
    "sensor_count": snapshot["sensor_count"],
                    ~~~~~~~~^^^^^^^^^^^^^^^^
KeyError: 'sensor_types'
2026-07-25 05:17:47,958 ERROR [energy_monitor_core.module.ina] Module poll failed
Traceback (most recent call last):
  File "/app/energy_monitor_core/modules.py", line 175, in _loop
    try:
        ^
  File "/app/energy_monitor_core/modules.py", line 162, in poll_once
    "sensor_count": snapshot["sensor_count"],
                    ~~~~~~~~^^^^^^^^^^^^^^^^
KeyError: 'sensor_types'
2026-07-25 05:17:52,980 ERROR [energy_monitor_core.module.ina] Module poll failed
Traceback (most recent call last):
  File "/app/energy_monitor_core/modules.py", line 175, in _loop
    try:
        ^
  File "/app/energy_monitor_core/modules.py", line 162, in poll_once
    "sensor_count": snapshot["sensor_count"],
                    ~~~~~~~~^^^^^^^^^^^^^^^^
KeyError: 'sensor_types'
2026-07-25 05:17:58,085 ERROR [energy_monitor_core.module.ina] Module poll failed
Traceback (most recent call last):
  File "/app/energy_monitor_core/modules.py", line 175, in _loop
    try:
        ^
  File "/app/energy_monitor_core/modules.py", line 162, in poll_once
    "sensor_count": snapshot["sensor_count"],
                    ~~~~~~~~^^^^^^^^^^^^^^^^
KeyError: 'sensor_types'
2026-07-25 05:18:03,101 ERROR [energy_monitor_core.module.ina] Module poll failed
Traceback (most recent call last):
  File "/app/energy_monitor_core/modules.py", line 175, in _loop
    try:
        ^
  File "/app/energy_monitor_core/modules.py", line 162, in poll_once
    "sensor_count": snapshot["sensor_count"],
                    ~~~~~~~~^^^^^^^^^^^^^^^^
KeyError: 'sensor_types'
2026-07-25 05:18:08,130 ERROR [energy_monitor_core.module.ina] Module poll failed
Traceback (most recent call last):
  File "/app/energy_monitor_core/modules.py", line 175, in _loop
    try:
        ^
  File "/app/energy_monitor_core/modules.py", line 162, in poll_once
    "sensor_count": snapshot["sensor_count"],
                    ~~~~~~~~^^^^^^^^^^^^^^^^
KeyError: 'sensor_types'
2026-07-25 05:18:13,148 ERROR [energy_monitor_core.module.ina] Module poll failed
Traceback (most recent call last):
  File "/app/energy_monitor_core/modules.py", line 175, in _loop
    try:
        ^
  File "/app/energy_monitor_core/modules.py", line 162, in poll_once
    "sensor_count": snapshot["sensor_count"],
                    ~~~~~~~~^^^^^^^^^^^^^^^^
KeyError: 'sensor_types'
2026-07-25 05:18:18,166 ERROR [energy_monitor_core.module.ina] Module poll failed
Traceback (most recent call last):
  File "/app/energy_monitor_core/modules.py", line 175, in _loop
    try:
        ^
  File "/app/energy_monitor_core/modules.py", line 162, in poll_once
    "sensor_count": snapshot["sensor_count"],
                    ~~~~~~~~^^^^^^^^^^^^^^^^
KeyError: 'sensor_types'
2026-07-25 05:18:23,181 ERROR [energy_monitor_core.module.ina] Module poll failed
Traceback (most recent call last):
  File "/app/energy_monitor_core/modules.py", line 175, in _loop
    try:
        ^
  File "/app/energy_monitor_core/modules.py", line 162, in poll_once
    "sensor_count": snapshot["sensor_count"],
                    ~~~~~~~~^^^^^^^^^^^^^^^^
KeyError: 'sensor_types'
2026-07-25 05:18:28,212 ERROR [energy_monitor_core.module.ina] Module poll failed
Traceback (most recent call last):
  File "/app/energy_monitor_core/modules.py", line 175, in _loop
    try:
        ^
  File "/app/energy_monitor_core/modules.py", line 162, in poll_once
    "sensor_count": snapshot["sensor_count"],
                    ~~~~~~~~^^^^^^^^^^^^^^^^
KeyError: 'sensor_types'
2026-07-25 05:18:33,239 ERROR [energy_monitor_core.module.ina] Module poll failed
Traceback (most recent call last):
  File "/app/energy_monitor_core/modules.py", line 175, in _loop
    try:
        ^
  File "/app/energy_monitor_core/modules.py", line 162, in poll_once
    "sensor_count": snapshot["sensor_count"],
                    ~~~~~~~~^^^^^^^^^^^^^^^^
KeyError: 'sensor_types'
2026-07-25 05:18:38,258 ERROR [energy_monitor_core.module.ina] Module poll failed
Traceback (most recent call last):
  File "/app/energy_monitor_core/modules.py", line 175, in _loop
    try:
        ^
  File "/app/energy_monitor_core/modules.py", line 162, in poll_once
    "sensor_count": snapshot["sensor_count"],
                    ~~~~~~~~^^^^^^^^^^^^^^^^
KeyError: 'sensor_types'
2026-07-25 05:18:43,275 ERROR [energy_monitor_core.module.ina] Module poll failed
Traceback (most recent call last):
  File "/app/energy_monitor_core/modules.py", line 175, in _loop
    try:
        ^
  File "/app/energy_monitor_core/modules.py", line 162, in poll_once
    "sensor_count": snapshot["sensor_count"],
                    ~~~~~~~~^^^^^^^^^^^^^^^^
KeyError: 'sensor_types'
2026-07-25 05:18:48,292 ERROR [energy_monitor_core.module.ina] Module poll failed
Traceback (most recent call last):
  File "/app/energy_monitor_core/modules.py", line 175, in _loop
    try:
        ^
  File "/app/energy_monitor_core/modules.py", line 162, in poll_once
    "sensor_count": snapshot["sensor_count"],
                    ~~~~~~~~^^^^^^^^^^^^^^^^
KeyError: 'sensor_types'
2026-07-25 05:20:22,768 INFO [energy_monitor_core.module.ina] Module runtime started
2026-07-25 05:20:22,802 ERROR [energy_monitor_core.module.ina] Module poll failed
Traceback (most recent call last):
  File "/app/energy_monitor_core/modules.py", line 178, in _loop
    self.poll_once()
  File "/app/energy_monitor_core/modules.py", line 165, in poll_once
    "sensor_types": snapshot["sensor_types"],
                    ~~~~~~~~^^^^^^^^^^^^^^^^
KeyError: 'sensor_types'
2026-07-25 05:20:27,819 ERROR [energy_monitor_core.module.ina] Module poll failed
Traceback (most recent call last):
  File "/app/energy_monitor_core/modules.py", line 178, in _loop
    self.poll_once()
  File "/app/energy_monitor_core/modules.py", line 165, in poll_once
    "sensor_types": snapshot["sensor_types"],
                    ~~~~~~~~^^^^^^^^^^^^^^^^
KeyError: 'sensor_types'
2026-07-25 05:20:32,835 ERROR [energy_monitor_core.module.ina] Module poll failed
Traceback (most recent call last):
  File "/app/energy_monitor_core/modules.py", line 178, in _loop
    self.poll_once()
  File "/app/energy_monitor_core/modules.py", line 165, in poll_once
    "sensor_types": snapshot["sensor_types"],
                    ~~~~~~~~^^^^^^^^^^^^^^^^
KeyError: 'sensor_types'
2026-07-25 05:20:37,852 ERROR [energy_monitor_core.module.ina] Module poll failed
Traceback (most recent call last):
  File "/app/energy_monitor_core/modules.py", line 178, in _loop
    self.poll_once()
  File "/app/energy_monitor_core/modules.py", line 165, in poll_once
    "sensor_types": snapshot["sensor_types"],
                    ~~~~~~~~^^^^^^^^^^^^^^^^
KeyError: 'sensor_types'
2026-07-25 05:20:42,868 ERROR [energy_monitor_core.module.ina] Module poll failed
Traceback (most recent call last):
  File "/app/energy_monitor_core/modules.py", line 178, in _loop
    self.poll_once()
  File "/app/energy_monitor_core/modules.py", line 165, in poll_once
    "sensor_types": snapshot["sensor_types"],
                    ~~~~~~~~^^^^^^^^^^^^^^^^
KeyError: 'sensor_types'
2026-07-25 05:20:47,876 ERROR [energy_monitor_core.module.ina] Module poll failed
Traceback (most recent call last):
  File "/app/energy_monitor_core/modules.py", line 178, in _loop
    self.poll_once()
  File "/app/energy_monitor_core/modules.py", line 165, in poll_once
    "sensor_types": snapshot["sensor_types"],
                    ~~~~~~~~^^^^^^^^^^^^^^^^
KeyError: 'sensor_types'
2026-07-25 05:20:52,890 ERROR [energy_monitor_core.module.ina] Module poll failed
Traceback (most recent call last):
  File "/app/energy_monitor_core/modules.py", line 178, in _loop
    self.poll_once()
  File "/app/energy_monitor_core/modules.py", line 165, in poll_once
    "sensor_types": snapshot["sensor_types"],
                    ~~~~~~~~^^^^^^^^^^^^^^^^
KeyError: 'sensor_types'
2026-07-25 05:20:57,907 ERROR [energy_monitor_core.module.ina] Module poll failed
Traceback (most recent call last):
  File "/app/energy_monitor_core/modules.py", line 178, in _loop
    self.poll_once()
  File "/app/energy_monitor_core/modules.py", line 165, in poll_once
    "sensor_types": snapshot["sensor_types"],
                    ~~~~~~~~^^^^^^^^^^^^^^^^
KeyError: 'sensor_types'
2026-07-25 05:21:02,938 ERROR [energy_monitor_core.module.ina] Module poll failed
Traceback (most recent call last):
  File "/app/energy_monitor_core/modules.py", line 178, in _loop
    self.poll_once()
  File "/app/energy_monitor_core/modules.py", line 165, in poll_once
    "sensor_types": list(snapshot.get("sensor_type_summary", {}).keys()),
                    ^^^^^^^^^^^^^^^^^^^^^^^^
KeyError: 'sensor_types'
2026-07-25 05:21:07,982 ERROR [energy_monitor_core.module.ina] Module poll failed
Traceback (most recent call last):
  File "/app/energy_monitor_core/modules.py", line 178, in _loop
    self.poll_once()
  File "/app/energy_monitor_core/modules.py", line 165, in poll_once
    "sensor_types": list(snapshot.get("sensor_type_summary", {}).keys()),
                    ^^^^^^^^^^^^^^^^^^^^^^^^
KeyError: 'sensor_types'
2026-07-25 05:21:13,007 ERROR [energy_monitor_core.module.ina] Module poll failed
Traceback (most recent call last):
  File "/app/energy_monitor_core/modules.py", line 178, in _loop
    self.poll_once()
  File "/app/energy_monitor_core/modules.py", line 165, in poll_once
    "sensor_types": list(snapshot.get("sensor_type_summary", {}).keys()),
                    ^^^^^^^^^^^^^^^^^^^^^^^^
KeyError: 'sensor_types'
2026-07-25 05:21:18,025 ERROR [energy_monitor_core.module.ina] Module poll failed
Traceback (most recent call last):
  File "/app/energy_monitor_core/modules.py", line 178, in _loop
    self.poll_once()
  File "/app/energy_monitor_core/modules.py", line 165, in poll_once
    "sensor_types": list(snapshot.get("sensor_type_summary", {}).keys()),
                    ^^^^^^^^^^^^^^^^^^^^^^^^
KeyError: 'sensor_types'
2026-07-25 05:21:23,041 ERROR [energy_monitor_core.module.ina] Module poll failed
Traceback (most recent call last):
  File "/app/energy_monitor_core/modules.py", line 178, in _loop
    self.poll_once()
  File "/app/energy_monitor_core/modules.py", line 165, in poll_once
    "sensor_types": list(snapshot.get("sensor_type_summary", {}).keys()),
                    ^^^^^^^^^^^^^^^^^^^^^^^^
KeyError: 'sensor_types'
2026-07-25 05:21:28,056 ERROR [energy_monitor_core.module.ina] Module poll failed
Traceback (most recent call last):
  File "/app/energy_monitor_core/modules.py", line 178, in _loop
    self.poll_once()
  File "/app/energy_monitor_core/modules.py", line 165, in poll_once
    "sensor_types": list(snapshot.get("sensor_type_summary", {}).keys()),
                    ^^^^^^^^^^^^^^^^^^^^^^^^
KeyError: 'sensor_types'
2026-07-25 05:22:19,651 INFO [energy_monitor_core.module.ina] Module runtime started
2026-07-25 05:22:19,852 INFO [energy_monitor_core.module.ina] Polled module snapshot: {
  "module": "ina",
  "updated_at": "2026-07-25T04:22:19.850981+00:00",
  "status": "disconnected",
  "device_count": 2,
  "sensor_count": 6,
  "sensor_types": [
    "battery",
    "wind",
    "solar"
  ]
}
2026-07-25 05:22:24,870 INFO [energy_monitor_core.module.ina] Polled module snapshot: {
  "module": "ina",
  "updated_at": "2026-07-25T04:22:24.869343+00:00",
  "status": "disconnected",
  "device_count": 2,
  "sensor_count": 6,
  "sensor_types": [
    "battery",
    "wind",
    "solar"
  ]
}
2026-07-25 05:22:29,887 INFO [energy_monitor_core.module.ina] Polled module snapshot: {
  "module": "ina",
  "updated_at": "2026-07-25T04:22:29.886321+00:00",
  "status": "disconnected",
  "device_count": 2,
  "sensor_count": 6,
  "sensor_types": [
    "battery",
    "wind",
    "solar"
  ]
}
2026-07-25 05:22:34,939 INFO [energy_monitor_core.module.ina] Polled module snapshot: {
  "module": "ina",
  "updated_at": "2026-07-25T04:22:34.937763+00:00",
  "status": "disconnected",
  "device_count": 2,
  "sensor_count": 6,
  "sensor_types": [
    "battery",
    "wind",
    "solar"
  ]
}
2026-07-25 05:22:39,958 INFO [energy_monitor_core.module.ina] Polled module snapshot: {
  "module": "ina",
  "updated_at": "2026-07-25T04:22:39.956587+00:00",
  "status": "disconnected",
  "device_count": 2,
  "sensor_count": 6,
  "sensor_types": [
    "battery",
    "wind",
    "solar"
  ]
}
2026-07-25 05:22:44,976 INFO [energy_monitor_core.module.ina] Polled module snapshot: {
  "module": "ina",
  "updated_at": "2026-07-25T04:22:44.975016+00:00",
  "status": "disconnected",
  "device_count": 2,
  "sensor_count": 6,
  "sensor_types": [
    "battery",
    "wind",
    "solar"
  ]
}
2026-07-25 05:22:49,993 INFO [energy_monitor_core.module.ina] Polled module snapshot: {
  "module": "ina",
  "updated_at": "2026-07-25T04:22:49.992094+00:00",
  "status": "disconnected",
  "device_count": 2,
  "sensor_count": 6,
  "sensor_types": [
    "battery",
    "wind",
    "solar"
  ]
}
2026-07-25 05:22:55,007 INFO [energy_monitor_core.module.ina] Polled module snapshot: {
  "module": "ina",
  "updated_at": "2026-07-25T04:22:55.006429+00:00",
  "status": "disconnected",
  "device_count": 2,
  "sensor_count": 6,
  "sensor_types": [
    "battery",
    "wind",
    "solar"
  ]
}
2026-07-25 05:24:08,617 INFO [energy_monitor_core.module.ina] Module runtime started
2026-07-25 05:24:08,763 INFO [energy_monitor_core.module.ina] Polled module snapshot: {
  "module": "ina",
  "updated_at": "2026-07-25T04:24:08.762429+00:00",
  "status": "disconnected",
  "device_count": 2,
  "sensor_count": 6,
  "sensor_types": [
    "battery",
    "wind",
    "solar"
  ]
}
2026-07-25 05:24:13,782 INFO [energy_monitor_core.module.ina] Polled module snapshot: {
  "module": "ina",
  "updated_at": "2026-07-25T04:24:13.781416+00:00",
  "status": "disconnected",
  "device_count": 2,
  "sensor_count": 6,
  "sensor_types": [
    "battery",
    "wind",
    "solar"
  ]
}
2026-07-25 05:25:03,370 INFO [energy_monitor_core.module.ina] Module runtime started
2026-07-25 05:25:03,522 INFO [energy_monitor_core.module.ina] Polled module snapshot: {
  "module": "ina",
  "updated_at": "2026-07-25T04:25:03.520143+00:00",
  "status": "disconnected",
  "device_count": 2,
  "sensor_count": 6,
  "sensor_types": [
    "battery",
    "wind",
    "solar"
  ]
}
2026-07-25 05:25:08,537 INFO [energy_monitor_core.module.ina] Polled module snapshot: {
  "module": "ina",
  "updated_at": "2026-07-25T04:25:08.536038+00:00",
  "status": "disconnected",
  "device_count": 2,
  "sensor_count": 6,
  "sensor_types": [
    "battery",
    "wind",
    "solar"
  ]
}
2026-07-25 05:25:13,554 INFO [energy_monitor_core.module.ina] Polled module snapshot: {
  "module": "ina",
  "updated_at": "2026-07-25T04:25:13.552911+00:00",
  "status": "disconnected",
  "device_count": 2,
  "sensor_count": 6,
  "sensor_types": [
    "battery",
    "wind",
    "solar"
  ]
}
2026-07-25 05:25:18,573 INFO [energy_monitor_core.module.ina] Polled module snapshot: {
  "module": "ina",
  "updated_at": "2026-07-25T04:25:18.571683+00:00",
  "status": "disconnected",
  "device_count": 2,
  "sensor_count": 6,
  "sensor_types": [
    "battery",
    "wind",
    "solar"
  ]
}
2026-07-25 05:25:23,597 INFO [energy_monitor_core.module.ina] Polled module snapshot: {
  "module": "ina",
  "updated_at": "2026-07-25T04:25:23.595845+00:00",
  "status": "disconnected",
  "device_count": 2,
  "sensor_count": 6,
  "sensor_types": [
    "battery",
    "wind",
    "solar"
  ]
}
2026-07-25 05:25:28,635 INFO [energy_monitor_core.module.ina] Polled module snapshot: {
  "module": "ina",
  "updated_at": "2026-07-25T04:25:28.633688+00:00",
  "status": "disconnected",
  "device_count": 2,
  "sensor_count": 6,
  "sensor_types": [
    "battery",
    "wind",
    "solar"
  ]
}
2026-07-25 05:25:33,651 INFO [energy_monitor_core.module.ina] Polled module snapshot: {
  "module": "ina",
  "updated_at": "2026-07-25T04:25:33.650120+00:00",
  "status": "disconnected",
  "device_count": 2,
  "sensor_count": 6,
  "sensor_types": [
    "battery",
    "wind",
    "solar"
  ]
}
2026-07-25 05:25:38,670 INFO [energy_monitor_core.module.ina] Polled module snapshot: {
  "module": "ina",
  "updated_at": "2026-07-25T04:25:38.668686+00:00",
  "status": "disconnected",
  "device_count": 2,
  "sensor_count": 6,
  "sensor_types": [
    "battery",
    "wind",
    "solar"
  ]
}
2026-07-25 05:25:43,686 INFO [energy_monitor_core.module.ina] Polled module snapshot: {
  "module": "ina",
  "updated_at": "2026-07-25T04:25:43.685510+00:00",
  "status": "disconnected",
  "device_count": 2,
  "sensor_count": 6,
  "sensor_types": [
    "battery",
    "wind",
    "solar"
  ]
}
2026-07-25 05:25:48,708 INFO [energy_monitor_core.module.ina] Polled module snapshot: {
  "module": "ina",
  "updated_at": "2026-07-25T04:25:48.706870+00:00",
  "status": "disconnected",
  "device_count": 2,
  "sensor_count": 6,
  "sensor_types": [
    "battery",
    "wind",
    "solar"
  ]
}
2026-07-25 05:25:53,741 INFO [energy_monitor_core.module.ina] Polled module snapshot: {
  "module": "ina",
  "updated_at": "2026-07-25T04:25:53.738447+00:00",
  "status": "disconnected",
  "device_count": 2,
  "sensor_count": 6,
  "sensor_types": [
    "battery",
    "wind",
    "solar"
  ]
}
2026-07-25 05:25:58,756 INFO [energy_monitor_core.module.ina] Polled module snapshot: {
  "module": "ina",
  "updated_at": "2026-07-25T04:25:58.754899+00:00",
  "status": "disconnected",
  "device_count": 2,
  "sensor_count": 6,
  "sensor_types": [
    "battery",
    "wind",
    "solar"
  ]
}
2026-07-25 05:26:03,772 INFO [energy_monitor_core.module.ina] Polled module snapshot: {
  "module": "ina",
  "updated_at": "2026-07-25T04:26:03.770996+00:00",
  "status": "disconnected",
  "device_count": 2,
  "sensor_count": 6,
  "sensor_types": [
    "battery",
    "wind",
    "solar"
  ]
}
2026-07-25 05:26:08,789 INFO [energy_monitor_core.module.ina] Polled module snapshot: {
  "module": "ina",
  "updated_at": "2026-07-25T04:26:08.787919+00:00",
  "status": "disconnected",
  "device_count": 2,
  "sensor_count": 6,
  "sensor_types": [
    "battery",
    "wind",
    "solar"
  ]
}
2026-07-25 05:26:13,808 INFO [energy_monitor_core.module.ina] Polled module snapshot: {
  "module": "ina",
  "updated_at": "2026-07-25T04:26:13.807424+00:00",
  "status": "disconnected",
  "device_count": 2,
  "sensor_count": 6,
  "sensor_types": [
    "battery",
    "wind",
    "solar"
  ]
}
2026-07-25 05:26:18,825 INFO [energy_monitor_core.module.ina] Polled module snapshot: {
  "module": "ina",
  "updated_at": "2026-07-25T04:26:18.823652+00:00",
  "status": "disconnected",
  "device_count": 2,
  "sensor_count": 6,
  "sensor_types": [
    "battery",
    "wind",
    "solar"
  ]
}
2026-07-25 05:26:23,840 INFO [energy_monitor_core.module.ina] Polled module snapshot: {
  "module": "ina",
  "updated_at": "2026-07-25T04:26:23.838893+00:00",
  "status": "disconnected",
  "device_count": 2,
  "sensor_count": 6,
  "sensor_types": [
    "battery",
    "wind",
    "solar"
  ]
}
2026-07-25 05:26:28,855 INFO [energy_monitor_core.module.ina] Polled module snapshot: {
  "module": "ina",
  "updated_at": "2026-07-25T04:26:28.853639+00:00",
  "status": "disconnected",
  "device_count": 2,
  "sensor_count": 6,
  "sensor_types": [
    "battery",
    "wind",
    "solar"
  ]
}
2026-07-25 05:26:33,869 INFO [energy_monitor_core.module.ina] Polled module snapshot: {
  "module": "ina",
  "updated_at": "2026-07-25T04:26:33.868372+00:00",
  "status": "disconnected",
  "device_count": 2,
  "sensor_count": 6,
  "sensor_types": [
    "battery",
    "wind",
    "solar"
  ]
}
2026-07-25 05:26:38,890 INFO [energy_monitor_core.module.ina] Polled module snapshot: {
  "module": "ina",
  "updated_at": "2026-07-25T04:26:38.889121+00:00",
  "status": "disconnected",
  "device_count": 2,
  "sensor_count": 6,
  "sensor_types": [
    "battery",
    "wind",
    "solar"
  ]
}
2026-07-25 05:26:43,908 INFO [energy_monitor_core.module.ina] Polled module snapshot: {
  "module": "ina",
  "updated_at": "2026-07-25T04:26:43.906783+00:00",
  "status": "disconnected",
  "device_count": 2,
  "sensor_count": 6,
  "sensor_types": [
    "battery",
    "wind",
    "solar"
  ]
}
2026-07-25 05:26:48,922 INFO [energy_monitor_core.module.ina] Polled module snapshot: {
  "module": "ina",
  "updated_at": "2026-07-25T04:26:48.921511+00:00",
  "status": "disconnected",
  "device_count": 2,
  "sensor_count": 6,
  "sensor_types": [
    "battery",
    "wind",
    "solar"
  ]
}
2026-07-25 05:26:53,953 INFO [energy_monitor_core.module.ina] Polled module snapshot: {
  "module": "ina",
  "updated_at": "2026-07-25T04:26:53.951440+00:00",
  "status": "disconnected",
  "device_count": 2,
  "sensor_count": 6,
  "sensor_types": [
    "battery",
    "wind",
    "solar"
  ]
}
2026-07-25 05:26:58,969 INFO [energy_monitor_core.module.ina] Polled module snapshot: {
  "module": "ina",
  "updated_at": "2026-07-25T04:26:58.968001+00:00",
  "status": "disconnected",
  "device_count": 2,
  "sensor_count": 6,
  "sensor_types": [
    "battery",
    "wind",
    "solar"
  ]
}
2026-07-25 05:27:03,983 INFO [energy_monitor_core.module.ina] Polled module snapshot: {
  "module": "ina",
  "updated_at": "2026-07-25T04:27:03.982072+00:00",
  "status": "disconnected",
  "device_count": 2,
  "sensor_count": 6,
  "sensor_types": [
    "battery",
    "wind",
    "solar"
  ]
}
2026-07-25 05:27:08,999 INFO [energy_monitor_core.module.ina] Polled module snapshot: {
  "module": "ina",
  "updated_at": "2026-07-25T04:27:08.998115+00:00",
  "status": "disconnected",
  "device_count": 2,
  "sensor_count": 6,
  "sensor_types": [
    "battery",
    "wind",
    "solar"
  ]
}
2026-07-25 05:27:14,016 INFO [energy_monitor_core.module.ina] Polled module snapshot: {
  "module": "ina",
  "updated_at": "2026-07-25T04:27:14.015075+00:00",
  "status": "disconnected",
  "device_count": 2,
  "sensor_count": 6,
  "sensor_types": [
    "battery",
    "wind",
    "solar"
  ]
}
2026-07-25 05:27:19,030 INFO [energy_monitor_core.module.ina] Polled module snapshot: {
  "module": "ina",
  "updated_at": "2026-07-25T04:27:19.029398+00:00",
  "status": "disconnected",
  "device_count": 2,
  "sensor_count": 6,
  "sensor_types": [
    "battery",
    "wind",
    "solar"
  ]
}
2026-07-25 05:27:24,049 INFO [energy_monitor_core.module.ina] Polled module snapshot: {
  "module": "ina",
  "updated_at": "2026-07-25T04:27:24.047121+00:00",
  "status": "disconnected",
  "device_count": 2,
  "sensor_count": 6,
  "sensor_types": [
    "battery",
    "wind",
    "solar"
  ]
}
2026-07-25 05:27:29,064 INFO [energy_monitor_core.module.ina] Polled module snapshot: {
  "module": "ina",
  "updated_at": "2026-07-25T04:27:29.062993+00:00",
  "status": "disconnected",
  "device_count": 2,
  "sensor_count": 6,
  "sensor_types": [
    "battery",
    "wind",
    "solar"
  ]
}
2026-07-25 05:27:34,078 INFO [energy_monitor_core.module.ina] Polled module snapshot: {
  "module": "ina",
  "updated_at": "2026-07-25T04:27:34.077351+00:00",
  "status": "disconnected",
  "device_count": 2,
  "sensor_count": 6,
  "sensor_types": [
    "battery",
    "wind",
    "solar"
  ]
}
2026-07-25 05:27:39,097 INFO [energy_monitor_core.module.ina] Polled module snapshot: {
  "module": "ina",
  "updated_at": "2026-07-25T04:27:39.094993+00:00",
  "status": "disconnected",
  "device_count": 2,
  "sensor_count": 6,
  "sensor_types": [
    "battery",
    "wind",
    "solar"
  ]
}
2026-07-25 05:27:44,115 INFO [energy_monitor_core.module.ina] Polled module snapshot: {
  "module": "ina",
  "updated_at": "2026-07-25T04:27:44.113500+00:00",
  "status": "disconnected",
  "device_count": 2,
  "sensor_count": 6,
  "sensor_types": [
    "battery",
    "wind",
    "solar"
  ]
}
2026-07-25 05:27:49,130 INFO [energy_monitor_core.module.ina] Polled module snapshot: {
  "module": "ina",
  "updated_at": "2026-07-25T04:27:49.128901+00:00",
  "status": "disconnected",
  "device_count": 2,
  "sensor_count": 6,
  "sensor_types": [
    "battery",
    "wind",
    "solar"
  ]
}
2026-07-25 05:27:54,144 INFO [energy_monitor_core.module.ina] Polled module snapshot: {
  "module": "ina",
  "updated_at": "2026-07-25T04:27:54.143246+00:00",
  "status": "disconnected",
  "device_count": 2,
  "sensor_count": 6,
  "sensor_types": [
    "battery",
    "wind",
    "solar"
  ]
}
2026-07-25 05:27:59,161 INFO [energy_monitor_core.module.ina] Polled module snapshot: {
  "module": "ina",
  "updated_at": "2026-07-25T04:27:59.159602+00:00",
  "status": "disconnected",
  "device_count": 2,
  "sensor_count": 6,
  "sensor_types": [
    "battery",
    "wind",
    "solar"
  ]
}
2026-07-25 05:28:04,175 INFO [energy_monitor_core.module.ina] Polled module snapshot: {
  "module": "ina",
  "updated_at": "2026-07-25T04:28:04.174100+00:00",
  "status": "disconnected",
  "device_count": 2,
  "sensor_count": 6,
  "sensor_types": [
    "battery",
    "wind",
    "solar"
  ]
}
2026-07-25 05:28:09,189 INFO [energy_monitor_core.module.ina] Polled module snapshot: {
  "module": "ina",
  "updated_at": "2026-07-25T04:28:09.188297+00:00",
  "status": "disconnected",
  "device_count": 2,
  "sensor_count": 6,
  "sensor_types": [
    "battery",
    "wind",
    "solar"
  ]
}
2026-07-25 05:28:14,206 INFO [energy_monitor_core.module.ina] Polled module snapshot: {
  "module": "ina",
  "updated_at": "2026-07-25T04:28:14.204743+00:00",
  "status": "disconnected",
  "device_count": 2,
  "sensor_count": 6,
  "sensor_types": [
    "battery",
    "wind",
    "solar"
  ]
}
2026-07-25 05:28:19,213 INFO [energy_monitor_core.module.ina] Polled module snapshot: {
  "module": "ina",
  "updated_at": "2026-07-25T04:28:19.213277+00:00",
  "status": "disconnected",
  "device_count": 2,
  "sensor_count": 6,
  "sensor_types": [
    "battery",
    "wind",
    "solar"
  ]
}
2026-07-25 05:28:24,231 INFO [energy_monitor_core.module.ina] Polled module snapshot: {
  "module": "ina",
  "updated_at": "2026-07-25T04:28:24.230223+00:00",
  "status": "disconnected",
  "device_count": 2,
  "sensor_count": 6,
  "sensor_types": [
    "battery",
    "wind",
    "solar"
  ]
}
2026-07-25 05:28:29,248 INFO [energy_monitor_core.module.ina] Polled module snapshot: {
  "module": "ina",
  "updated_at": "2026-07-25T04:28:29.246993+00:00",
  "status": "disconnected",
  "device_count": 2,
  "sensor_count": 6,
  "sensor_types": [
    "battery",
    "wind",
    "solar"
  ]
}
2026-07-25 05:28:34,267 INFO [energy_monitor_core.module.ina] Polled module snapshot: {
  "module": "ina",
  "updated_at": "2026-07-25T04:28:34.266357+00:00",
  "status": "disconnected",
  "device_count": 2,
  "sensor_count": 6,
  "sensor_types": [
    "battery",
    "wind",
    "solar"
  ]
}
2026-07-25 05:28:39,282 INFO [energy_monitor_core.module.ina] Polled module snapshot: {
  "module": "ina",
  "updated_at": "2026-07-25T04:28:39.281464+00:00",
  "status": "disconnected",
  "device_count": 2,
  "sensor_count": 6,
  "sensor_types": [
    "battery",
    "wind",
    "solar"
  ]
}
2026-07-25 05:28:44,298 INFO [energy_monitor_core.module.ina] Polled module snapshot: {
  "module": "ina",
  "updated_at": "2026-07-25T04:28:44.296555+00:00",
  "status": "disconnected",
  "device_count": 2,
  "sensor_count": 6,
  "sensor_types": [
    "battery",
    "wind",
    "solar"
  ]
}
2026-07-25 05:28:49,314 INFO [energy_monitor_core.module.ina] Polled module snapshot: {
  "module": "ina",
  "updated_at": "2026-07-25T04:28:49.313392+00:00",
  "status": "disconnected",
  "device_count": 2,
  "sensor_count": 6,
  "sensor_types": [
    "battery",
    "wind",
    "solar"
  ]
}
2026-07-25 05:28:54,331 INFO [energy_monitor_core.module.ina] Polled module snapshot: {
  "module": "ina",
  "updated_at": "2026-07-25T04:28:54.329552+00:00",
  "status": "disconnected",
  "device_count": 2,
  "sensor_count": 6,
  "sensor_types": [
    "battery",
    "wind",
    "solar"
  ]
}
2026-07-25 05:28:59,350 INFO [energy_monitor_core.module.ina] Polled module snapshot: {
  "module": "ina",
  "updated_at": "2026-07-25T04:28:59.348439+00:00",
  "status": "disconnected",
  "device_count": 2,
  "sensor_count": 6,
  "sensor_types": [
    "battery",
    "wind",
    "solar"
  ]
}
2026-07-25 05:29:04,367 INFO [energy_monitor_core.module.ina] Polled module snapshot: {
  "module": "ina",
  "updated_at": "2026-07-25T04:29:04.365832+00:00",
  "status": "disconnected",
  "device_count": 2,
  "sensor_count": 6,
  "sensor_types": [
    "battery",
    "wind",
    "solar"
  ]
}
2026-07-25 05:29:09,385 INFO [energy_monitor_core.module.ina] Polled module snapshot: {
  "module": "ina",
  "updated_at": "2026-07-25T04:29:09.383967+00:00",
  "status": "disconnected",
  "device_count": 2,
  "sensor_count": 6,
  "sensor_types": [
    "battery",
    "wind",
    "solar"
  ]
}
2026-07-25 05:29:14,401 INFO [energy_monitor_core.module.ina] Polled module snapshot: {
  "module": "ina",
  "updated_at": "2026-07-25T04:29:14.399262+00:00",
  "status": "disconnected",
  "device_count": 2,
  "sensor_count": 6,
  "sensor_types": [
    "battery",
    "wind",
    "solar"
  ]
}
2026-07-25 05:29:19,417 INFO [energy_monitor_core.module.ina] Polled module snapshot: {
  "module": "ina",
  "updated_at": "2026-07-25T04:29:19.416200+00:00",
  "status": "disconnected",
  "device_count": 2,
  "sensor_count": 6,
  "sensor_types": [
    "battery",
    "wind",
    "solar"
  ]
}
2026-07-25 05:29:24,425 INFO [energy_monitor_core.module.ina] Polled module snapshot: {
  "module": "ina",
  "updated_at": "2026-07-25T04:29:24.424738+00:00",
  "status": "disconnected",
  "device_count": 2,
  "sensor_count": 6,
  "sensor_types": [
    "battery",
    "wind",
    "solar"
  ]
}
2026-07-25 05:29:29,439 INFO [energy_monitor_core.module.ina] Polled module snapshot: {
  "module": "ina",
  "updated_at": "2026-07-25T04:29:29.437484+00:00",
  "status": "disconnected",
  "device_count": 2,
  "sensor_count": 6,
  "sensor_types": [
    "battery",
    "wind",
    "solar"
  ]
}
2026-07-25 05:29:34,454 INFO [energy_monitor_core.module.ina] Polled module snapshot: {
  "module": "ina",
  "updated_at": "2026-07-25T04:29:34.453034+00:00",
  "status": "disconnected",
  "device_count": 2,
  "sensor_count": 6,
  "sensor_types": [
    "battery",
    "wind",
    "solar"
  ]
}
2026-07-25 05:29:39,462 INFO [energy_monitor_core.module.ina] Polled module snapshot: {
  "module": "ina",
  "updated_at": "2026-07-25T04:29:39.462225+00:00",
  "status": "disconnected",
  "device_count": 2,
  "sensor_count": 6,
  "sensor_types": [
    "battery",
    "wind",
    "solar"
  ]
}
2026-07-25 05:29:44,478 INFO [energy_monitor_core.module.ina] Polled module snapshot: {
  "module": "ina",
  "updated_at": "2026-07-25T04:29:44.476703+00:00",
  "status": "disconnected",
  "device_count": 2,
  "sensor_count": 6,
  "sensor_types": [
    "battery",
    "wind",
    "solar"
  ]
}
2026-07-25 05:29:49,499 INFO [energy_monitor_core.module.ina] Polled module snapshot: {
  "module": "ina",
  "updated_at": "2026-07-25T04:29:49.495987+00:00",
  "status": "disconnected",
  "device_count": 2,
  "sensor_count": 6,
  "sensor_types": [
    "battery",
    "wind",
    "solar"
  ]
}
2026-07-25 05:29:54,515 INFO [energy_monitor_core.module.ina] Polled module snapshot: {
  "module": "ina",
  "updated_at": "2026-07-25T04:29:54.513545+00:00",
  "status": "disconnected",
  "device_count": 2,
  "sensor_count": 6,
  "sensor_types": [
    "battery",
    "wind",
    "solar"
  ]
}
2026-07-25 05:29:59,535 INFO [energy_monitor_core.module.ina] Polled module snapshot: {
  "module": "ina",
  "updated_at": "2026-07-25T04:29:59.533734+00:00",
  "status": "disconnected",
  "device_count": 2,
  "sensor_count": 6,
  "sensor_types": [
    "battery",
    "wind",
    "solar"
  ]
}
2026-07-25 05:30:04,550 INFO [energy_monitor_core.module.ina] Polled module snapshot: {
  "module": "ina",
  "updated_at": "2026-07-25T04:30:04.549180+00:00",
  "status": "disconnected",
  "device_count": 2,
  "sensor_count": 6,
  "sensor_types": [
    "battery",
    "wind",
    "solar"
  ]
}
2026-07-25 05:30:09,569 INFO [energy_monitor_core.module.ina] Polled module snapshot: {
  "module": "ina",
  "updated_at": "2026-07-25T04:30:09.568198+00:00",
  "status": "disconnected",
  "device_count": 2,
  "sensor_count": 6,
  "sensor_types": [
    "battery",
    "wind",
    "solar"
  ]
}
2026-07-25 05:30:14,607 INFO [energy_monitor_core.module.ina] Polled module snapshot: {
  "module": "ina",
  "updated_at": "2026-07-25T04:30:14.605671+00:00",
  "status": "disconnected",
  "device_count": 2,
  "sensor_count": 6,
  "sensor_types": [
    "battery",
    "wind",
    "solar"
  ]
}
2026-07-25 05:30:19,669 INFO [energy_monitor_core.module.ina] Polled module snapshot: {
  "module": "ina",
  "updated_at": "2026-07-25T04:30:19.651507+00:00",
  "status": "disconnected",
  "device_count": 2,
  "sensor_count": 6,
  "sensor_types": [
    "battery",
    "wind",
    "solar"
  ]
}
2026-07-25 05:30:24,715 INFO [energy_monitor_core.module.ina] Polled module snapshot: {
  "module": "ina",
  "updated_at": "2026-07-25T04:30:24.713702+00:00",
  "status": "disconnected",
  "device_count": 2,
  "sensor_count": 6,
  "sensor_types": [
    "battery",
    "wind",
    "solar"
  ]
}
2026-07-25 05:30:29,737 INFO [energy_monitor_core.module.ina] Polled module snapshot: {
  "module": "ina",
  "updated_at": "2026-07-25T04:30:29.735832+00:00",
  "status": "disconnected",
  "device_count": 2,
  "sensor_count": 6,
  "sensor_types": [
    "battery",
    "wind",
    "solar"
  ]
}
2026-07-25 05:30:34,755 INFO [energy_monitor_core.module.ina] Polled module snapshot: {
  "module": "ina",
  "updated_at": "2026-07-25T04:30:34.753937+00:00",
  "status": "disconnected",
  "device_count": 2,
  "sensor_count": 6,
  "sensor_types": [
    "battery",
    "wind",
    "solar"
  ]
}
2026-07-25 05:30:39,771 INFO [energy_monitor_core.module.ina] Polled module snapshot: {
  "module": "ina",
  "updated_at": "2026-07-25T04:30:39.770355+00:00",
  "status": "disconnected",
  "device_count": 2,
  "sensor_count": 6,
  "sensor_types": [
    "battery",
    "wind",
    "solar"
  ]
}
2026-07-25 05:30:44,786 INFO [energy_monitor_core.module.ina] Polled module snapshot: {
  "module": "ina",
  "updated_at": "2026-07-25T04:30:44.784953+00:00",
  "status": "disconnected",
  "device_count": 2,
  "sensor_count": 6,
  "sensor_types": [
    "battery",
    "wind",
    "solar"
  ]
}
2026-07-25 05:30:49,801 INFO [energy_monitor_core.module.ina] Polled module snapshot: {
  "module": "ina",
  "updated_at": "2026-07-25T04:30:49.799532+00:00",
  "status": "disconnected",
  "device_count": 2,
  "sensor_count": 6,
  "sensor_types": [
    "battery",
    "wind",
    "solar"
  ]
}
2026-07-25 05:30:54,815 INFO [energy_monitor_core.module.ina] Polled module snapshot: {
  "module": "ina",
  "updated_at": "2026-07-25T04:30:54.813890+00:00",
  "status": "disconnected",
  "device_count": 2,
  "sensor_count": 6,
  "sensor_types": [
    "battery",
    "wind",
    "solar"
  ]
}
2026-07-25 05:30:59,842 INFO [energy_monitor_core.module.ina] Polled module snapshot: {
  "module": "ina",
  "updated_at": "2026-07-25T04:30:59.840090+00:00",
  "status": "disconnected",
  "device_count": 2,
  "sensor_count": 6,
  "sensor_types": [
    "battery",
    "wind",
    "solar"
  ]
}
2026-07-25 05:31:04,859 INFO [energy_monitor_core.module.ina] Polled module snapshot: {
  "module": "ina",
  "updated_at": "2026-07-25T04:31:04.857837+00:00",
  "status": "disconnected",
  "device_count": 2,
  "sensor_count": 6,
  "sensor_types": [
    "battery",
    "wind",
    "solar"
  ]
}
2026-07-25 05:31:09,878 INFO [energy_monitor_core.module.ina] Polled module snapshot: {
  "module": "ina",
  "updated_at": "2026-07-25T04:31:09.876892+00:00",
  "status": "disconnected",
  "device_count": 2,
  "sensor_count": 6,
  "sensor_types": [
    "battery",
    "wind",
    "solar"
  ]
}
2026-07-25 05:31:15,017 INFO [energy_monitor_core.module.ina] Polled module snapshot: {
  "module": "ina",
  "updated_at": "2026-07-25T04:31:15.015098+00:00",
  "status": "disconnected",
  "device_count": 2,
  "sensor_count": 6,
  "sensor_types": [
    "battery",
    "wind",
    "solar"
  ]
}
2026-07-25 05:31:20,142 INFO [energy_monitor_core.module.ina] Polled module snapshot: {
  "module": "ina",
  "updated_at": "2026-07-25T04:31:20.140649+00:00",
  "status": "disconnected",
  "device_count": 2,
  "sensor_count": 6,
  "sensor_types": [
    "battery",
    "wind",
    "solar"
  ]
}
2026-07-25 05:31:27,755 INFO [energy_monitor_core.module.ina] Polled module snapshot: {
  "module": "ina",
  "updated_at": "2026-07-25T04:31:26.825580+00:00",
  "status": "disconnected",
  "device_count": 2,
  "sensor_count": 6,
  "sensor_types": [
    "battery",
    "wind",
    "solar"
  ]
}
2026-07-25 05:31:35,489 INFO [energy_monitor_core.module.ina] Polled module snapshot: {
  "module": "ina",
  "updated_at": "2026-07-25T04:31:35.279853+00:00",
  "status": "disconnected",
  "device_count": 2,
  "sensor_count": 6,
  "sensor_types": [
    "battery",
    "wind",
    "solar"
  ]
}
2026-07-25 05:31:47,351 INFO [energy_monitor_core.module.ina] Polled module snapshot: {
  "module": "ina",
  "updated_at": "2026-07-25T04:31:46.932886+00:00",
  "status": "disconnected",
  "device_count": 2,
  "sensor_count": 6,
  "sensor_types": [
    "battery",
    "wind",
    "solar"
  ]
}
2026-07-25 05:31:55,485 INFO [energy_monitor_core.module.ina] Polled module snapshot: {
  "module": "ina",
  "updated_at": "2026-07-25T04:31:55.430815+00:00",
  "status": "disconnected",
  "device_count": 2,
  "sensor_count": 6,
  "sensor_types": [
    "battery",
    "wind",
    "solar"
  ]
}
2026-07-25 05:32:05,365 INFO [energy_monitor_core.module.ina] Polled module snapshot: {
  "module": "ina",
  "updated_at": "2026-07-25T04:32:05.332872+00:00",
  "status": "disconnected",
  "device_count": 2,
  "sensor_count": 6,
  "sensor_types": [
    "battery",
    "wind",
    "solar"
  ]
}
2026-07-25 05:32:15,090 INFO [energy_monitor_core.module.ina] Polled module snapshot: {
  "module": "ina",
  "updated_at": "2026-07-25T04:32:15.043335+00:00",
  "status": "disconnected",
  "device_count": 2,
  "sensor_count": 6,
  "sensor_types": [
    "battery",
    "wind",
    "solar"
  ]
}
2026-07-25 05:32:20,993 INFO [energy_monitor_core.module.ina] Polled module snapshot: {
  "module": "ina",
  "updated_at": "2026-07-25T04:32:20.988678+00:00",
  "status": "disconnected",
  "device_count": 2,
  "sensor_count": 6,
  "sensor_types": [
    "battery",
    "wind",
    "solar"
  ]
}
2026-07-25 05:32:26,403 INFO [energy_monitor_core.module.ina] Polled module snapshot: {
  "module": "ina",
  "updated_at": "2026-07-25T04:32:26.401385+00:00",
  "status": "disconnected",
  "device_count": 2,
  "sensor_count": 6,
  "sensor_types": [
    "battery",
    "wind",
    "solar"
  ]
}
2026-07-25 05:32:31,552 INFO [energy_monitor_core.module.ina] Polled module snapshot: {
  "module": "ina",
  "updated_at": "2026-07-25T04:32:31.551037+00:00",
  "status": "disconnected",
  "device_count": 2,
  "sensor_count": 6,
  "sensor_types": [
    "battery",
    "wind",
    "solar"
  ]
}
2026-07-25 05:32:37,067 INFO [energy_monitor_core.module.ina] Polled module snapshot: {
  "module": "ina",
  "updated_at": "2026-07-25T04:32:37.064187+00:00",
  "status": "disconnected",
  "device_count": 2,
  "sensor_count": 6,
  "sensor_types": [
    "battery",
    "wind",
    "solar"
  ]
}
2026-07-25 05:32:42,650 INFO [energy_monitor_core.module.ina] Polled module snapshot: {
  "module": "ina",
  "updated_at": "2026-07-25T04:32:42.648952+00:00",
  "status": "disconnected",
  "device_count": 2,
  "sensor_count": 6,
  "sensor_types": [
    "battery",
    "wind",
    "solar"
  ]
}
2026-07-25 05:32:48,706 INFO [energy_monitor_core.module.ina] Polled module snapshot: {
  "module": "ina",
  "updated_at": "2026-07-25T04:32:48.704190+00:00",
  "status": "disconnected",
  "device_count": 2,
  "sensor_count": 6,
  "sensor_types": [
    "battery",
    "wind",
    "solar"
  ]
}
2026-07-25 05:33:00,244 INFO [energy_monitor_core.module.ina] Polled module snapshot: {
  "module": "ina",
  "updated_at": "2026-07-25T04:33:00.197405+00:00",
  "status": "disconnected",
  "device_count": 2,
  "sensor_count": 6,
  "sensor_types": [
    "battery",
    "wind",
    "solar"
  ]
}
2026-07-25 05:33:05,367 INFO [energy_monitor_core.module.ina] Polled module snapshot: {
  "module": "ina",
  "updated_at": "2026-07-25T04:33:05.365681+00:00",
  "status": "disconnected",
  "device_count": 2,
  "sensor_count": 6,
  "sensor_types": [
    "battery",
    "wind",
    "solar"
  ]
}
2026-07-25 05:33:10,382 INFO [energy_monitor_core.module.ina] Polled module snapshot: {
  "module": "ina",
  "updated_at": "2026-07-25T04:33:10.381327+00:00",
  "status": "disconnected",
  "device_count": 2,
  "sensor_count": 6,
  "sensor_types": [
    "battery",
    "wind",
    "solar"
  ]
}
2026-07-25 05:33:15,398 INFO [energy_monitor_core.module.ina] Polled module snapshot: {
  "module": "ina",
  "updated_at": "2026-07-25T04:33:15.396998+00:00",
  "status": "disconnected",
  "device_count": 2,
  "sensor_count": 6,
  "sensor_types": [
    "battery",
    "wind",
    "solar"
  ]
}
2026-07-25 05:33:20,413 INFO [energy_monitor_core.module.ina] Polled module snapshot: {
  "module": "ina",
  "updated_at": "2026-07-25T04:33:20.411631+00:00",
  "status": "disconnected",
  "device_count": 2,
  "sensor_count": 6,
  "sensor_types": [
    "battery",
    "wind",
    "solar"
  ]
}
2026-07-25 05:33:25,430 INFO [energy_monitor_core.module.ina] Polled module snapshot: {
  "module": "ina",
  "updated_at": "2026-07-25T04:33:25.429187+00:00",
  "status": "disconnected",
  "device_count": 2,
  "sensor_count": 6,
  "sensor_types": [
    "battery",
    "wind",
    "solar"
  ]
}
2026-07-25 05:33:30,452 INFO [energy_monitor_core.module.ina] Polled module snapshot: {
  "module": "ina",
  "updated_at": "2026-07-25T04:33:30.450700+00:00",
  "status": "disconnected",
  "device_count": 2,
  "sensor_count": 6,
  "sensor_types": [
    "battery",
    "wind",
    "solar"
  ]
}
2026-07-25 05:33:35,467 INFO [energy_monitor_core.module.ina] Polled module snapshot: {
  "module": "ina",
  "updated_at": "2026-07-25T04:33:35.466206+00:00",
  "status": "disconnected",
  "device_count": 2,
  "sensor_count": 6,
  "sensor_types": [
    "battery",
    "wind",
    "solar"
  ]
}
2026-07-25 05:33:40,779 INFO [energy_monitor_core.module.ina] Polled module snapshot: {
  "module": "ina",
  "updated_at": "2026-07-25T04:33:40.774082+00:00",
  "status": "disconnected",
  "device_count": 2,
  "sensor_count": 6,
  "sensor_types": [
    "battery",
    "wind",
    "solar"
  ]
}
2026-07-25 05:33:46,244 INFO [energy_monitor_core.module.ina] Polled module snapshot: {
  "module": "ina",
  "updated_at": "2026-07-25T04:33:46.242964+00:00",
  "status": "disconnected",
  "device_count": 2,
  "sensor_count": 6,
  "sensor_types": [
    "battery",
    "wind",
    "solar"
  ]
}
2026-07-25 05:33:51,260 INFO [energy_monitor_core.module.ina] Polled module snapshot: {
  "module": "ina",
  "updated_at": "2026-07-25T04:33:51.259223+00:00",
  "status": "disconnected",
  "device_count": 2,
  "sensor_count": 6,
  "sensor_types": [
    "battery",
    "wind",
    "solar"
  ]
}
2026-07-25 05:33:56,290 INFO [energy_monitor_core.module.ina] Polled module snapshot: {
  "module": "ina",
  "updated_at": "2026-07-25T04:33:56.286554+00:00",
  "status": "disconnected",
  "device_count": 2,
  "sensor_count": 6,
  "sensor_types": [
    "battery",
    "wind",
    "solar"
  ]
}
2026-07-25 05:34:01,313 INFO [energy_monitor_core.module.ina] Polled module snapshot: {
  "module": "ina",
  "updated_at": "2026-07-25T04:34:01.312180+00:00",
  "status": "disconnected",
  "device_count": 2,
  "sensor_count": 6,
  "sensor_types": [
    "battery",
    "wind",
    "solar"
  ]
}
2026-07-25 05:34:06,370 INFO [energy_monitor_core.module.ina] Polled module snapshot: {
  "module": "ina",
  "updated_at": "2026-07-25T04:34:06.367599+00:00",
  "status": "disconnected",
  "device_count": 2,
  "sensor_count": 6,
  "sensor_types": [
    "battery",
    "wind",
    "solar"
  ]
}
2026-07-25 05:34:11,378 INFO [energy_monitor_core.module.ina] Polled module snapshot: {
  "module": "ina",
  "updated_at": "2026-07-25T04:34:11.378093+00:00",
  "status": "disconnected",
  "device_count": 2,
  "sensor_count": 6,
  "sensor_types": [
    "battery",
    "wind",
    "solar"
  ]
}
2026-07-25 05:35:07,418 INFO [energy_monitor_core.module.ina] Module runtime started
2026-07-25 05:35:17,989 INFO [energy_monitor_core.module.ina] Polled module snapshot: {
  "module": "ina",
  "updated_at": "2026-07-25T04:35:17.976663+00:00",
  "status": "connected",
  "device_count": 2,
  "sensor_count": 6,
  "sensor_types": [
    "battery",
    "wind",
    "solar"
  ]
}
2026-07-25 05:35:33,342 INFO [energy_monitor_core.module.ina] Polled module snapshot: {
  "module": "ina",
  "updated_at": "2026-07-25T04:35:33.331219+00:00",
  "status": "connected",
  "device_count": 2,
  "sensor_count": 6,
  "sensor_types": [
    "battery",
    "wind",
    "solar"
  ]
}
2026-07-25 05:35:48,743 INFO [energy_monitor_core.module.ina] Polled module snapshot: {
  "module": "ina",
  "updated_at": "2026-07-25T04:35:48.693351+00:00",
  "status": "connected",
  "device_count": 2,
  "sensor_count": 6,
  "sensor_types": [
    "battery",
    "wind",
    "solar"
  ]
}
2026-07-25 05:36:04,045 INFO [energy_monitor_core.module.ina] Polled module snapshot: {
  "module": "ina",
  "updated_at": "2026-07-25T04:36:04.032943+00:00",
  "status": "connected",
  "device_count": 2,
  "sensor_count": 6,
  "sensor_types": [
    "battery",
    "wind",
    "solar"
  ]
}
2026-07-25 05:36:19,471 INFO [energy_monitor_core.module.ina] Polled module snapshot: {
  "module": "ina",
  "updated_at": "2026-07-25T04:36:19.437768+00:00",
  "status": "connected",
  "device_count": 2,
  "sensor_count": 6,
  "sensor_types": [
    "battery",
    "wind",
    "solar"
  ]
}
2026-07-25 05:36:34,739 INFO [energy_monitor_core.module.ina] Polled module snapshot: {
  "module": "ina",
  "updated_at": "2026-07-25T04:36:34.728250+00:00",
  "status": "connected",
  "device_count": 2,
  "sensor_count": 6,
  "sensor_types": [
    "battery",
    "wind",
    "solar"
  ]
}
2026-07-25 05:36:50,097 INFO [energy_monitor_core.module.ina] Polled module snapshot: {
  "module": "ina",
  "updated_at": "2026-07-25T04:36:50.086010+00:00",
  "status": "connected",
  "device_count": 2,
  "sensor_count": 6,
  "sensor_types": [
    "battery",
    "wind",
    "solar"
  ]
}
2026-07-25 05:37:05,443 INFO [energy_monitor_core.module.ina] Polled module snapshot: {
  "module": "ina",
  "updated_at": "2026-07-25T04:37:05.430178+00:00",
  "status": "connected",
  "device_count": 2,
  "sensor_count": 6,
  "sensor_types": [
    "battery",
    "wind",
    "solar"
  ]
}
2026-07-25 05:37:20,782 INFO [energy_monitor_core.module.ina] Polled module snapshot: {
  "module": "ina",
  "updated_at": "2026-07-25T04:37:20.771055+00:00",
  "status": "connected",
  "device_count": 2,
  "sensor_count": 6,
  "sensor_types": [
    "battery",
    "wind",
    "solar"
  ]
}
2026-07-25 05:37:36,135 INFO [energy_monitor_core.module.ina] Polled module snapshot: {
  "module": "ina",
  "updated_at": "2026-07-25T04:37:36.125114+00:00",
  "status": "connected",
  "device_count": 2,
  "sensor_count": 6,
  "sensor_types": [
    "battery",
    "wind",
    "solar"
  ]
}
2026-07-25 05:37:51,516 INFO [energy_monitor_core.module.ina] Polled module snapshot: {
  "module": "ina",
  "updated_at": "2026-07-25T04:37:51.499851+00:00",
  "status": "connected",
  "device_count": 2,
  "sensor_count": 6,
  "sensor_types": [
    "battery",
    "wind",
    "solar"
  ]
}
2026-07-25 05:38:06,944 INFO [energy_monitor_core.module.ina] Polled module snapshot: {
  "module": "ina",
  "updated_at": "2026-07-25T04:38:06.930694+00:00",
  "status": "connected",
  "device_count": 2,
  "sensor_count": 6,
  "sensor_types": [
    "battery",
    "wind",
    "solar"
  ]
}
2026-07-25 05:38:22,306 INFO [energy_monitor_core.module.ina] Polled module snapshot: {
  "module": "ina",
  "updated_at": "2026-07-25T04:38:22.290657+00:00",
  "status": "connected",
  "device_count": 2,
  "sensor_count": 6,
  "sensor_types": [
    "battery",
    "wind",
    "solar"
  ]
}
2026-07-25 05:38:37,648 INFO [energy_monitor_core.module.ina] Polled module snapshot: {
  "module": "ina",
  "updated_at": "2026-07-25T04:38:37.637360+00:00",
  "status": "connected",
  "device_count": 2,
  "sensor_count": 6,
  "sensor_types": [
    "battery",
    "wind",
    "solar"
  ]
}
2026-07-25 05:38:53,000 INFO [energy_monitor_core.module.ina] Polled module snapshot: {
  "module": "ina",
  "updated_at": "2026-07-25T04:38:52.990408+00:00",
  "status": "connected",
  "device_count": 2,
  "sensor_count": 6,
  "sensor_types": [
    "battery",
    "wind",
    "solar"
  ]
}
2026-07-25 05:39:08,340 INFO [energy_monitor_core.module.ina] Polled module snapshot: {
  "module": "ina",
  "updated_at": "2026-07-25T04:39:08.329036+00:00",
  "status": "connected",
  "device_count": 2,
  "sensor_count": 6,
  "sensor_types": [
    "battery",
    "wind",
    "solar"
  ]
}
2026-07-25 05:39:26,359 INFO [energy_monitor_core.module.ina] Module runtime started
2026-07-25 05:39:35,978 INFO [energy_monitor_core.module.ina] Polled module snapshot: {
  "module": "ina",
  "updated_at": "2026-07-25T04:39:35.967124+00:00",
  "status": "connected",
  "device_count": 2,
  "sensor_count": 6,
  "sensor_types": [
    "battery",
    "wind",
    "solar"
  ]
}
2026-07-25 05:39:42,122 INFO [energy_monitor_core.module.ina] Polled module snapshot: {
  "module": "ina",
  "updated_at": "2026-07-25T04:39:42.110319+00:00",
  "status": "connected",
  "device_count": 2,
  "sensor_count": 6,
  "sensor_types": [
    "battery",
    "wind",
    "solar"
  ]
}
2026-07-25 05:39:45,177 INFO [energy_monitor_core.module.ina] Polled module snapshot: {
  "module": "ina",
  "updated_at": "2026-07-25T04:39:45.166066+00:00",
  "status": "connected",
  "device_count": 2,
  "sensor_count": 6,
  "sensor_types": [
    "battery",
    "wind",
    "solar"
  ]
}
2026-07-25 05:39:51,345 INFO [energy_monitor_core.module.ina] Polled module snapshot: {
  "module": "ina",
  "updated_at": "2026-07-25T04:39:51.322151+00:00",
  "status": "connected",
  "device_count": 2,
  "sensor_count": 6,
  "sensor_types": [
    "battery",
    "wind",
    "solar"
  ]
}
2026-07-25 05:40:06,757 INFO [energy_monitor_core.module.ina] Polled module snapshot: {
  "module": "ina",
  "updated_at": "2026-07-25T04:40:06.672812+00:00",
  "status": "connected",
  "device_count": 2,
  "sensor_count": 6,
  "sensor_types": [
    "battery",
    "wind",
    "solar"
  ]
}
2026-07-25 05:40:22,036 INFO [energy_monitor_core.module.ina] Polled module snapshot: {
  "module": "ina",
  "updated_at": "2026-07-25T04:40:22.008736+00:00",
  "status": "connected",
  "device_count": 2,
  "sensor_count": 6,
  "sensor_types": [
    "battery",
    "wind",
    "solar"
  ]
}
2026-07-25 05:40:37,376 INFO [energy_monitor_core.module.ina] Polled module snapshot: {
  "module": "ina",
  "updated_at": "2026-07-25T04:40:37.364142+00:00",
  "status": "connected",
  "device_count": 2,
  "sensor_count": 6,
  "sensor_types": [
    "battery",
    "wind",
    "solar"
  ]
}
2026-07-25 05:40:52,841 INFO [energy_monitor_core.module.ina] Polled module snapshot: {
  "module": "ina",
  "updated_at": "2026-07-25T04:40:52.820308+00:00",
  "status": "connected",
  "device_count": 2,
  "sensor_count": 6,
  "sensor_types": [
    "battery",
    "wind",
    "solar"
  ]
}
2026-07-25 05:41:04,788 INFO [energy_monitor_core.module.ina] Module runtime started
2026-07-25 05:41:08,176 INFO [energy_monitor_core.module.ina] Polled module snapshot: {
  "module": "ina",
  "updated_at": "2026-07-25T04:41:08.164456+00:00",
  "status": "connected",
  "device_count": 2,
  "sensor_count": 6,
  "sensor_types": [
    "battery",
    "wind",
    "solar"
  ]
}
2026-07-25 05:41:23,530 INFO [energy_monitor_core.module.ina] Polled module snapshot: {
  "module": "ina",
  "updated_at": "2026-07-25T04:41:23.514058+00:00",
  "status": "connected",
  "device_count": 2,
  "sensor_count": 6,
  "sensor_types": [
    "battery",
    "wind",
    "solar"
  ]
}
2026-07-25 05:41:38,900 INFO [energy_monitor_core.module.ina] Polled module snapshot: {
  "module": "ina",
  "updated_at": "2026-07-25T04:41:38.874586+00:00",
  "status": "connected",
  "device_count": 2,
  "sensor_count": 6,
  "sensor_types": [
    "battery",
    "wind",
    "solar"
  ]
}
2026-07-25 05:41:49,683 INFO [energy_monitor_core.module.ina] Module runtime started
2026-07-25 05:41:54,241 INFO [energy_monitor_core.module.ina] Polled module snapshot: {
  "module": "ina",
  "updated_at": "2026-07-25T04:41:54.231383+00:00",
  "status": "connected",
  "device_count": 2,
  "sensor_count": 6,
  "sensor_types": [
    "battery",
    "wind",
    "solar"
  ]
}
2026-07-25 05:42:00,381 INFO [energy_monitor_core.module.ina] Polled module snapshot: {
  "module": "ina",
  "updated_at": "2026-07-25T04:42:00.366629+00:00",
  "status": "connected",
  "device_count": 2,
  "sensor_count": 6,
  "sensor_types": [
    "battery",
    "wind",
    "solar"
  ]
}
2026-07-25 05:42:00,389 INFO [energy_monitor_core.module.ina] Polled module snapshot: {
  "module": "ina",
  "updated_at": "2026-07-25T04:42:00.366629+00:00",
  "status": "connected",
  "device_count": 2,
  "sensor_count": 6,
  "sensor_types": [
    "battery",
    "wind",
    "solar"
  ]
}
2026-07-25 05:42:09,578 INFO [energy_monitor_core.module.ina] Polled module snapshot: {
  "module": "ina",
  "updated_at": "2026-07-25T04:42:09.567534+00:00",
  "status": "connected",
  "device_count": 2,
  "sensor_count": 6,
  "sensor_types": [
    "battery",
    "wind",
    "solar"
  ]
}
2026-07-25 05:42:24,938 INFO [energy_monitor_core.module.ina] Polled module snapshot: {
  "module": "ina",
  "updated_at": "2026-07-25T04:42:24.919690+00:00",
  "status": "connected",
  "device_count": 2,
  "sensor_count": 6,
  "sensor_types": [
    "battery",
    "wind",
    "solar"
  ]
}
2026-07-25 05:42:40,274 INFO [energy_monitor_core.module.ina] Polled module snapshot: {
  "module": "ina",
  "updated_at": "2026-07-25T04:42:40.263833+00:00",
  "status": "connected",
  "device_count": 2,
  "sensor_count": 6,
  "sensor_types": [
    "battery",
    "wind",
    "solar"
  ]
}
2026-07-25 05:42:57,215 INFO [energy_monitor_core.module.ina] Module runtime started
2026-07-25 05:43:08,009 INFO [energy_monitor_core.module.ina] Polled module snapshot: {
  "module": "ina",
  "updated_at": "2026-07-25T04:43:07.996131+00:00",
  "status": "connected",
  "device_count": 2,
  "sensor_count": 6,
  "sensor_types": [
    "battery",
    "wind",
    "solar"
  ]
}
2026-07-25 05:43:23,362 INFO [energy_monitor_core.module.ina] Polled module snapshot: {
  "module": "ina",
  "updated_at": "2026-07-25T04:43:23.351701+00:00",
  "status": "connected",
  "device_count": 2,
  "sensor_count": 6,
  "sensor_types": [
    "battery",
    "wind",
    "solar"
  ]
}
2026-07-25 05:43:38,709 INFO [energy_monitor_core.module.ina] Polled module snapshot: {
  "module": "ina",
  "updated_at": "2026-07-25T04:43:38.699146+00:00",
  "status": "connected",
  "device_count": 2,
  "sensor_count": 6,
  "sensor_types": [
    "battery",
    "wind",
    "solar"
  ]
}
2026-07-25 05:43:54,063 INFO [energy_monitor_core.module.ina] Polled module snapshot: {
  "module": "ina",
  "updated_at": "2026-07-25T04:43:54.051719+00:00",
  "status": "connected",
  "device_count": 2,
  "sensor_count": 6,
  "sensor_types": [
    "battery",
    "wind",
    "solar"
  ]
}
2026-07-25 05:44:09,408 INFO [energy_monitor_core.module.ina] Polled module snapshot: {
  "module": "ina",
  "updated_at": "2026-07-25T04:44:09.396920+00:00",
  "status": "connected",
  "device_count": 2,
  "sensor_count": 6,
  "sensor_types": [
    "battery",
    "wind",
    "solar"
  ]
}
2026-07-25 05:44:24,763 INFO [energy_monitor_core.module.ina] Polled module snapshot: {
  "module": "ina",
  "updated_at": "2026-07-25T04:44:24.750379+00:00",
  "status": "connected",
  "device_count": 2,
  "sensor_count": 6,
  "sensor_types": [
    "battery",
    "wind",
    "solar"
  ]
}
2026-07-25 05:44:40,110 INFO [energy_monitor_core.module.ina] Polled module snapshot: {
  "module": "ina",
  "updated_at": "2026-07-25T04:44:40.098082+00:00",
  "status": "connected",
  "device_count": 2,
  "sensor_count": 6,
  "sensor_types": [
    "battery",
    "wind",
    "solar"
  ]
}
2026-07-25 05:44:55,470 INFO [energy_monitor_core.module.ina] Polled module snapshot: {
  "module": "ina",
  "updated_at": "2026-07-25T04:44:55.458984+00:00",
  "status": "connected",
  "device_count": 2,
  "sensor_count": 6,
  "sensor_types": [
    "battery",
    "wind",
    "solar"
  ]
}
2026-07-25 05:45:10,828 INFO [energy_monitor_core.module.ina] Polled module snapshot: {
  "module": "ina",
  "updated_at": "2026-07-25T04:45:10.817360+00:00",
  "status": "connected",
  "device_count": 2,
  "sensor_count": 6,
  "sensor_types": [
    "battery",
    "wind",
    "solar"
  ]
}
2026-07-25 05:45:35,946 INFO [energy_monitor_core.module.ina] Module runtime started
2026-07-25 05:45:47,777 INFO [energy_monitor_core.module.ina] Polled module snapshot: {
  "module": "ina",
  "updated_at": "2026-07-25T04:45:47.740313+00:00",
  "status": "connected",
  "device_count": 2,
  "sensor_count": 6,
  "sensor_types": [
    "battery",
    "wind",
    "solar"
  ]
}
2026-07-25 05:45:49,925 INFO [energy_monitor_core.module.ina] Module runtime started
2026-07-25 05:46:00,037 INFO [energy_monitor_core.module.ina] Polled module snapshot: {
  "module": "ina",
  "updated_at": "2026-07-25T04:46:00.026986+00:00",
  "status": "connected",
  "device_count": 2,
  "sensor_count": 6,
  "sensor_types": [
    "battery",
    "wind",
    "solar"
  ]
}
2026-07-25 05:46:03,125 INFO [energy_monitor_core.module.ina] Polled module snapshot: {
  "module": "ina",
  "updated_at": "2026-07-25T04:46:03.115623+00:00",
  "status": "connected",
  "device_count": 2,
  "sensor_count": 6,
  "sensor_types": [
    "battery",
    "wind",
    "solar"
  ]
}
2026-07-25 05:46:03,133 INFO [energy_monitor_core.module.ina] Polled module snapshot: {
  "module": "ina",
  "updated_at": "2026-07-25T04:46:03.121598+00:00",
  "status": "connected",
  "device_count": 2,
  "sensor_count": 6,
  "sensor_types": [
    "battery",
    "wind",
    "solar"
  ]
}
2026-07-25 05:46:18,478 INFO [energy_monitor_core.module.ina] Polled module snapshot: {
  "module": "ina",
  "updated_at": "2026-07-25T04:46:18.461099+00:00",
  "status": "connected",
  "device_count": 2,
  "sensor_count": 6,
  "sensor_types": [
    "battery",
    "wind",
    "solar"
  ]
}
2026-07-25 05:46:33,818 INFO [energy_monitor_core.module.ina] Polled module snapshot: {
  "module": "ina",
  "updated_at": "2026-07-25T04:46:33.806710+00:00",
  "status": "connected",
  "device_count": 2,
  "sensor_count": 6,
  "sensor_types": [
    "battery",
    "wind",
    "solar"
  ]
}
2026-07-25 05:46:49,171 INFO [energy_monitor_core.module.ina] Polled module snapshot: {
  "module": "ina",
  "updated_at": "2026-07-25T04:46:49.157946+00:00",
  "status": "connected",
  "device_count": 2,
  "sensor_count": 6,
  "sensor_types": [
    "battery",
    "wind",
    "solar"
  ]
}
2026-07-25 05:47:04,513 INFO [energy_monitor_core.module.ina] Polled module snapshot: {
  "module": "ina",
  "updated_at": "2026-07-25T04:47:04.502257+00:00",
  "status": "connected",
  "device_count": 2,
  "sensor_count": 6,
  "sensor_types": [
    "battery",
    "wind",
    "solar"
  ]
}
2026-07-25 05:47:19,880 INFO [energy_monitor_core.module.ina] Polled module snapshot: {
  "module": "ina",
  "updated_at": "2026-07-25T04:47:19.866118+00:00",
  "status": "connected",
  "device_count": 2,
  "sensor_count": 6,
  "sensor_types": [
    "battery",
    "wind",
    "solar"
  ]
}
2026-07-25 05:47:35,242 INFO [energy_monitor_core.module.ina] Polled module snapshot: {
  "module": "ina",
  "updated_at": "2026-07-25T04:47:35.229560+00:00",
  "status": "connected",
  "device_count": 2,
  "sensor_count": 6,
  "sensor_types": [
    "battery",
    "wind",
    "solar"
  ]
}
2026-07-25 05:47:50,554 INFO [energy_monitor_core.module.ina] Polled module snapshot: {
  "module": "ina",
  "updated_at": "2026-07-25T04:47:50.541679+00:00",
  "status": "connected",
  "device_count": 2,
  "sensor_count": 6,
  "sensor_types": [
    "battery",
    "wind",
    "solar"
  ]
}
2026-07-25 05:48:05,904 INFO [energy_monitor_core.module.ina] Polled module snapshot: {
  "module": "ina",
  "updated_at": "2026-07-25T04:48:05.893333+00:00",
  "status": "connected",
  "device_count": 2,
  "sensor_count": 6,
  "sensor_types": [
    "battery",
    "wind",
    "solar"
  ]
}
2026-07-25 05:48:21,382 INFO [energy_monitor_core.module.ina] Polled module snapshot: {
  "module": "ina",
  "updated_at": "2026-07-25T04:48:21.355223+00:00",
  "status": "connected",
  "device_count": 2,
  "sensor_count": 6,
  "sensor_types": [
    "battery",
    "wind",
    "solar"
  ]
}
2026-07-25 05:48:36,719 INFO [energy_monitor_core.module.ina] Polled module snapshot: {
  "module": "ina",
  "updated_at": "2026-07-25T04:48:36.707451+00:00",
  "status": "connected",
  "device_count": 2,
  "sensor_count": 6,
  "sensor_types": [
    "battery",
    "wind",
    "solar"
  ]
}
2026-07-25 05:48:52,060 INFO [energy_monitor_core.module.ina] Polled module snapshot: {
  "module": "ina",
  "updated_at": "2026-07-25T04:48:52.041089+00:00",
  "status": "connected",
  "device_count": 2,
  "sensor_count": 6,
  "sensor_types": [
    "battery",
    "wind",
    "solar"
  ]
}
2026-07-25 05:49:07,411 INFO [energy_monitor_core.module.ina] Polled module snapshot: {
  "module": "ina",
  "updated_at": "2026-07-25T04:49:07.398248+00:00",
  "status": "connected",
  "device_count": 2,
  "sensor_count": 6,
  "sensor_types": [
    "battery",
    "wind",
    "solar"
  ]
}
2026-07-25 05:49:22,678 INFO [energy_monitor_core.module.ina] Polled module snapshot: {
  "module": "ina",
  "updated_at": "2026-07-25T04:49:22.665532+00:00",
  "status": "connected",
  "device_count": 2,
  "sensor_count": 6,
  "sensor_types": [
    "battery",
    "wind",
    "solar"
  ]
}
2026-07-25 05:49:37,527 INFO [energy_monitor_core.module.ina] Module runtime started
2026-07-25 05:49:47,498 INFO [energy_monitor_core.module.ina] Polled module snapshot: {
  "module": "ina",
  "updated_at": "2026-07-25T04:49:47.333309+00:00",
  "status": "connected",
  "device_count": 2,
  "sensor_count": 6,
  "sensor_types": [
    "battery",
    "wind",
    "solar"
  ]
}
2026-07-25 05:49:53,467 INFO [energy_monitor_core.module.ina] Polled module snapshot: {
  "module": "ina",
  "updated_at": "2026-07-25T04:49:53.443366+00:00",
  "status": "connected",
  "device_count": 2,
  "sensor_count": 6,
  "sensor_types": [
    "battery",
    "wind",
    "solar"
  ]
}
2026-07-25 05:49:58,350 INFO [energy_monitor_core.module.ina] Module runtime started
2026-07-25 05:49:59,574 INFO [energy_monitor_core.module.ina] Polled module snapshot: {
  "module": "ina",
  "updated_at": "2026-07-25T04:49:59.539392+00:00",
  "status": "connected",
  "device_count": 2,
  "sensor_count": 6,
  "sensor_types": [
    "battery",
    "wind",
    "solar"
  ]
}
2026-07-25 05:50:08,814 INFO [energy_monitor_core.module.ina] Polled module snapshot: {
  "module": "ina",
  "updated_at": "2026-07-25T04:50:08.796344+00:00",
  "status": "connected",
  "device_count": 2,
  "sensor_count": 6,
  "sensor_types": [
    "battery",
    "wind",
    "solar"
  ]
}
2026-07-25 05:50:11,870 INFO [energy_monitor_core.module.ina] Polled module snapshot: {
  "module": "ina",
  "updated_at": "2026-07-25T04:50:11.858950+00:00",
  "status": "connected",
  "device_count": 2,
  "sensor_count": 6,
  "sensor_types": [
    "battery",
    "wind",
    "solar"
  ]
}
2026-07-25 05:50:21,108 INFO [energy_monitor_core.module.ina] Polled module snapshot: {
  "module": "ina",
  "updated_at": "2026-07-25T04:50:21.094682+00:00",
  "status": "connected",
  "device_count": 2,
  "sensor_count": 6,
  "sensor_types": [
    "battery",
    "wind",
    "solar"
  ]
}
2026-07-25 05:50:24,156 INFO [energy_monitor_core.module.ina] Polled module snapshot: {
  "module": "ina",
  "updated_at": "2026-07-25T04:50:24.144874+00:00",
  "status": "connected",
  "device_count": 2,
  "sensor_count": 6,
  "sensor_types": [
    "battery",
    "wind",
    "solar"
  ]
}
2026-07-25 05:50:33,368 INFO [energy_monitor_core.module.ina] Polled module snapshot: {
  "module": "ina",
  "updated_at": "2026-07-25T04:50:33.355024+00:00",
  "status": "connected",
  "device_count": 2,
  "sensor_count": 6,
  "sensor_types": [
    "battery",
    "wind",
    "solar"
  ]
}
2026-07-25 05:50:36,444 INFO [energy_monitor_core.module.ina] Polled module snapshot: {
  "module": "ina",
  "updated_at": "2026-07-25T04:50:36.431289+00:00",
  "status": "connected",
  "device_count": 2,
  "sensor_count": 6,
  "sensor_types": [
    "battery",
    "wind",
    "solar"
  ]
}
2026-07-25 05:50:45,641 INFO [energy_monitor_core.module.ina] Polled module snapshot: {
  "module": "ina",
  "updated_at": "2026-07-25T04:50:45.628963+00:00",
  "status": "connected",
  "device_count": 2,
  "sensor_count": 6,
  "sensor_types": [
    "battery",
    "wind",
    "solar"
  ]
}
2026-07-25 05:50:48,720 INFO [energy_monitor_core.module.ina] Polled module snapshot: {
  "module": "ina",
  "updated_at": "2026-07-25T04:50:48.707832+00:00",
  "status": "connected",
  "device_count": 2,
  "sensor_count": 6,
  "sensor_types": [
    "battery",
    "wind",
    "solar"
  ]
}
2026-07-25 05:50:58,029 INFO [energy_monitor_core.module.ina] Polled module snapshot: {
  "module": "ina",
  "updated_at": "2026-07-25T04:50:58.017175+00:00",
  "status": "connected",
  "device_count": 2,
  "sensor_count": 6,
  "sensor_types": [
    "battery",
    "wind",
    "solar"
  ]
}
2026-07-25 05:51:00,999 INFO [energy_monitor_core.module.ina] Polled module snapshot: {
  "module": "ina",
  "updated_at": "2026-07-25T04:51:00.986028+00:00",
  "status": "connected",
  "device_count": 2,
  "sensor_count": 6,
  "sensor_types": [
    "battery",
    "wind",
    "solar"
  ]
}
2026-07-25 05:51:10,332 INFO [energy_monitor_core.module.ina] Polled module snapshot: {
  "module": "ina",
  "updated_at": "2026-07-25T04:51:10.320662+00:00",
  "status": "connected",
  "device_count": 2,
  "sensor_count": 6,
  "sensor_types": [
    "battery",
    "wind",
    "solar"
  ]
}
2026-07-25 05:51:13,376 INFO [energy_monitor_core.module.ina] Polled module snapshot: {
  "module": "ina",
  "updated_at": "2026-07-25T04:51:13.365682+00:00",
  "status": "connected",
  "device_count": 2,
  "sensor_count": 6,
  "sensor_types": [
    "battery",
    "wind",
    "solar"
  ]
}
2026-07-25 05:51:22,587 INFO [energy_monitor_core.module.ina] Polled module snapshot: {
  "module": "ina",
  "updated_at": "2026-07-25T04:51:22.575516+00:00",
  "status": "connected",
  "device_count": 2,
  "sensor_count": 6,
  "sensor_types": [
    "battery",
    "wind",
    "solar"
  ]
}
2026-07-25 05:51:25,661 INFO [energy_monitor_core.module.ina] Polled module snapshot: {
  "module": "ina",
  "updated_at": "2026-07-25T04:51:25.647865+00:00",
  "status": "connected",
  "device_count": 2,
  "sensor_count": 6,
  "sensor_types": [
    "battery",
    "wind",
    "solar"
  ]
}
2026-07-25 05:51:34,784 INFO [energy_monitor_core.module.ina] Polled module snapshot: {
  "module": "ina",
  "updated_at": "2026-07-25T04:51:34.767679+00:00",
  "status": "connected",
  "device_count": 2,
  "sensor_count": 6,
  "sensor_types": [
    "battery",
    "wind",
    "solar"
  ]
}
2026-07-25 05:51:37,965 INFO [energy_monitor_core.module.ina] Polled module snapshot: {
  "module": "ina",
  "updated_at": "2026-07-25T04:51:37.936938+00:00",
  "status": "connected",
  "device_count": 2,
  "sensor_count": 6,
  "sensor_types": [
    "battery",
    "wind",
    "solar"
  ]
}
2026-07-25 05:51:47,171 INFO [energy_monitor_core.module.ina] Polled module snapshot: {
  "module": "ina",
  "updated_at": "2026-07-25T04:51:47.161496+00:00",
  "status": "connected",
  "device_count": 2,
  "sensor_count": 6,
  "sensor_types": [
    "battery",
    "wind",
    "solar"
  ]
}
2026-07-25 05:51:50,133 INFO [energy_monitor_core.module.ina] Polled module snapshot: {
  "module": "ina",
  "updated_at": "2026-07-25T04:51:50.120727+00:00",
  "status": "connected",
  "device_count": 2,
  "sensor_count": 6,
  "sensor_types": [
    "battery",
    "wind",
    "solar"
  ]
}
2026-07-25 05:51:59,430 INFO [energy_monitor_core.module.ina] Polled module snapshot: {
  "module": "ina",
  "updated_at": "2026-07-25T04:51:59.416844+00:00",
  "status": "connected",
  "device_count": 2,
  "sensor_count": 6,
  "sensor_types": [
    "battery",
    "wind",
    "solar"
  ]
}
