2026-07-25 04:06:08,140 INFO [energy_monitor_core.module.victron] Module runtime started
2026-07-25 04:06:08,151 INFO [energy_monitor_core.module.victron] Polled module snapshot: {
  "module": "victron",
  "updated_at": "2026-07-25T03:06:08.149555",
  "status": "running",
  "device_count": 1,
  "sensor_count": 1,
  "sensor_types": {
    "Charger": 1
  }
}
2026-07-25 04:06:14,159 INFO [energy_monitor_core.module.victron] Polled module snapshot: {
  "module": "victron",
  "updated_at": "2026-07-25T03:06:14.159575",
  "status": "running",
  "device_count": 1,
  "sensor_count": 1,
  "sensor_types": {
    "Charger": 1
  }
}
2026-07-25 04:06:20,168 INFO [energy_monitor_core.module.victron] Polled module snapshot: {
  "module": "victron",
  "updated_at": "2026-07-25T03:06:20.166898",
  "status": "running",
  "device_count": 1,
  "sensor_count": 1,
  "sensor_types": {
    "Charger": 1
  }
}
2026-07-25 04:06:26,174 INFO [energy_monitor_core.module.victron] Polled module snapshot: {
  "module": "victron",
  "updated_at": "2026-07-25T03:06:26.174555",
  "status": "running",
  "device_count": 1,
  "sensor_count": 1,
  "sensor_types": {
    "Charger": 1
  }
}
2026-07-25 04:06:32,180 INFO [energy_monitor_core.module.victron] Polled module snapshot: {
  "module": "victron",
  "updated_at": "2026-07-25T03:06:32.180367",
  "status": "running",
  "device_count": 1,
  "sensor_count": 1,
  "sensor_types": {
    "Charger": 1
  }
}
2026-07-25 04:06:38,185 INFO [energy_monitor_core.module.victron] Polled module snapshot: {
  "module": "victron",
  "updated_at": "2026-07-25T03:06:38.185318",
  "status": "running",
  "device_count": 1,
  "sensor_count": 1,
  "sensor_types": {
    "Charger": 1
  }
}
2026-07-25 04:06:44,190 INFO [energy_monitor_core.module.victron] Polled module snapshot: {
  "module": "victron",
  "updated_at": "2026-07-25T03:06:44.189976",
  "status": "running",
  "device_count": 1,
  "sensor_count": 1,
  "sensor_types": {
    "Charger": 1
  }
}
2026-07-25 04:06:50,194 INFO [energy_monitor_core.module.victron] Polled module snapshot: {
  "module": "victron",
  "updated_at": "2026-07-25T03:06:50.194571",
  "status": "running",
  "device_count": 1,
  "sensor_count": 1,
  "sensor_types": {
    "Charger": 1
  }
}
2026-07-25 04:06:56,200 INFO [energy_monitor_core.module.victron] Polled module snapshot: {
  "module": "victron",
  "updated_at": "2026-07-25T03:06:56.200005",
  "status": "running",
  "device_count": 1,
  "sensor_count": 1,
  "sensor_types": {
    "Charger": 1
  }
}
2026-07-25 04:07:02,205 INFO [energy_monitor_core.module.victron] Polled module snapshot: {
  "module": "victron",
  "updated_at": "2026-07-25T03:07:02.204995",
  "status": "running",
  "device_count": 1,
  "sensor_count": 1,
  "sensor_types": {
    "Charger": 1
  }
}
2026-07-25 04:07:08,210 INFO [energy_monitor_core.module.victron] Polled module snapshot: {
  "module": "victron",
  "updated_at": "2026-07-25T03:07:08.210259",
  "status": "running",
  "device_count": 1,
  "sensor_count": 1,
  "sensor_types": {
    "Charger": 1
  }
}
2026-07-25 04:07:14,216 INFO [energy_monitor_core.module.victron] Polled module snapshot: {
  "module": "victron",
  "updated_at": "2026-07-25T03:07:14.215559",
  "status": "running",
  "device_count": 1,
  "sensor_count": 1,
  "sensor_types": {
    "Charger": 1
  }
}
2026-07-25 04:07:20,222 INFO [energy_monitor_core.module.victron] Polled module snapshot: {
  "module": "victron",
  "updated_at": "2026-07-25T03:07:20.221724",
  "status": "running",
  "device_count": 1,
  "sensor_count": 1,
  "sensor_types": {
    "Charger": 1
  }
}
2026-07-25 04:07:26,226 INFO [energy_monitor_core.module.victron] Polled module snapshot: {
  "module": "victron",
  "updated_at": "2026-07-25T03:07:26.226422",
  "status": "running",
  "device_count": 1,
  "sensor_count": 1,
  "sensor_types": {
    "Charger": 1
  }
}
2026-07-25 04:07:32,231 INFO [energy_monitor_core.module.victron] Polled module snapshot: {
  "module": "victron",
  "updated_at": "2026-07-25T03:07:32.230992",
  "status": "running",
  "device_count": 1,
  "sensor_count": 1,
  "sensor_types": {
    "Charger": 1
  }
}
2026-07-25 04:07:38,237 INFO [energy_monitor_core.module.victron] Polled module snapshot: {
  "module": "victron",
  "updated_at": "2026-07-25T03:07:38.237009",
  "status": "running",
  "device_count": 1,
  "sensor_count": 1,
  "sensor_types": {
    "Charger": 1
  }
}
2026-07-25 04:07:44,242 INFO [energy_monitor_core.module.victron] Polled module snapshot: {
  "module": "victron",
  "updated_at": "2026-07-25T03:07:44.242224",
  "status": "running",
  "device_count": 1,
  "sensor_count": 1,
  "sensor_types": {
    "Charger": 1
  }
}
2026-07-25 04:07:50,249 INFO [energy_monitor_core.module.victron] Polled module snapshot: {
  "module": "victron",
  "updated_at": "2026-07-25T03:07:50.248622",
  "status": "running",
  "device_count": 1,
  "sensor_count": 1,
  "sensor_types": {
    "Charger": 1
  }
}
2026-07-25 04:07:56,253 INFO [energy_monitor_core.module.victron] Polled module snapshot: {
  "module": "victron",
  "updated_at": "2026-07-25T03:07:56.253577",
  "status": "running",
  "device_count": 1,
  "sensor_count": 1,
  "sensor_types": {
    "Charger": 1
  }
}
2026-07-25 04:08:02,260 INFO [energy_monitor_core.module.victron] Polled module snapshot: {
  "module": "victron",
  "updated_at": "2026-07-25T03:08:02.260212",
  "status": "running",
  "device_count": 1,
  "sensor_count": 1,
  "sensor_types": {
    "Charger": 1
  }
}
2026-07-25 04:08:08,266 INFO [energy_monitor_core.module.victron] Polled module snapshot: {
  "module": "victron",
  "updated_at": "2026-07-25T03:08:08.266551",
  "status": "running",
  "device_count": 1,
  "sensor_count": 1,
  "sensor_types": {
    "Charger": 1
  }
}
2026-07-25 04:08:14,272 INFO [energy_monitor_core.module.victron] Polled module snapshot: {
  "module": "victron",
  "updated_at": "2026-07-25T03:08:14.271839",
  "status": "running",
  "device_count": 1,
  "sensor_count": 1,
  "sensor_types": {
    "Charger": 1
  }
}
2026-07-25 04:08:20,277 INFO [energy_monitor_core.module.victron] Polled module snapshot: {
  "module": "victron",
  "updated_at": "2026-07-25T03:08:20.277224",
  "status": "running",
  "device_count": 1,
  "sensor_count": 1,
  "sensor_types": {
    "Charger": 1
  }
}
2026-07-25 04:08:26,282 INFO [energy_monitor_core.module.victron] Polled module snapshot: {
  "module": "victron",
  "updated_at": "2026-07-25T03:08:26.282562",
  "status": "running",
  "device_count": 1,
  "sensor_count": 1,
  "sensor_types": {
    "Charger": 1
  }
}
2026-07-25 04:08:32,288 INFO [energy_monitor_core.module.victron] Polled module snapshot: {
  "module": "victron",
  "updated_at": "2026-07-25T03:08:32.288156",
  "status": "running",
  "device_count": 1,
  "sensor_count": 1,
  "sensor_types": {
    "Charger": 1
  }
}
2026-07-25 04:08:38,293 INFO [energy_monitor_core.module.victron] Polled module snapshot: {
  "module": "victron",
  "updated_at": "2026-07-25T03:08:38.292958",
  "status": "running",
  "device_count": 1,
  "sensor_count": 1,
  "sensor_types": {
    "Charger": 1
  }
}
2026-07-25 04:08:44,298 INFO [energy_monitor_core.module.victron] Polled module snapshot: {
  "module": "victron",
  "updated_at": "2026-07-25T03:08:44.297730",
  "status": "running",
  "device_count": 1,
  "sensor_count": 1,
  "sensor_types": {
    "Charger": 1
  }
}
2026-07-25 04:08:50,302 INFO [energy_monitor_core.module.victron] Polled module snapshot: {
  "module": "victron",
  "updated_at": "2026-07-25T03:08:50.302372",
  "status": "running",
  "device_count": 1,
  "sensor_count": 1,
  "sensor_types": {
    "Charger": 1
  }
}
2026-07-25 04:08:56,308 INFO [energy_monitor_core.module.victron] Polled module snapshot: {
  "module": "victron",
  "updated_at": "2026-07-25T03:08:56.308135",
  "status": "running",
  "device_count": 1,
  "sensor_count": 1,
  "sensor_types": {
    "Charger": 1
  }
}
2026-07-25 04:09:02,313 INFO [energy_monitor_core.module.victron] Polled module snapshot: {
  "module": "victron",
  "updated_at": "2026-07-25T03:09:02.313285",
  "status": "running",
  "device_count": 1,
  "sensor_count": 1,
  "sensor_types": {
    "Charger": 1
  }
}
2026-07-25 04:09:08,319 INFO [energy_monitor_core.module.victron] Polled module snapshot: {
  "module": "victron",
  "updated_at": "2026-07-25T03:09:08.319101",
  "status": "running",
  "device_count": 1,
  "sensor_count": 1,
  "sensor_types": {
    "Charger": 1
  }
}
2026-07-25 04:09:14,325 INFO [energy_monitor_core.module.victron] Polled module snapshot: {
  "module": "victron",
  "updated_at": "2026-07-25T03:09:14.325367",
  "status": "running",
  "device_count": 1,
  "sensor_count": 1,
  "sensor_types": {
    "Charger": 1
  }
}
2026-07-25 04:09:20,332 INFO [energy_monitor_core.module.victron] Polled module snapshot: {
  "module": "victron",
  "updated_at": "2026-07-25T03:09:20.332548",
  "status": "running",
  "device_count": 1,
  "sensor_count": 1,
  "sensor_types": {
    "Charger": 1
  }
}
2026-07-25 04:09:26,339 INFO [energy_monitor_core.module.victron] Polled module snapshot: {
  "module": "victron",
  "updated_at": "2026-07-25T03:09:26.338700",
  "status": "running",
  "device_count": 1,
  "sensor_count": 1,
  "sensor_types": {
    "Charger": 1
  }
}
2026-07-25 04:09:32,344 INFO [energy_monitor_core.module.victron] Polled module snapshot: {
  "module": "victron",
  "updated_at": "2026-07-25T03:09:32.343938",
  "status": "running",
  "device_count": 1,
  "sensor_count": 1,
  "sensor_types": {
    "Charger": 1
  }
}
2026-07-25 04:09:38,350 INFO [energy_monitor_core.module.victron] Polled module snapshot: {
  "module": "victron",
  "updated_at": "2026-07-25T03:09:38.349735",
  "status": "running",
  "device_count": 1,
  "sensor_count": 1,
  "sensor_types": {
    "Charger": 1
  }
}
2026-07-25 04:09:44,354 INFO [energy_monitor_core.module.victron] Polled module snapshot: {
  "module": "victron",
  "updated_at": "2026-07-25T03:09:44.354578",
  "status": "running",
  "device_count": 1,
  "sensor_count": 1,
  "sensor_types": {
    "Charger": 1
  }
}
2026-07-25 04:09:50,359 INFO [energy_monitor_core.module.victron] Polled module snapshot: {
  "module": "victron",
  "updated_at": "2026-07-25T03:09:50.359167",
  "status": "running",
  "device_count": 1,
  "sensor_count": 1,
  "sensor_types": {
    "Charger": 1
  }
}
2026-07-25 04:09:56,364 INFO [energy_monitor_core.module.victron] Polled module snapshot: {
  "module": "victron",
  "updated_at": "2026-07-25T03:09:56.363843",
  "status": "running",
  "device_count": 1,
  "sensor_count": 1,
  "sensor_types": {
    "Charger": 1
  }
}
2026-07-25 04:10:02,367 INFO [energy_monitor_core.module.victron] Polled module snapshot: {
  "module": "victron",
  "updated_at": "2026-07-25T03:10:02.366899",
  "status": "running",
  "device_count": 1,
  "sensor_count": 1,
  "sensor_types": {
    "Charger": 1
  }
}
2026-07-25 04:10:08,371 INFO [energy_monitor_core.module.victron] Polled module snapshot: {
  "module": "victron",
  "updated_at": "2026-07-25T03:10:08.370940",
  "status": "running",
  "device_count": 1,
  "sensor_count": 1,
  "sensor_types": {
    "Charger": 1
  }
}
2026-07-25 04:10:14,378 INFO [energy_monitor_core.module.victron] Polled module snapshot: {
  "module": "victron",
  "updated_at": "2026-07-25T03:10:14.378186",
  "status": "running",
  "device_count": 1,
  "sensor_count": 1,
  "sensor_types": {
    "Charger": 1
  }
}
2026-07-25 04:10:20,383 INFO [energy_monitor_core.module.victron] Polled module snapshot: {
  "module": "victron",
  "updated_at": "2026-07-25T03:10:20.383364",
  "status": "running",
  "device_count": 1,
  "sensor_count": 1,
  "sensor_types": {
    "Charger": 1
  }
}
2026-07-25 04:10:26,397 INFO [energy_monitor_core.module.victron] Polled module snapshot: {
  "module": "victron",
  "updated_at": "2026-07-25T03:10:26.396952",
  "status": "running",
  "device_count": 1,
  "sensor_count": 1,
  "sensor_types": {
    "Charger": 1
  }
}
2026-07-25 04:10:32,402 INFO [energy_monitor_core.module.victron] Polled module snapshot: {
  "module": "victron",
  "updated_at": "2026-07-25T03:10:32.401825",
  "status": "running",
  "device_count": 1,
  "sensor_count": 1,
  "sensor_types": {
    "Charger": 1
  }
}
2026-07-25 04:10:38,407 INFO [energy_monitor_core.module.victron] Polled module snapshot: {
  "module": "victron",
  "updated_at": "2026-07-25T03:10:38.407287",
  "status": "running",
  "device_count": 1,
  "sensor_count": 1,
  "sensor_types": {
    "Charger": 1
  }
}
2026-07-25 04:10:44,413 INFO [energy_monitor_core.module.victron] Polled module snapshot: {
  "module": "victron",
  "updated_at": "2026-07-25T03:10:44.413231",
  "status": "running",
  "device_count": 1,
  "sensor_count": 1,
  "sensor_types": {
    "Charger": 1
  }
}
2026-07-25 04:10:50,419 INFO [energy_monitor_core.module.victron] Polled module snapshot: {
  "module": "victron",
  "updated_at": "2026-07-25T03:10:50.418771",
  "status": "running",
  "device_count": 1,
  "sensor_count": 1,
  "sensor_types": {
    "Charger": 1
  }
}
2026-07-25 04:10:56,427 INFO [energy_monitor_core.module.victron] Polled module snapshot: {
  "module": "victron",
  "updated_at": "2026-07-25T03:10:56.426959",
  "status": "running",
  "device_count": 1,
  "sensor_count": 1,
  "sensor_types": {
    "Charger": 1
  }
}
2026-07-25 04:11:02,432 INFO [energy_monitor_core.module.victron] Polled module snapshot: {
  "module": "victron",
  "updated_at": "2026-07-25T03:11:02.432318",
  "status": "running",
  "device_count": 1,
  "sensor_count": 1,
  "sensor_types": {
    "Charger": 1
  }
}
2026-07-25 04:11:08,437 INFO [energy_monitor_core.module.victron] Polled module snapshot: {
  "module": "victron",
  "updated_at": "2026-07-25T03:11:08.437240",
  "status": "running",
  "device_count": 1,
  "sensor_count": 1,
  "sensor_types": {
    "Charger": 1
  }
}
2026-07-25 04:11:14,443 INFO [energy_monitor_core.module.victron] Polled module snapshot: {
  "module": "victron",
  "updated_at": "2026-07-25T03:11:14.442902",
  "status": "running",
  "device_count": 1,
  "sensor_count": 1,
  "sensor_types": {
    "Charger": 1
  }
}
2026-07-25 04:11:20,448 INFO [energy_monitor_core.module.victron] Polled module snapshot: {
  "module": "victron",
  "updated_at": "2026-07-25T03:11:20.447863",
  "status": "running",
  "device_count": 1,
  "sensor_count": 1,
  "sensor_types": {
    "Charger": 1
  }
}
2026-07-25 04:11:26,453 INFO [energy_monitor_core.module.victron] Polled module snapshot: {
  "module": "victron",
  "updated_at": "2026-07-25T03:11:26.452720",
  "status": "running",
  "device_count": 1,
  "sensor_count": 1,
  "sensor_types": {
    "Charger": 1
  }
}
2026-07-25 04:11:32,455 INFO [energy_monitor_core.module.victron] Polled module snapshot: {
  "module": "victron",
  "updated_at": "2026-07-25T03:11:32.455616",
  "status": "running",
  "device_count": 1,
  "sensor_count": 1,
  "sensor_types": {
    "Charger": 1
  }
}
2026-07-25 04:11:38,460 INFO [energy_monitor_core.module.victron] Polled module snapshot: {
  "module": "victron",
  "updated_at": "2026-07-25T03:11:38.459948",
  "status": "running",
  "device_count": 1,
  "sensor_count": 1,
  "sensor_types": {
    "Charger": 1
  }
}
2026-07-25 04:11:44,465 INFO [energy_monitor_core.module.victron] Polled module snapshot: {
  "module": "victron",
  "updated_at": "2026-07-25T03:11:44.465489",
  "status": "running",
  "device_count": 1,
  "sensor_count": 1,
  "sensor_types": {
    "Charger": 1
  }
}
2026-07-25 04:11:50,470 INFO [energy_monitor_core.module.victron] Polled module snapshot: {
  "module": "victron",
  "updated_at": "2026-07-25T03:11:50.470512",
  "status": "running",
  "device_count": 1,
  "sensor_count": 1,
  "sensor_types": {
    "Charger": 1
  }
}
2026-07-25 04:11:56,476 INFO [energy_monitor_core.module.victron] Polled module snapshot: {
  "module": "victron",
  "updated_at": "2026-07-25T03:11:56.475291",
  "status": "running",
  "device_count": 1,
  "sensor_count": 1,
  "sensor_types": {
    "Charger": 1
  }
}
2026-07-25 04:12:02,479 INFO [energy_monitor_core.module.victron] Polled module snapshot: {
  "module": "victron",
  "updated_at": "2026-07-25T03:12:02.479537",
  "status": "running",
  "device_count": 1,
  "sensor_count": 1,
  "sensor_types": {
    "Charger": 1
  }
}
2026-07-25 04:12:08,483 INFO [energy_monitor_core.module.victron] Polled module snapshot: {
  "module": "victron",
  "updated_at": "2026-07-25T03:12:08.483459",
  "status": "running",
  "device_count": 1,
  "sensor_count": 1,
  "sensor_types": {
    "Charger": 1
  }
}
2026-07-25 04:12:14,490 INFO [energy_monitor_core.module.victron] Polled module snapshot: {
  "module": "victron",
  "updated_at": "2026-07-25T03:12:14.489590",
  "status": "running",
  "device_count": 1,
  "sensor_count": 1,
  "sensor_types": {
    "Charger": 1
  }
}
2026-07-25 04:12:20,496 INFO [energy_monitor_core.module.victron] Polled module snapshot: {
  "module": "victron",
  "updated_at": "2026-07-25T03:12:20.496050",
  "status": "running",
  "device_count": 1,
  "sensor_count": 1,
  "sensor_types": {
    "Charger": 1
  }
}
2026-07-25 04:12:26,502 INFO [energy_monitor_core.module.victron] Polled module snapshot: {
  "module": "victron",
  "updated_at": "2026-07-25T03:12:26.502380",
  "status": "running",
  "device_count": 1,
  "sensor_count": 1,
  "sensor_types": {
    "Charger": 1
  }
}
2026-07-25 04:12:32,507 INFO [energy_monitor_core.module.victron] Polled module snapshot: {
  "module": "victron",
  "updated_at": "2026-07-25T03:12:32.507249",
  "status": "running",
  "device_count": 1,
  "sensor_count": 1,
  "sensor_types": {
    "Charger": 1
  }
}
2026-07-25 04:12:38,513 INFO [energy_monitor_core.module.victron] Polled module snapshot: {
  "module": "victron",
  "updated_at": "2026-07-25T03:12:38.513033",
  "status": "running",
  "device_count": 1,
  "sensor_count": 1,
  "sensor_types": {
    "Charger": 1
  }
}
2026-07-25 04:12:44,519 INFO [energy_monitor_core.module.victron] Polled module snapshot: {
  "module": "victron",
  "updated_at": "2026-07-25T03:12:44.519346",
  "status": "running",
  "device_count": 1,
  "sensor_count": 1,
  "sensor_types": {
    "Charger": 1
  }
}
2026-07-25 04:12:50,526 INFO [energy_monitor_core.module.victron] Polled module snapshot: {
  "module": "victron",
  "updated_at": "2026-07-25T03:12:50.526436",
  "status": "running",
  "device_count": 1,
  "sensor_count": 1,
  "sensor_types": {
    "Charger": 1
  }
}
2026-07-25 04:12:56,532 INFO [energy_monitor_core.module.victron] Polled module snapshot: {
  "module": "victron",
  "updated_at": "2026-07-25T03:12:56.531762",
  "status": "running",
  "device_count": 1,
  "sensor_count": 1,
  "sensor_types": {
    "Charger": 1
  }
}
2026-07-25 04:13:02,540 INFO [energy_monitor_core.module.victron] Polled module snapshot: {
  "module": "victron",
  "updated_at": "2026-07-25T03:13:02.537597",
  "status": "running",
  "device_count": 1,
  "sensor_count": 1,
  "sensor_types": {
    "Charger": 1
  }
}
2026-07-25 04:13:08,546 INFO [energy_monitor_core.module.victron] Polled module snapshot: {
  "module": "victron",
  "updated_at": "2026-07-25T03:13:08.546256",
  "status": "running",
  "device_count": 1,
  "sensor_count": 1,
  "sensor_types": {
    "Charger": 1
  }
}
2026-07-25 04:13:14,551 INFO [energy_monitor_core.module.victron] Polled module snapshot: {
  "module": "victron",
  "updated_at": "2026-07-25T03:13:14.551582",
  "status": "running",
  "device_count": 1,
  "sensor_count": 1,
  "sensor_types": {
    "Charger": 1
  }
}
2026-07-25 04:13:20,561 INFO [energy_monitor_core.module.victron] Polled module snapshot: {
  "module": "victron",
  "updated_at": "2026-07-25T03:13:20.561418",
  "status": "running",
  "device_count": 1,
  "sensor_count": 1,
  "sensor_types": {
    "Charger": 1
  }
}
2026-07-25 04:13:26,568 INFO [energy_monitor_core.module.victron] Polled module snapshot: {
  "module": "victron",
  "updated_at": "2026-07-25T03:13:26.568501",
  "status": "running",
  "device_count": 1,
  "sensor_count": 1,
  "sensor_types": {
    "Charger": 1
  }
}
2026-07-25 04:13:32,573 INFO [energy_monitor_core.module.victron] Polled module snapshot: {
  "module": "victron",
  "updated_at": "2026-07-25T03:13:32.573508",
  "status": "running",
  "device_count": 1,
  "sensor_count": 1,
  "sensor_types": {
    "Charger": 1
  }
}
2026-07-25 04:13:38,578 INFO [energy_monitor_core.module.victron] Polled module snapshot: {
  "module": "victron",
  "updated_at": "2026-07-25T03:13:38.578555",
  "status": "running",
  "device_count": 1,
  "sensor_count": 1,
  "sensor_types": {
    "Charger": 1
  }
}
2026-07-25 04:13:44,584 INFO [energy_monitor_core.module.victron] Polled module snapshot: {
  "module": "victron",
  "updated_at": "2026-07-25T03:13:44.583842",
  "status": "running",
  "device_count": 1,
  "sensor_count": 1,
  "sensor_types": {
    "Charger": 1
  }
}
2026-07-25 04:13:50,591 INFO [energy_monitor_core.module.victron] Polled module snapshot: {
  "module": "victron",
  "updated_at": "2026-07-25T03:13:50.590901",
  "status": "running",
  "device_count": 1,
  "sensor_count": 1,
  "sensor_types": {
    "Charger": 1
  }
}
2026-07-25 04:13:56,596 INFO [energy_monitor_core.module.victron] Polled module snapshot: {
  "module": "victron",
  "updated_at": "2026-07-25T03:13:56.596202",
  "status": "running",
  "device_count": 1,
  "sensor_count": 1,
  "sensor_types": {
    "Charger": 1
  }
}
2026-07-25 04:14:02,603 INFO [energy_monitor_core.module.victron] Polled module snapshot: {
  "module": "victron",
  "updated_at": "2026-07-25T03:14:02.603062",
  "status": "running",
  "device_count": 1,
  "sensor_count": 1,
  "sensor_types": {
    "Charger": 1
  }
}
2026-07-25 04:14:08,609 INFO [energy_monitor_core.module.victron] Polled module snapshot: {
  "module": "victron",
  "updated_at": "2026-07-25T03:14:08.608941",
  "status": "running",
  "device_count": 1,
  "sensor_count": 1,
  "sensor_types": {
    "Charger": 1
  }
}
2026-07-25 04:14:14,614 INFO [energy_monitor_core.module.victron] Polled module snapshot: {
  "module": "victron",
  "updated_at": "2026-07-25T03:14:14.614388",
  "status": "running",
  "device_count": 1,
  "sensor_count": 1,
  "sensor_types": {
    "Charger": 1
  }
}
2026-07-25 04:14:20,620 INFO [energy_monitor_core.module.victron] Polled module snapshot: {
  "module": "victron",
  "updated_at": "2026-07-25T03:14:20.620035",
  "status": "running",
  "device_count": 1,
  "sensor_count": 1,
  "sensor_types": {
    "Charger": 1
  }
}
2026-07-25 04:14:26,626 INFO [energy_monitor_core.module.victron] Polled module snapshot: {
  "module": "victron",
  "updated_at": "2026-07-25T03:14:26.626011",
  "status": "running",
  "device_count": 1,
  "sensor_count": 1,
  "sensor_types": {
    "Charger": 1
  }
}
2026-07-25 04:14:32,631 INFO [energy_monitor_core.module.victron] Polled module snapshot: {
  "module": "victron",
  "updated_at": "2026-07-25T03:14:32.630921",
  "status": "running",
  "device_count": 1,
  "sensor_count": 1,
  "sensor_types": {
    "Charger": 1
  }
}
2026-07-25 04:14:38,636 INFO [energy_monitor_core.module.victron] Polled module snapshot: {
  "module": "victron",
  "updated_at": "2026-07-25T03:14:38.636227",
  "status": "running",
  "device_count": 1,
  "sensor_count": 1,
  "sensor_types": {
    "Charger": 1
  }
}
2026-07-25 04:14:44,641 INFO [energy_monitor_core.module.victron] Polled module snapshot: {
  "module": "victron",
  "updated_at": "2026-07-25T03:14:44.641279",
  "status": "running",
  "device_count": 1,
  "sensor_count": 1,
  "sensor_types": {
    "Charger": 1
  }
}
2026-07-25 04:14:50,652 INFO [energy_monitor_core.module.victron] Polled module snapshot: {
  "module": "victron",
  "updated_at": "2026-07-25T03:14:50.652169",
  "status": "running",
  "device_count": 1,
  "sensor_count": 1,
  "sensor_types": {
    "Charger": 1
  }
}
2026-07-25 04:14:56,657 INFO [energy_monitor_core.module.victron] Polled module snapshot: {
  "module": "victron",
  "updated_at": "2026-07-25T03:14:56.657437",
  "status": "running",
  "device_count": 1,
  "sensor_count": 1,
  "sensor_types": {
    "Charger": 1
  }
}
2026-07-25 04:15:02,663 INFO [energy_monitor_core.module.victron] Polled module snapshot: {
  "module": "victron",
  "updated_at": "2026-07-25T03:15:02.662608",
  "status": "running",
  "device_count": 1,
  "sensor_count": 1,
  "sensor_types": {
    "Charger": 1
  }
}
2026-07-25 04:15:08,672 INFO [energy_monitor_core.module.victron] Polled module snapshot: {
  "module": "victron",
  "updated_at": "2026-07-25T03:15:08.672087",
  "status": "running",
  "device_count": 1,
  "sensor_count": 1,
  "sensor_types": {
    "Charger": 1
  }
}
2026-07-25 04:15:14,681 INFO [energy_monitor_core.module.victron] Polled module snapshot: {
  "module": "victron",
  "updated_at": "2026-07-25T03:15:14.679284",
  "status": "running",
  "device_count": 1,
  "sensor_count": 1,
  "sensor_types": {
    "Charger": 1
  }
}
2026-07-25 04:15:20,686 INFO [energy_monitor_core.module.victron] Polled module snapshot: {
  "module": "victron",
  "updated_at": "2026-07-25T03:15:20.685708",
  "status": "running",
  "device_count": 1,
  "sensor_count": 1,
  "sensor_types": {
    "Charger": 1
  }
}
2026-07-25 04:15:26,774 INFO [energy_monitor_core.module.victron] Polled module snapshot: {
  "module": "victron",
  "updated_at": "2026-07-25T03:15:26.774464",
  "status": "running",
  "device_count": 1,
  "sensor_count": 1,
  "sensor_types": {
    "Charger": 1
  }
}
2026-07-25 04:15:32,781 INFO [energy_monitor_core.module.victron] Polled module snapshot: {
  "module": "victron",
  "updated_at": "2026-07-25T03:15:32.781129",
  "status": "running",
  "device_count": 1,
  "sensor_count": 1,
  "sensor_types": {
    "Charger": 1
  }
}
2026-07-25 04:15:38,786 INFO [energy_monitor_core.module.victron] Polled module snapshot: {
  "module": "victron",
  "updated_at": "2026-07-25T03:15:38.786151",
  "status": "running",
  "device_count": 1,
  "sensor_count": 1,
  "sensor_types": {
    "Charger": 1
  }
}
2026-07-25 04:15:44,791 INFO [energy_monitor_core.module.victron] Polled module snapshot: {
  "module": "victron",
  "updated_at": "2026-07-25T03:15:44.791120",
  "status": "running",
  "device_count": 1,
  "sensor_count": 1,
  "sensor_types": {
    "Charger": 1
  }
}
2026-07-25 04:15:50,796 INFO [energy_monitor_core.module.victron] Polled module snapshot: {
  "module": "victron",
  "updated_at": "2026-07-25T03:15:50.796375",
  "status": "running",
  "device_count": 1,
  "sensor_count": 1,
  "sensor_types": {
    "Charger": 1
  }
}
2026-07-25 04:15:56,802 INFO [energy_monitor_core.module.victron] Polled module snapshot: {
  "module": "victron",
  "updated_at": "2026-07-25T03:15:56.801698",
  "status": "running",
  "device_count": 1,
  "sensor_count": 1,
  "sensor_types": {
    "Charger": 1
  }
}
2026-07-25 04:16:02,806 INFO [energy_monitor_core.module.victron] Polled module snapshot: {
  "module": "victron",
  "updated_at": "2026-07-25T03:16:02.806402",
  "status": "running",
  "device_count": 1,
  "sensor_count": 1,
  "sensor_types": {
    "Charger": 1
  }
}
2026-07-25 04:16:08,811 INFO [energy_monitor_core.module.victron] Polled module snapshot: {
  "module": "victron",
  "updated_at": "2026-07-25T03:16:08.811134",
  "status": "running",
  "device_count": 1,
  "sensor_count": 1,
  "sensor_types": {
    "Charger": 1
  }
}
2026-07-25 04:16:14,814 INFO [energy_monitor_core.module.victron] Polled module snapshot: {
  "module": "victron",
  "updated_at": "2026-07-25T03:16:14.814607",
  "status": "running",
  "device_count": 1,
  "sensor_count": 1,
  "sensor_types": {
    "Charger": 1
  }
}
2026-07-25 04:16:20,818 INFO [energy_monitor_core.module.victron] Polled module snapshot: {
  "module": "victron",
  "updated_at": "2026-07-25T03:16:20.818591",
  "status": "running",
  "device_count": 1,
  "sensor_count": 1,
  "sensor_types": {
    "Charger": 1
  }
}
2026-07-25 04:16:26,827 INFO [energy_monitor_core.module.victron] Polled module snapshot: {
  "module": "victron",
  "updated_at": "2026-07-25T03:16:26.827244",
  "status": "running",
  "device_count": 1,
  "sensor_count": 1,
  "sensor_types": {
    "Charger": 1
  }
}
2026-07-25 04:16:32,833 INFO [energy_monitor_core.module.victron] Polled module snapshot: {
  "module": "victron",
  "updated_at": "2026-07-25T03:16:32.833151",
  "status": "running",
  "device_count": 1,
  "sensor_count": 1,
  "sensor_types": {
    "Charger": 1
  }
}
2026-07-25 04:16:38,838 INFO [energy_monitor_core.module.victron] Polled module snapshot: {
  "module": "victron",
  "updated_at": "2026-07-25T03:16:38.838620",
  "status": "running",
  "device_count": 1,
  "sensor_count": 1,
  "sensor_types": {
    "Charger": 1
  }
}
2026-07-25 04:16:44,842 INFO [energy_monitor_core.module.victron] Polled module snapshot: {
  "module": "victron",
  "updated_at": "2026-07-25T03:16:44.841911",
  "status": "running",
  "device_count": 1,
  "sensor_count": 1,
  "sensor_types": {
    "Charger": 1
  }
}
2026-07-25 04:16:50,847 INFO [energy_monitor_core.module.victron] Polled module snapshot: {
  "module": "victron",
  "updated_at": "2026-07-25T03:16:50.846648",
  "status": "running",
  "device_count": 1,
  "sensor_count": 1,
  "sensor_types": {
    "Charger": 1
  }
}
2026-07-25 04:16:56,852 INFO [energy_monitor_core.module.victron] Polled module snapshot: {
  "module": "victron",
  "updated_at": "2026-07-25T03:16:56.852645",
  "status": "running",
  "device_count": 1,
  "sensor_count": 1,
  "sensor_types": {
    "Charger": 1
  }
}
2026-07-25 04:17:02,857 INFO [energy_monitor_core.module.victron] Polled module snapshot: {
  "module": "victron",
  "updated_at": "2026-07-25T03:17:02.857437",
  "status": "running",
  "device_count": 1,
  "sensor_count": 1,
  "sensor_types": {
    "Charger": 1
  }
}
2026-07-25 04:17:08,862 INFO [energy_monitor_core.module.victron] Polled module snapshot: {
  "module": "victron",
  "updated_at": "2026-07-25T03:17:08.862318",
  "status": "running",
  "device_count": 1,
  "sensor_count": 1,
  "sensor_types": {
    "Charger": 1
  }
}
2026-07-25 04:17:14,867 INFO [energy_monitor_core.module.victron] Polled module snapshot: {
  "module": "victron",
  "updated_at": "2026-07-25T03:17:14.867340",
  "status": "running",
  "device_count": 1,
  "sensor_count": 1,
  "sensor_types": {
    "Charger": 1
  }
}
2026-07-25 04:17:20,872 INFO [energy_monitor_core.module.victron] Polled module snapshot: {
  "module": "victron",
  "updated_at": "2026-07-25T03:17:20.872522",
  "status": "running",
  "device_count": 1,
  "sensor_count": 1,
  "sensor_types": {
    "Charger": 1
  }
}
2026-07-25 04:17:26,880 INFO [energy_monitor_core.module.victron] Polled module snapshot: {
  "module": "victron",
  "updated_at": "2026-07-25T03:17:26.879740",
  "status": "running",
  "device_count": 1,
  "sensor_count": 1,
  "sensor_types": {
    "Charger": 1
  }
}
2026-07-25 04:17:32,887 INFO [energy_monitor_core.module.victron] Polled module snapshot: {
  "module": "victron",
  "updated_at": "2026-07-25T03:17:32.885729",
  "status": "running",
  "device_count": 1,
  "sensor_count": 1,
  "sensor_types": {
    "Charger": 1
  }
}
2026-07-25 04:17:38,892 INFO [energy_monitor_core.module.victron] Polled module snapshot: {
  "module": "victron",
  "updated_at": "2026-07-25T03:17:38.892323",
  "status": "running",
  "device_count": 1,
  "sensor_count": 1,
  "sensor_types": {
    "Charger": 1
  }
}
2026-07-25 04:17:44,898 INFO [energy_monitor_core.module.victron] Polled module snapshot: {
  "module": "victron",
  "updated_at": "2026-07-25T03:17:44.897736",
  "status": "running",
  "device_count": 1,
  "sensor_count": 1,
  "sensor_types": {
    "Charger": 1
  }
}
2026-07-25 04:17:50,902 INFO [energy_monitor_core.module.victron] Polled module snapshot: {
  "module": "victron",
  "updated_at": "2026-07-25T03:17:50.902542",
  "status": "running",
  "device_count": 1,
  "sensor_count": 1,
  "sensor_types": {
    "Charger": 1
  }
}
2026-07-25 04:17:56,907 INFO [energy_monitor_core.module.victron] Polled module snapshot: {
  "module": "victron",
  "updated_at": "2026-07-25T03:17:56.907232",
  "status": "running",
  "device_count": 1,
  "sensor_count": 1,
  "sensor_types": {
    "Charger": 1
  }
}
2026-07-25 04:18:02,913 INFO [energy_monitor_core.module.victron] Polled module snapshot: {
  "module": "victron",
  "updated_at": "2026-07-25T03:18:02.913087",
  "status": "running",
  "device_count": 1,
  "sensor_count": 1,
  "sensor_types": {
    "Charger": 1
  }
}
2026-07-25 04:18:08,918 INFO [energy_monitor_core.module.victron] Polled module snapshot: {
  "module": "victron",
  "updated_at": "2026-07-25T03:18:08.918502",
  "status": "running",
  "device_count": 1,
  "sensor_count": 1,
  "sensor_types": {
    "Charger": 1
  }
}
2026-07-25 04:18:14,923 INFO [energy_monitor_core.module.victron] Polled module snapshot: {
  "module": "victron",
  "updated_at": "2026-07-25T03:18:14.923363",
  "status": "running",
  "device_count": 1,
  "sensor_count": 1,
  "sensor_types": {
    "Charger": 1
  }
}
2026-07-25 04:18:20,929 INFO [energy_monitor_core.module.victron] Polled module snapshot: {
  "module": "victron",
  "updated_at": "2026-07-25T03:18:20.929410",
  "status": "running",
  "device_count": 1,
  "sensor_count": 1,
  "sensor_types": {
    "Charger": 1
  }
}
2026-07-25 04:18:26,935 INFO [energy_monitor_core.module.victron] Polled module snapshot: {
  "module": "victron",
  "updated_at": "2026-07-25T03:18:26.935188",
  "status": "running",
  "device_count": 1,
  "sensor_count": 1,
  "sensor_types": {
    "Charger": 1
  }
}
2026-07-25 04:18:32,940 INFO [energy_monitor_core.module.victron] Polled module snapshot: {
  "module": "victron",
  "updated_at": "2026-07-25T03:18:32.940532",
  "status": "running",
  "device_count": 1,
  "sensor_count": 1,
  "sensor_types": {
    "Charger": 1
  }
}
2026-07-25 04:18:38,945 INFO [energy_monitor_core.module.victron] Polled module snapshot: {
  "module": "victron",
  "updated_at": "2026-07-25T03:18:38.945596",
  "status": "running",
  "device_count": 1,
  "sensor_count": 1,
  "sensor_types": {
    "Charger": 1
  }
}
2026-07-25 04:18:44,950 INFO [energy_monitor_core.module.victron] Polled module snapshot: {
  "module": "victron",
  "updated_at": "2026-07-25T03:18:44.950361",
  "status": "running",
  "device_count": 1,
  "sensor_count": 1,
  "sensor_types": {
    "Charger": 1
  }
}
2026-07-25 04:18:50,960 INFO [energy_monitor_core.module.victron] Polled module snapshot: {
  "module": "victron",
  "updated_at": "2026-07-25T03:18:50.959661",
  "status": "running",
  "device_count": 1,
  "sensor_count": 1,
  "sensor_types": {
    "Charger": 1
  }
}
2026-07-25 04:18:56,967 INFO [energy_monitor_core.module.victron] Polled module snapshot: {
  "module": "victron",
  "updated_at": "2026-07-25T03:18:56.966806",
  "status": "running",
  "device_count": 1,
  "sensor_count": 1,
  "sensor_types": {
    "Charger": 1
  }
}
2026-07-25 04:19:02,973 INFO [energy_monitor_core.module.victron] Polled module snapshot: {
  "module": "victron",
  "updated_at": "2026-07-25T03:19:02.972805",
  "status": "running",
  "device_count": 1,
  "sensor_count": 1,
  "sensor_types": {
    "Charger": 1
  }
}
2026-07-25 04:19:08,978 INFO [energy_monitor_core.module.victron] Polled module snapshot: {
  "module": "victron",
  "updated_at": "2026-07-25T03:19:08.977795",
  "status": "running",
  "device_count": 1,
  "sensor_count": 1,
  "sensor_types": {
    "Charger": 1
  }
}
2026-07-25 04:19:14,983 INFO [energy_monitor_core.module.victron] Polled module snapshot: {
  "module": "victron",
  "updated_at": "2026-07-25T03:19:14.983546",
  "status": "running",
  "device_count": 1,
  "sensor_count": 1,
  "sensor_types": {
    "Charger": 1
  }
}
2026-07-25 04:19:20,989 INFO [energy_monitor_core.module.victron] Polled module snapshot: {
  "module": "victron",
  "updated_at": "2026-07-25T03:19:20.988752",
  "status": "running",
  "device_count": 1,
  "sensor_count": 1,
  "sensor_types": {
    "Charger": 1
  }
}
2026-07-25 04:19:26,994 INFO [energy_monitor_core.module.victron] Polled module snapshot: {
  "module": "victron",
  "updated_at": "2026-07-25T03:19:26.993738",
  "status": "running",
  "device_count": 1,
  "sensor_count": 1,
  "sensor_types": {
    "Charger": 1
  }
}
2026-07-25 04:20:13,273 INFO [energy_monitor_core.module.victron] Module runtime started
2026-07-25 04:20:13,318 INFO [energy_monitor_core.module.victron] Polled module snapshot: {
  "module": "victron",
  "updated_at": "2026-07-25T03:20:13.318259",
  "status": "running",
  "device_count": 1,
  "sensor_count": 1,
  "sensor_types": {
    "Charger": 1
  }
}
2026-07-25 04:20:19,357 INFO [energy_monitor_core.module.victron] Polled module snapshot: {
  "module": "victron",
  "updated_at": "2026-07-25T03:20:19.357472",
  "status": "running",
  "device_count": 1,
  "sensor_count": 1,
  "sensor_types": {
    "Charger": 1
  }
}
2026-07-25 04:20:25,363 INFO [energy_monitor_core.module.victron] Polled module snapshot: {
  "module": "victron",
  "updated_at": "2026-07-25T03:20:25.362685",
  "status": "running",
  "device_count": 1,
  "sensor_count": 1,
  "sensor_types": {
    "Charger": 1
  }
}
2026-07-25 04:20:31,369 INFO [energy_monitor_core.module.victron] Polled module snapshot: {
  "module": "victron",
  "updated_at": "2026-07-25T03:20:31.369133",
  "status": "running",
  "device_count": 1,
  "sensor_count": 1,
  "sensor_types": {
    "Charger": 1
  }
}
2026-07-25 04:20:37,375 INFO [energy_monitor_core.module.victron] Polled module snapshot: {
  "module": "victron",
  "updated_at": "2026-07-25T03:20:37.375304",
  "status": "running",
  "device_count": 1,
  "sensor_count": 1,
  "sensor_types": {
    "Charger": 1
  }
}
2026-07-25 04:20:43,381 INFO [energy_monitor_core.module.victron] Polled module snapshot: {
  "module": "victron",
  "updated_at": "2026-07-25T03:20:43.381579",
  "status": "running",
  "device_count": 1,
  "sensor_count": 1,
  "sensor_types": {
    "Charger": 1
  }
}
2026-07-25 04:20:49,386 INFO [energy_monitor_core.module.victron] Polled module snapshot: {
  "module": "victron",
  "updated_at": "2026-07-25T03:20:49.386082",
  "status": "running",
  "device_count": 1,
  "sensor_count": 1,
  "sensor_types": {
    "Charger": 1
  }
}
2026-07-25 04:20:55,391 INFO [energy_monitor_core.module.victron] Polled module snapshot: {
  "module": "victron",
  "updated_at": "2026-07-25T03:20:55.391498",
  "status": "running",
  "device_count": 1,
  "sensor_count": 1,
  "sensor_types": {
    "Charger": 1
  }
}
2026-07-25 04:21:01,398 INFO [energy_monitor_core.module.victron] Polled module snapshot: {
  "module": "victron",
  "updated_at": "2026-07-25T03:21:01.397756",
  "status": "running",
  "device_count": 1,
  "sensor_count": 1,
  "sensor_types": {
    "Charger": 1
  }
}
2026-07-25 04:21:07,403 INFO [energy_monitor_core.module.victron] Polled module snapshot: {
  "module": "victron",
  "updated_at": "2026-07-25T03:21:07.403047",
  "status": "running",
  "device_count": 1,
  "sensor_count": 1,
  "sensor_types": {
    "Charger": 1
  }
}
2026-07-25 04:21:13,408 INFO [energy_monitor_core.module.victron] Polled module snapshot: {
  "module": "victron",
  "updated_at": "2026-07-25T03:21:13.408302",
  "status": "running",
  "device_count": 1,
  "sensor_count": 1,
  "sensor_types": {
    "Charger": 1
  }
}
2026-07-25 04:21:19,413 INFO [energy_monitor_core.module.victron] Polled module snapshot: {
  "module": "victron",
  "updated_at": "2026-07-25T03:21:19.413559",
  "status": "running",
  "device_count": 1,
  "sensor_count": 1,
  "sensor_types": {
    "Charger": 1
  }
}
2026-07-25 04:21:25,418 INFO [energy_monitor_core.module.victron] Polled module snapshot: {
  "module": "victron",
  "updated_at": "2026-07-25T03:21:25.418649",
  "status": "running",
  "device_count": 1,
  "sensor_count": 1,
  "sensor_types": {
    "Charger": 1
  }
}
2026-07-25 04:21:31,425 INFO [energy_monitor_core.module.victron] Polled module snapshot: {
  "module": "victron",
  "updated_at": "2026-07-25T03:21:31.425354",
  "status": "running",
  "device_count": 1,
  "sensor_count": 1,
  "sensor_types": {
    "Charger": 1
  }
}
2026-07-25 04:21:37,431 INFO [energy_monitor_core.module.victron] Polled module snapshot: {
  "module": "victron",
  "updated_at": "2026-07-25T03:21:37.430995",
  "status": "running",
  "device_count": 1,
  "sensor_count": 1,
  "sensor_types": {
    "Charger": 1
  }
}
2026-07-25 04:21:43,436 INFO [energy_monitor_core.module.victron] Polled module snapshot: {
  "module": "victron",
  "updated_at": "2026-07-25T03:21:43.436494",
  "status": "running",
  "device_count": 1,
  "sensor_count": 1,
  "sensor_types": {
    "Charger": 1
  }
}
2026-07-25 04:21:49,443 INFO [energy_monitor_core.module.victron] Polled module snapshot: {
  "module": "victron",
  "updated_at": "2026-07-25T03:21:49.442725",
  "status": "running",
  "device_count": 1,
  "sensor_count": 1,
  "sensor_types": {
    "Charger": 1
  }
}
2026-07-25 04:21:55,451 INFO [energy_monitor_core.module.victron] Polled module snapshot: {
  "module": "victron",
  "updated_at": "2026-07-25T03:21:55.451132",
  "status": "running",
  "device_count": 1,
  "sensor_count": 1,
  "sensor_types": {
    "Charger": 1
  }
}
2026-07-25 04:22:01,456 INFO [energy_monitor_core.module.victron] Polled module snapshot: {
  "module": "victron",
  "updated_at": "2026-07-25T03:22:01.456471",
  "status": "running",
  "device_count": 1,
  "sensor_count": 1,
  "sensor_types": {
    "Charger": 1
  }
}
2026-07-25 04:22:07,461 INFO [energy_monitor_core.module.victron] Polled module snapshot: {
  "module": "victron",
  "updated_at": "2026-07-25T03:22:07.461585",
  "status": "running",
  "device_count": 1,
  "sensor_count": 1,
  "sensor_types": {
    "Charger": 1
  }
}
2026-07-25 04:22:13,468 INFO [energy_monitor_core.module.victron] Polled module snapshot: {
  "module": "victron",
  "updated_at": "2026-07-25T03:22:13.468351",
  "status": "running",
  "device_count": 1,
  "sensor_count": 1,
  "sensor_types": {
    "Charger": 1
  }
}
2026-07-25 04:22:19,474 INFO [energy_monitor_core.module.victron] Polled module snapshot: {
  "module": "victron",
  "updated_at": "2026-07-25T03:22:19.473881",
  "status": "running",
  "device_count": 1,
  "sensor_count": 1,
  "sensor_types": {
    "Charger": 1
  }
}
2026-07-25 04:22:25,481 INFO [energy_monitor_core.module.victron] Polled module snapshot: {
  "module": "victron",
  "updated_at": "2026-07-25T03:22:25.480903",
  "status": "running",
  "device_count": 1,
  "sensor_count": 1,
  "sensor_types": {
    "Charger": 1
  }
}
2026-07-25 04:22:31,487 INFO [energy_monitor_core.module.victron] Polled module snapshot: {
  "module": "victron",
  "updated_at": "2026-07-25T03:22:31.487629",
  "status": "running",
  "device_count": 1,
  "sensor_count": 1,
  "sensor_types": {
    "Charger": 1
  }
}
2026-07-25 04:22:37,493 INFO [energy_monitor_core.module.victron] Polled module snapshot: {
  "module": "victron",
  "updated_at": "2026-07-25T03:22:37.492892",
  "status": "running",
  "device_count": 1,
  "sensor_count": 1,
  "sensor_types": {
    "Charger": 1
  }
}
2026-07-25 04:22:43,499 INFO [energy_monitor_core.module.victron] Polled module snapshot: {
  "module": "victron",
  "updated_at": "2026-07-25T03:22:43.498865",
  "status": "running",
  "device_count": 1,
  "sensor_count": 1,
  "sensor_types": {
    "Charger": 1
  }
}
2026-07-25 04:22:49,507 INFO [energy_monitor_core.module.victron] Polled module snapshot: {
  "module": "victron",
  "updated_at": "2026-07-25T03:22:49.506983",
  "status": "running",
  "device_count": 1,
  "sensor_count": 1,
  "sensor_types": {
    "Charger": 1
  }
}
2026-07-25 04:22:55,514 INFO [energy_monitor_core.module.victron] Polled module snapshot: {
  "module": "victron",
  "updated_at": "2026-07-25T03:22:55.513687",
  "status": "running",
  "device_count": 1,
  "sensor_count": 1,
  "sensor_types": {
    "Charger": 1
  }
}
2026-07-25 04:23:01,519 INFO [energy_monitor_core.module.victron] Polled module snapshot: {
  "module": "victron",
  "updated_at": "2026-07-25T03:23:01.519220",
  "status": "running",
  "device_count": 1,
  "sensor_count": 1,
  "sensor_types": {
    "Charger": 1
  }
}
2026-07-25 04:23:07,522 INFO [energy_monitor_core.module.victron] Polled module snapshot: {
  "module": "victron",
  "updated_at": "2026-07-25T03:23:07.522359",
  "status": "running",
  "device_count": 1,
  "sensor_count": 1,
  "sensor_types": {
    "Charger": 1
  }
}
2026-07-25 04:23:13,527 INFO [energy_monitor_core.module.victron] Polled module snapshot: {
  "module": "victron",
  "updated_at": "2026-07-25T03:23:13.526956",
  "status": "running",
  "device_count": 1,
  "sensor_count": 1,
  "sensor_types": {
    "Charger": 1
  }
}
2026-07-25 04:23:19,532 INFO [energy_monitor_core.module.victron] Polled module snapshot: {
  "module": "victron",
  "updated_at": "2026-07-25T03:23:19.532216",
  "status": "running",
  "device_count": 1,
  "sensor_count": 1,
  "sensor_types": {
    "Charger": 1
  }
}
2026-07-25 04:23:25,538 INFO [energy_monitor_core.module.victron] Polled module snapshot: {
  "module": "victron",
  "updated_at": "2026-07-25T03:23:25.538100",
  "status": "running",
  "device_count": 1,
  "sensor_count": 1,
  "sensor_types": {
    "Charger": 1
  }
}
2026-07-25 04:23:31,545 INFO [energy_monitor_core.module.victron] Polled module snapshot: {
  "module": "victron",
  "updated_at": "2026-07-25T03:23:31.544682",
  "status": "running",
  "device_count": 1,
  "sensor_count": 1,
  "sensor_types": {
    "Charger": 1
  }
}
2026-07-25 04:23:37,551 INFO [energy_monitor_core.module.victron] Polled module snapshot: {
  "module": "victron",
  "updated_at": "2026-07-25T03:23:37.551163",
  "status": "running",
  "device_count": 1,
  "sensor_count": 1,
  "sensor_types": {
    "Charger": 1
  }
}
2026-07-25 04:23:43,560 INFO [energy_monitor_core.module.victron] Polled module snapshot: {
  "module": "victron",
  "updated_at": "2026-07-25T03:23:43.560258",
  "status": "running",
  "device_count": 1,
  "sensor_count": 1,
  "sensor_types": {
    "Charger": 1
  }
}
2026-07-25 04:23:49,566 INFO [energy_monitor_core.module.victron] Polled module snapshot: {
  "module": "victron",
  "updated_at": "2026-07-25T03:23:49.565775",
  "status": "running",
  "device_count": 1,
  "sensor_count": 1,
  "sensor_types": {
    "Charger": 1
  }
}
2026-07-25 04:23:55,572 INFO [energy_monitor_core.module.victron] Polled module snapshot: {
  "module": "victron",
  "updated_at": "2026-07-25T03:23:55.571878",
  "status": "running",
  "device_count": 1,
  "sensor_count": 1,
  "sensor_types": {
    "Charger": 1
  }
}
2026-07-25 04:24:01,577 INFO [energy_monitor_core.module.victron] Polled module snapshot: {
  "module": "victron",
  "updated_at": "2026-07-25T03:24:01.577223",
  "status": "running",
  "device_count": 1,
  "sensor_count": 1,
  "sensor_types": {
    "Charger": 1
  }
}
2026-07-25 04:24:07,583 INFO [energy_monitor_core.module.victron] Polled module snapshot: {
  "module": "victron",
  "updated_at": "2026-07-25T03:24:07.583293",
  "status": "running",
  "device_count": 1,
  "sensor_count": 1,
  "sensor_types": {
    "Charger": 1
  }
}
2026-07-25 04:24:13,596 INFO [energy_monitor_core.module.victron] Polled module snapshot: {
  "module": "victron",
  "updated_at": "2026-07-25T03:24:13.596289",
  "status": "running",
  "device_count": 1,
  "sensor_count": 1,
  "sensor_types": {
    "Charger": 1
  }
}
2026-07-25 04:24:19,603 INFO [energy_monitor_core.module.victron] Polled module snapshot: {
  "module": "victron",
  "updated_at": "2026-07-25T03:24:19.603159",
  "status": "running",
  "device_count": 1,
  "sensor_count": 1,
  "sensor_types": {
    "Charger": 1
  }
}
2026-07-25 04:24:25,609 INFO [energy_monitor_core.module.victron] Polled module snapshot: {
  "module": "victron",
  "updated_at": "2026-07-25T03:24:25.609354",
  "status": "running",
  "device_count": 1,
  "sensor_count": 1,
  "sensor_types": {
    "Charger": 1
  }
}
2026-07-25 04:24:31,615 INFO [energy_monitor_core.module.victron] Polled module snapshot: {
  "module": "victron",
  "updated_at": "2026-07-25T03:24:31.615558",
  "status": "running",
  "device_count": 1,
  "sensor_count": 1,
  "sensor_types": {
    "Charger": 1
  }
}
2026-07-25 04:24:37,621 INFO [energy_monitor_core.module.victron] Polled module snapshot: {
  "module": "victron",
  "updated_at": "2026-07-25T03:24:37.621154",
  "status": "running",
  "device_count": 1,
  "sensor_count": 1,
  "sensor_types": {
    "Charger": 1
  }
}
2026-07-25 04:24:43,628 INFO [energy_monitor_core.module.victron] Polled module snapshot: {
  "module": "victron",
  "updated_at": "2026-07-25T03:24:43.628106",
  "status": "running",
  "device_count": 1,
  "sensor_count": 1,
  "sensor_types": {
    "Charger": 1
  }
}
2026-07-25 04:24:49,636 INFO [energy_monitor_core.module.victron] Polled module snapshot: {
  "module": "victron",
  "updated_at": "2026-07-25T03:24:49.635594",
  "status": "running",
  "device_count": 1,
  "sensor_count": 1,
  "sensor_types": {
    "Charger": 1
  }
}
2026-07-25 04:24:55,643 INFO [energy_monitor_core.module.victron] Polled module snapshot: {
  "module": "victron",
  "updated_at": "2026-07-25T03:24:55.642691",
  "status": "running",
  "device_count": 1,
  "sensor_count": 1,
  "sensor_types": {
    "Charger": 1
  }
}
2026-07-25 04:25:43,962 INFO [energy_monitor_core.module.victron] Module runtime started
2026-07-25 04:25:43,990 INFO [energy_monitor_core.module.victron] Polled module snapshot: {
  "module": "victron",
  "updated_at": "2026-07-25T03:25:43.989753",
  "status": "running",
  "device_count": 1,
  "sensor_count": 1,
  "sensor_types": {
    "Charger": 1
  }
}
2026-07-25 04:25:50,042 INFO [energy_monitor_core.module.victron] Polled module snapshot: {
  "module": "victron",
  "updated_at": "2026-07-25T03:25:50.041670",
  "status": "running",
  "device_count": 1,
  "sensor_count": 1,
  "sensor_types": {
    "Charger": 1
  }
}
2026-07-25 04:25:56,048 INFO [energy_monitor_core.module.victron] Polled module snapshot: {
  "module": "victron",
  "updated_at": "2026-07-25T03:25:56.047728",
  "status": "running",
  "device_count": 1,
  "sensor_count": 1,
  "sensor_types": {
    "Charger": 1
  }
}
2026-07-25 04:26:02,051 INFO [energy_monitor_core.module.victron] Polled module snapshot: {
  "module": "victron",
  "updated_at": "2026-07-25T03:26:02.051534",
  "status": "running",
  "device_count": 1,
  "sensor_count": 1,
  "sensor_types": {
    "Charger": 1
  }
}
2026-07-25 04:26:08,057 INFO [energy_monitor_core.module.victron] Polled module snapshot: {
  "module": "victron",
  "updated_at": "2026-07-25T03:26:08.056785",
  "status": "running",
  "device_count": 1,
  "sensor_count": 1,
  "sensor_types": {
    "Charger": 1
  }
}
2026-07-25 04:26:14,063 INFO [energy_monitor_core.module.victron] Polled module snapshot: {
  "module": "victron",
  "updated_at": "2026-07-25T03:26:14.062919",
  "status": "running",
  "device_count": 1,
  "sensor_count": 1,
  "sensor_types": {
    "Charger": 1
  }
}
2026-07-25 04:26:20,069 INFO [energy_monitor_core.module.victron] Polled module snapshot: {
  "module": "victron",
  "updated_at": "2026-07-25T03:26:20.069160",
  "status": "running",
  "device_count": 1,
  "sensor_count": 1,
  "sensor_types": {
    "Charger": 1
  }
}
2026-07-25 04:26:26,075 INFO [energy_monitor_core.module.victron] Polled module snapshot: {
  "module": "victron",
  "updated_at": "2026-07-25T03:26:26.074928",
  "status": "running",
  "device_count": 1,
  "sensor_count": 1,
  "sensor_types": {
    "Charger": 1
  }
}
2026-07-25 04:26:32,080 INFO [energy_monitor_core.module.victron] Polled module snapshot: {
  "module": "victron",
  "updated_at": "2026-07-25T03:26:32.080549",
  "status": "running",
  "device_count": 1,
  "sensor_count": 1,
  "sensor_types": {
    "Charger": 1
  }
}
2026-07-25 04:26:38,084 INFO [energy_monitor_core.module.victron] Polled module snapshot: {
  "module": "victron",
  "updated_at": "2026-07-25T03:26:38.084791",
  "status": "running",
  "device_count": 1,
  "sensor_count": 1,
  "sensor_types": {
    "Charger": 1
  }
}
2026-07-25 04:26:44,090 INFO [energy_monitor_core.module.victron] Polled module snapshot: {
  "module": "victron",
  "updated_at": "2026-07-25T03:26:44.089717",
  "status": "running",
  "device_count": 1,
  "sensor_count": 1,
  "sensor_types": {
    "Charger": 1
  }
}
2026-07-25 04:26:50,096 INFO [energy_monitor_core.module.victron] Polled module snapshot: {
  "module": "victron",
  "updated_at": "2026-07-25T03:26:50.095988",
  "status": "running",
  "device_count": 1,
  "sensor_count": 1,
  "sensor_types": {
    "Charger": 1
  }
}
2026-07-25 04:26:56,100 INFO [energy_monitor_core.module.victron] Polled module snapshot: {
  "module": "victron",
  "updated_at": "2026-07-25T03:26:56.100448",
  "status": "running",
  "device_count": 1,
  "sensor_count": 1,
  "sensor_types": {
    "Charger": 1
  }
}
2026-07-25 04:27:02,105 INFO [energy_monitor_core.module.victron] Polled module snapshot: {
  "module": "victron",
  "updated_at": "2026-07-25T03:27:02.105452",
  "status": "running",
  "device_count": 1,
  "sensor_count": 1,
  "sensor_types": {
    "Charger": 1
  }
}
2026-07-25 04:27:08,111 INFO [energy_monitor_core.module.victron] Polled module snapshot: {
  "module": "victron",
  "updated_at": "2026-07-25T03:27:08.111137",
  "status": "running",
  "device_count": 1,
  "sensor_count": 1,
  "sensor_types": {
    "Charger": 1
  }
}
2026-07-25 04:27:14,114 INFO [energy_monitor_core.module.victron] Polled module snapshot: {
  "module": "victron",
  "updated_at": "2026-07-25T03:27:14.114535",
  "status": "running",
  "device_count": 1,
  "sensor_count": 1,
  "sensor_types": {
    "Charger": 1
  }
}
2026-07-25 04:27:20,119 INFO [energy_monitor_core.module.victron] Polled module snapshot: {
  "module": "victron",
  "updated_at": "2026-07-25T03:27:20.119565",
  "status": "running",
  "device_count": 1,
  "sensor_count": 1,
  "sensor_types": {
    "Charger": 1
  }
}
2026-07-25 04:27:26,125 INFO [energy_monitor_core.module.victron] Polled module snapshot: {
  "module": "victron",
  "updated_at": "2026-07-25T03:27:26.125220",
  "status": "running",
  "device_count": 1,
  "sensor_count": 1,
  "sensor_types": {
    "Charger": 1
  }
}
2026-07-25 04:27:32,132 INFO [energy_monitor_core.module.victron] Polled module snapshot: {
  "module": "victron",
  "updated_at": "2026-07-25T03:27:32.132055",
  "status": "running",
  "device_count": 1,
  "sensor_count": 1,
  "sensor_types": {
    "Charger": 1
  }
}
2026-07-25 04:27:38,138 INFO [energy_monitor_core.module.victron] Polled module snapshot: {
  "module": "victron",
  "updated_at": "2026-07-25T03:27:38.137723",
  "status": "running",
  "device_count": 1,
  "sensor_count": 1,
  "sensor_types": {
    "Charger": 1
  }
}
2026-07-25 04:27:44,144 INFO [energy_monitor_core.module.victron] Polled module snapshot: {
  "module": "victron",
  "updated_at": "2026-07-25T03:27:44.144173",
  "status": "running",
  "device_count": 1,
  "sensor_count": 1,
  "sensor_types": {
    "Charger": 1
  }
}
2026-07-25 04:27:50,150 INFO [energy_monitor_core.module.victron] Polled module snapshot: {
  "module": "victron",
  "updated_at": "2026-07-25T03:27:50.149901",
  "status": "running",
  "device_count": 1,
  "sensor_count": 1,
  "sensor_types": {
    "Charger": 1
  }
}
2026-07-25 04:27:56,155 INFO [energy_monitor_core.module.victron] Polled module snapshot: {
  "module": "victron",
  "updated_at": "2026-07-25T03:27:56.155578",
  "status": "running",
  "device_count": 1,
  "sensor_count": 1,
  "sensor_types": {
    "Charger": 1
  }
}
2026-07-25 04:28:02,162 INFO [energy_monitor_core.module.victron] Polled module snapshot: {
  "module": "victron",
  "updated_at": "2026-07-25T03:28:02.162087",
  "status": "running",
  "device_count": 1,
  "sensor_count": 1,
  "sensor_types": {
    "Charger": 1
  }
}
2026-07-25 04:28:08,168 INFO [energy_monitor_core.module.victron] Polled module snapshot: {
  "module": "victron",
  "updated_at": "2026-07-25T03:28:08.167713",
  "status": "running",
  "device_count": 1,
  "sensor_count": 1,
  "sensor_types": {
    "Charger": 1
  }
}
2026-07-25 04:28:14,173 INFO [energy_monitor_core.module.victron] Polled module snapshot: {
  "module": "victron",
  "updated_at": "2026-07-25T03:28:14.173632",
  "status": "running",
  "device_count": 1,
  "sensor_count": 1,
  "sensor_types": {
    "Charger": 1
  }
}
2026-07-25 04:28:20,181 INFO [energy_monitor_core.module.victron] Polled module snapshot: {
  "module": "victron",
  "updated_at": "2026-07-25T03:28:20.180745",
  "status": "running",
  "device_count": 1,
  "sensor_count": 1,
  "sensor_types": {
    "Charger": 1
  }
}
2026-07-25 04:28:26,187 INFO [energy_monitor_core.module.victron] Polled module snapshot: {
  "module": "victron",
  "updated_at": "2026-07-25T03:28:26.186871",
  "status": "running",
  "device_count": 1,
  "sensor_count": 1,
  "sensor_types": {
    "Charger": 1
  }
}
2026-07-25 04:28:32,194 INFO [energy_monitor_core.module.victron] Polled module snapshot: {
  "module": "victron",
  "updated_at": "2026-07-25T03:28:32.194364",
  "status": "running",
  "device_count": 1,
  "sensor_count": 1,
  "sensor_types": {
    "Charger": 1
  }
}
2026-07-25 04:28:38,200 INFO [energy_monitor_core.module.victron] Polled module snapshot: {
  "module": "victron",
  "updated_at": "2026-07-25T03:28:38.200267",
  "status": "running",
  "device_count": 1,
  "sensor_count": 1,
  "sensor_types": {
    "Charger": 1
  }
}
2026-07-25 04:28:44,206 INFO [energy_monitor_core.module.victron] Polled module snapshot: {
  "module": "victron",
  "updated_at": "2026-07-25T03:28:44.206193",
  "status": "running",
  "device_count": 1,
  "sensor_count": 1,
  "sensor_types": {
    "Charger": 1
  }
}
2026-07-25 04:28:50,212 INFO [energy_monitor_core.module.victron] Polled module snapshot: {
  "module": "victron",
  "updated_at": "2026-07-25T03:28:50.212174",
  "status": "running",
  "device_count": 1,
  "sensor_count": 1,
  "sensor_types": {
    "Charger": 1
  }
}
2026-07-25 04:28:56,218 INFO [energy_monitor_core.module.victron] Polled module snapshot: {
  "module": "victron",
  "updated_at": "2026-07-25T03:28:56.218075",
  "status": "running",
  "device_count": 1,
  "sensor_count": 1,
  "sensor_types": {
    "Charger": 1
  }
}
2026-07-25 04:29:06,469 INFO [energy_monitor_core.module.victron] Module runtime started
2026-07-25 04:29:06,565 INFO [energy_monitor_core.module.victron] Polled module snapshot: {
  "module": "victron",
  "updated_at": "2026-07-25T03:29:06.564907",
  "status": "running",
  "device_count": 1,
  "sensor_count": 1,
  "sensor_types": {
    "Charger": 1
  }
}
2026-07-25 04:29:12,576 INFO [energy_monitor_core.module.victron] Polled module snapshot: {
  "module": "victron",
  "updated_at": "2026-07-25T03:29:12.575672",
  "status": "running",
  "device_count": 1,
  "sensor_count": 1,
  "sensor_types": {
    "Charger": 1
  }
}
2026-07-25 04:29:18,586 INFO [energy_monitor_core.module.victron] Polled module snapshot: {
  "module": "victron",
  "updated_at": "2026-07-25T03:29:18.586509",
  "status": "running",
  "device_count": 1,
  "sensor_count": 1,
  "sensor_types": {
    "Charger": 1
  }
}
2026-07-25 04:29:24,593 INFO [energy_monitor_core.module.victron] Polled module snapshot: {
  "module": "victron",
  "updated_at": "2026-07-25T03:29:24.593068",
  "status": "running",
  "device_count": 1,
  "sensor_count": 1,
  "sensor_types": {
    "Charger": 1
  }
}
2026-07-25 04:29:30,599 INFO [energy_monitor_core.module.victron] Polled module snapshot: {
  "module": "victron",
  "updated_at": "2026-07-25T03:29:30.599301",
  "status": "running",
  "device_count": 1,
  "sensor_count": 1,
  "sensor_types": {
    "Charger": 1
  }
}
2026-07-25 04:29:36,605 INFO [energy_monitor_core.module.victron] Polled module snapshot: {
  "module": "victron",
  "updated_at": "2026-07-25T03:29:36.605644",
  "status": "running",
  "device_count": 1,
  "sensor_count": 1,
  "sensor_types": {
    "Charger": 1
  }
}
2026-07-25 04:29:42,612 INFO [energy_monitor_core.module.victron] Polled module snapshot: {
  "module": "victron",
  "updated_at": "2026-07-25T03:29:42.611755",
  "status": "running",
  "device_count": 1,
  "sensor_count": 1,
  "sensor_types": {
    "Charger": 1
  }
}
2026-07-25 04:29:48,618 INFO [energy_monitor_core.module.victron] Polled module snapshot: {
  "module": "victron",
  "updated_at": "2026-07-25T03:29:48.617891",
  "status": "running",
  "device_count": 1,
  "sensor_count": 1,
  "sensor_types": {
    "Charger": 1
  }
}
2026-07-25 04:29:54,625 INFO [energy_monitor_core.module.victron] Polled module snapshot: {
  "module": "victron",
  "updated_at": "2026-07-25T03:29:54.624827",
  "status": "running",
  "device_count": 1,
  "sensor_count": 1,
  "sensor_types": {
    "Charger": 1
  }
}
2026-07-25 04:30:00,633 INFO [energy_monitor_core.module.victron] Polled module snapshot: {
  "module": "victron",
  "updated_at": "2026-07-25T03:30:00.632711",
  "status": "running",
  "device_count": 1,
  "sensor_count": 1,
  "sensor_types": {
    "Charger": 1
  }
}
2026-07-25 04:30:06,639 INFO [energy_monitor_core.module.victron] Polled module snapshot: {
  "module": "victron",
  "updated_at": "2026-07-25T03:30:06.639308",
  "status": "running",
  "device_count": 1,
  "sensor_count": 1,
  "sensor_types": {
    "Charger": 1
  }
}
2026-07-25 04:30:12,646 INFO [energy_monitor_core.module.victron] Polled module snapshot: {
  "module": "victron",
  "updated_at": "2026-07-25T03:30:12.646558",
  "status": "running",
  "device_count": 1,
  "sensor_count": 1,
  "sensor_types": {
    "Charger": 1
  }
}
2026-07-25 04:30:18,654 INFO [energy_monitor_core.module.victron] Polled module snapshot: {
  "module": "victron",
  "updated_at": "2026-07-25T03:30:18.653728",
  "status": "running",
  "device_count": 1,
  "sensor_count": 1,
  "sensor_types": {
    "Charger": 1
  }
}
2026-07-25 04:30:24,661 INFO [energy_monitor_core.module.victron] Polled module snapshot: {
  "module": "victron",
  "updated_at": "2026-07-25T03:30:24.660998",
  "status": "running",
  "device_count": 1,
  "sensor_count": 1,
  "sensor_types": {
    "Charger": 1
  }
}
2026-07-25 04:30:30,668 INFO [energy_monitor_core.module.victron] Polled module snapshot: {
  "module": "victron",
  "updated_at": "2026-07-25T03:30:30.667975",
  "status": "running",
  "device_count": 1,
  "sensor_count": 1,
  "sensor_types": {
    "Charger": 1
  }
}
2026-07-25 04:30:36,675 INFO [energy_monitor_core.module.victron] Polled module snapshot: {
  "module": "victron",
  "updated_at": "2026-07-25T03:30:36.675310",
  "status": "running",
  "device_count": 1,
  "sensor_count": 1,
  "sensor_types": {
    "Charger": 1
  }
}
2026-07-25 04:30:42,682 INFO [energy_monitor_core.module.victron] Polled module snapshot: {
  "module": "victron",
  "updated_at": "2026-07-25T03:30:42.682321",
  "status": "running",
  "device_count": 1,
  "sensor_count": 1,
  "sensor_types": {
    "Charger": 1
  }
}
2026-07-25 04:30:48,689 INFO [energy_monitor_core.module.victron] Polled module snapshot: {
  "module": "victron",
  "updated_at": "2026-07-25T03:30:48.688776",
  "status": "running",
  "device_count": 1,
  "sensor_count": 1,
  "sensor_types": {
    "Charger": 1
  }
}
2026-07-25 04:30:54,696 INFO [energy_monitor_core.module.victron] Polled module snapshot: {
  "module": "victron",
  "updated_at": "2026-07-25T03:30:54.696500",
  "status": "running",
  "device_count": 1,
  "sensor_count": 1,
  "sensor_types": {
    "Charger": 1
  }
}
2026-07-25 04:31:00,702 INFO [energy_monitor_core.module.victron] Polled module snapshot: {
  "module": "victron",
  "updated_at": "2026-07-25T03:31:00.702636",
  "status": "running",
  "device_count": 1,
  "sensor_count": 1,
  "sensor_types": {
    "Charger": 1
  }
}
2026-07-25 04:31:06,709 INFO [energy_monitor_core.module.victron] Polled module snapshot: {
  "module": "victron",
  "updated_at": "2026-07-25T03:31:06.709083",
  "status": "running",
  "device_count": 1,
  "sensor_count": 1,
  "sensor_types": {
    "Charger": 1
  }
}
2026-07-25 04:31:12,716 INFO [energy_monitor_core.module.victron] Polled module snapshot: {
  "module": "victron",
  "updated_at": "2026-07-25T03:31:12.715824",
  "status": "running",
  "device_count": 1,
  "sensor_count": 1,
  "sensor_types": {
    "Charger": 1
  }
}
2026-07-25 04:31:18,722 INFO [energy_monitor_core.module.victron] Polled module snapshot: {
  "module": "victron",
  "updated_at": "2026-07-25T03:31:18.722163",
  "status": "running",
  "device_count": 1,
  "sensor_count": 1,
  "sensor_types": {
    "Charger": 1
  }
}
2026-07-25 04:31:24,735 INFO [energy_monitor_core.module.victron] Polled module snapshot: {
  "module": "victron",
  "updated_at": "2026-07-25T03:31:24.735603",
  "status": "running",
  "device_count": 1,
  "sensor_count": 1,
  "sensor_types": {
    "Charger": 1
  }
}
2026-07-25 04:31:30,742 INFO [energy_monitor_core.module.victron] Polled module snapshot: {
  "module": "victron",
  "updated_at": "2026-07-25T03:31:30.742352",
  "status": "running",
  "device_count": 1,
  "sensor_count": 1,
  "sensor_types": {
    "Charger": 1
  }
}
2026-07-25 04:31:36,750 INFO [energy_monitor_core.module.victron] Polled module snapshot: {
  "module": "victron",
  "updated_at": "2026-07-25T03:31:36.749703",
  "status": "running",
  "device_count": 1,
  "sensor_count": 1,
  "sensor_types": {
    "Charger": 1
  }
}
2026-07-25 04:31:42,757 INFO [energy_monitor_core.module.victron] Polled module snapshot: {
  "module": "victron",
  "updated_at": "2026-07-25T03:31:42.757030",
  "status": "running",
  "device_count": 1,
  "sensor_count": 1,
  "sensor_types": {
    "Charger": 1
  }
}
2026-07-25 04:31:48,764 INFO [energy_monitor_core.module.victron] Polled module snapshot: {
  "module": "victron",
  "updated_at": "2026-07-25T03:31:48.763908",
  "status": "running",
  "device_count": 1,
  "sensor_count": 1,
  "sensor_types": {
    "Charger": 1
  }
}
2026-07-25 04:31:54,772 INFO [energy_monitor_core.module.victron] Polled module snapshot: {
  "module": "victron",
  "updated_at": "2026-07-25T03:31:54.770978",
  "status": "running",
  "device_count": 1,
  "sensor_count": 1,
  "sensor_types": {
    "Charger": 1
  }
}
2026-07-25 04:32:00,776 INFO [energy_monitor_core.module.victron] Polled module snapshot: {
  "module": "victron",
  "updated_at": "2026-07-25T03:32:00.775908",
  "status": "running",
  "device_count": 1,
  "sensor_count": 1,
  "sensor_types": {
    "Charger": 1
  }
}
2026-07-25 04:32:06,781 INFO [energy_monitor_core.module.victron] Polled module snapshot: {
  "module": "victron",
  "updated_at": "2026-07-25T03:32:06.781593",
  "status": "running",
  "device_count": 1,
  "sensor_count": 1,
  "sensor_types": {
    "Charger": 1
  }
}
2026-07-25 04:32:12,788 INFO [energy_monitor_core.module.victron] Polled module snapshot: {
  "module": "victron",
  "updated_at": "2026-07-25T03:32:12.787811",
  "status": "running",
  "device_count": 1,
  "sensor_count": 1,
  "sensor_types": {
    "Charger": 1
  }
}
2026-07-25 04:32:18,796 INFO [energy_monitor_core.module.victron] Polled module snapshot: {
  "module": "victron",
  "updated_at": "2026-07-25T03:32:18.795680",
  "status": "running",
  "device_count": 1,
  "sensor_count": 1,
  "sensor_types": {
    "Charger": 1
  }
}
2026-07-25 04:32:24,802 INFO [energy_monitor_core.module.victron] Polled module snapshot: {
  "module": "victron",
  "updated_at": "2026-07-25T03:32:24.801948",
  "status": "running",
  "device_count": 1,
  "sensor_count": 1,
  "sensor_types": {
    "Charger": 1
  }
}
2026-07-25 04:32:30,808 INFO [energy_monitor_core.module.victron] Polled module snapshot: {
  "module": "victron",
  "updated_at": "2026-07-25T03:32:30.807964",
  "status": "running",
  "device_count": 1,
  "sensor_count": 1,
  "sensor_types": {
    "Charger": 1
  }
}
2026-07-25 04:32:36,822 INFO [energy_monitor_core.module.victron] Polled module snapshot: {
  "module": "victron",
  "updated_at": "2026-07-25T03:32:36.821732",
  "status": "running",
  "device_count": 1,
  "sensor_count": 1,
  "sensor_types": {
    "Charger": 1
  }
}
2026-07-25 04:32:42,832 INFO [energy_monitor_core.module.victron] Polled module snapshot: {
  "module": "victron",
  "updated_at": "2026-07-25T03:32:42.832128",
  "status": "running",
  "device_count": 1,
  "sensor_count": 1,
  "sensor_types": {
    "Charger": 1
  }
}
2026-07-25 04:32:48,841 INFO [energy_monitor_core.module.victron] Polled module snapshot: {
  "module": "victron",
  "updated_at": "2026-07-25T03:32:48.841186",
  "status": "running",
  "device_count": 1,
  "sensor_count": 1,
  "sensor_types": {
    "Charger": 1
  }
}
2026-07-25 04:32:54,850 INFO [energy_monitor_core.module.victron] Polled module snapshot: {
  "module": "victron",
  "updated_at": "2026-07-25T03:32:54.850376",
  "status": "running",
  "device_count": 1,
  "sensor_count": 1,
  "sensor_types": {
    "Charger": 1
  }
}
2026-07-25 04:33:00,858 INFO [energy_monitor_core.module.victron] Polled module snapshot: {
  "module": "victron",
  "updated_at": "2026-07-25T03:33:00.857668",
  "status": "running",
  "device_count": 1,
  "sensor_count": 1,
  "sensor_types": {
    "Charger": 1
  }
}
2026-07-25 04:33:06,872 INFO [energy_monitor_core.module.victron] Polled module snapshot: {
  "module": "victron",
  "updated_at": "2026-07-25T03:33:06.872201",
  "status": "running",
  "device_count": 1,
  "sensor_count": 1,
  "sensor_types": {
    "Charger": 1
  }
}
2026-07-25 04:33:12,880 INFO [energy_monitor_core.module.victron] Polled module snapshot: {
  "module": "victron",
  "updated_at": "2026-07-25T03:33:12.880293",
  "status": "running",
  "device_count": 1,
  "sensor_count": 1,
  "sensor_types": {
    "Charger": 1
  }
}
2026-07-25 04:33:18,887 INFO [energy_monitor_core.module.victron] Polled module snapshot: {
  "module": "victron",
  "updated_at": "2026-07-25T03:33:18.887514",
  "status": "running",
  "device_count": 1,
  "sensor_count": 1,
  "sensor_types": {
    "Charger": 1
  }
}
2026-07-25 04:33:24,894 INFO [energy_monitor_core.module.victron] Polled module snapshot: {
  "module": "victron",
  "updated_at": "2026-07-25T03:33:24.894512",
  "status": "running",
  "device_count": 1,
  "sensor_count": 1,
  "sensor_types": {
    "Charger": 1
  }
}
2026-07-25 04:33:30,902 INFO [energy_monitor_core.module.victron] Polled module snapshot: {
  "module": "victron",
  "updated_at": "2026-07-25T03:33:30.902257",
  "status": "running",
  "device_count": 1,
  "sensor_count": 1,
  "sensor_types": {
    "Charger": 1
  }
}
2026-07-25 04:33:36,909 INFO [energy_monitor_core.module.victron] Polled module snapshot: {
  "module": "victron",
  "updated_at": "2026-07-25T03:33:36.909371",
  "status": "running",
  "device_count": 1,
  "sensor_count": 1,
  "sensor_types": {
    "Charger": 1
  }
}
2026-07-25 04:33:42,918 INFO [energy_monitor_core.module.victron] Polled module snapshot: {
  "module": "victron",
  "updated_at": "2026-07-25T03:33:42.918077",
  "status": "running",
  "device_count": 1,
  "sensor_count": 1,
  "sensor_types": {
    "Charger": 1
  }
}
2026-07-25 04:33:48,925 INFO [energy_monitor_core.module.victron] Polled module snapshot: {
  "module": "victron",
  "updated_at": "2026-07-25T03:33:48.925440",
  "status": "running",
  "device_count": 1,
  "sensor_count": 1,
  "sensor_types": {
    "Charger": 1
  }
}
2026-07-25 04:33:54,933 INFO [energy_monitor_core.module.victron] Polled module snapshot: {
  "module": "victron",
  "updated_at": "2026-07-25T03:33:54.932893",
  "status": "running",
  "device_count": 1,
  "sensor_count": 1,
  "sensor_types": {
    "Charger": 1
  }
}
2026-07-25 04:34:00,940 INFO [energy_monitor_core.module.victron] Polled module snapshot: {
  "module": "victron",
  "updated_at": "2026-07-25T03:34:00.940661",
  "status": "running",
  "device_count": 1,
  "sensor_count": 1,
  "sensor_types": {
    "Charger": 1
  }
}
2026-07-25 04:34:06,948 INFO [energy_monitor_core.module.victron] Polled module snapshot: {
  "module": "victron",
  "updated_at": "2026-07-25T03:34:06.947591",
  "status": "running",
  "device_count": 1,
  "sensor_count": 1,
  "sensor_types": {
    "Charger": 1
  }
}
2026-07-25 04:34:12,954 INFO [energy_monitor_core.module.victron] Polled module snapshot: {
  "module": "victron",
  "updated_at": "2026-07-25T03:34:12.954198",
  "status": "running",
  "device_count": 1,
  "sensor_count": 1,
  "sensor_types": {
    "Charger": 1
  }
}
2026-07-25 04:34:18,961 INFO [energy_monitor_core.module.victron] Polled module snapshot: {
  "module": "victron",
  "updated_at": "2026-07-25T03:34:18.961413",
  "status": "running",
  "device_count": 1,
  "sensor_count": 1,
  "sensor_types": {
    "Charger": 1
  }
}
2026-07-25 04:34:24,967 INFO [energy_monitor_core.module.victron] Polled module snapshot: {
  "module": "victron",
  "updated_at": "2026-07-25T03:34:24.967440",
  "status": "running",
  "device_count": 1,
  "sensor_count": 1,
  "sensor_types": {
    "Charger": 1
  }
}
2026-07-25 04:34:30,973 INFO [energy_monitor_core.module.victron] Polled module snapshot: {
  "module": "victron",
  "updated_at": "2026-07-25T03:34:30.973614",
  "status": "running",
  "device_count": 1,
  "sensor_count": 1,
  "sensor_types": {
    "Charger": 1
  }
}
2026-07-25 04:34:36,981 INFO [energy_monitor_core.module.victron] Polled module snapshot: {
  "module": "victron",
  "updated_at": "2026-07-25T03:34:36.981475",
  "status": "running",
  "device_count": 1,
  "sensor_count": 1,
  "sensor_types": {
    "Charger": 1
  }
}
2026-07-25 04:34:42,992 INFO [energy_monitor_core.module.victron] Polled module snapshot: {
  "module": "victron",
  "updated_at": "2026-07-25T03:34:42.991805",
  "status": "running",
  "device_count": 1,
  "sensor_count": 1,
  "sensor_types": {
    "Charger": 1
  }
}
2026-07-25 04:34:49,000 INFO [energy_monitor_core.module.victron] Polled module snapshot: {
  "module": "victron",
  "updated_at": "2026-07-25T03:34:48.999880",
  "status": "running",
  "device_count": 1,
  "sensor_count": 1,
  "sensor_types": {
    "Charger": 1
  }
}
2026-07-25 04:34:55,007 INFO [energy_monitor_core.module.victron] Polled module snapshot: {
  "module": "victron",
  "updated_at": "2026-07-25T03:34:55.007154",
  "status": "running",
  "device_count": 1,
  "sensor_count": 1,
  "sensor_types": {
    "Charger": 1
  }
}
2026-07-25 04:35:01,014 INFO [energy_monitor_core.module.victron] Polled module snapshot: {
  "module": "victron",
  "updated_at": "2026-07-25T03:35:01.013789",
  "status": "running",
  "device_count": 1,
  "sensor_count": 1,
  "sensor_types": {
    "Charger": 1
  }
}
2026-07-25 04:35:07,017 INFO [energy_monitor_core.module.victron] Polled module snapshot: {
  "module": "victron",
  "updated_at": "2026-07-25T03:35:07.017417",
  "status": "running",
  "device_count": 1,
  "sensor_count": 1,
  "sensor_types": {
    "Charger": 1
  }
}
2026-07-25 04:35:13,023 INFO [energy_monitor_core.module.victron] Polled module snapshot: {
  "module": "victron",
  "updated_at": "2026-07-25T03:35:13.022875",
  "status": "running",
  "device_count": 1,
  "sensor_count": 1,
  "sensor_types": {
    "Charger": 1
  }
}
2026-07-25 04:35:19,029 INFO [energy_monitor_core.module.victron] Polled module snapshot: {
  "module": "victron",
  "updated_at": "2026-07-25T03:35:19.029187",
  "status": "running",
  "device_count": 1,
  "sensor_count": 1,
  "sensor_types": {
    "Charger": 1
  }
}
2026-07-25 04:35:25,036 INFO [energy_monitor_core.module.victron] Polled module snapshot: {
  "module": "victron",
  "updated_at": "2026-07-25T03:35:25.036251",
  "status": "running",
  "device_count": 1,
  "sensor_count": 1,
  "sensor_types": {
    "Charger": 1
  }
}
2026-07-25 04:35:31,044 INFO [energy_monitor_core.module.victron] Polled module snapshot: {
  "module": "victron",
  "updated_at": "2026-07-25T03:35:31.043713",
  "status": "running",
  "device_count": 1,
  "sensor_count": 1,
  "sensor_types": {
    "Charger": 1
  }
}
2026-07-25 04:35:37,052 INFO [energy_monitor_core.module.victron] Polled module snapshot: {
  "module": "victron",
  "updated_at": "2026-07-25T03:35:37.051656",
  "status": "running",
  "device_count": 1,
  "sensor_count": 1,
  "sensor_types": {
    "Charger": 1
  }
}
2026-07-25 04:35:43,060 INFO [energy_monitor_core.module.victron] Polled module snapshot: {
  "module": "victron",
  "updated_at": "2026-07-25T03:35:43.059844",
  "status": "running",
  "device_count": 1,
  "sensor_count": 1,
  "sensor_types": {
    "Charger": 1
  }
}
2026-07-25 04:35:49,067 INFO [energy_monitor_core.module.victron] Polled module snapshot: {
  "module": "victron",
  "updated_at": "2026-07-25T03:35:49.067497",
  "status": "running",
  "device_count": 1,
  "sensor_count": 1,
  "sensor_types": {
    "Charger": 1
  }
}
2026-07-25 04:35:55,074 INFO [energy_monitor_core.module.victron] Polled module snapshot: {
  "module": "victron",
  "updated_at": "2026-07-25T03:35:55.074175",
  "status": "running",
  "device_count": 1,
  "sensor_count": 1,
  "sensor_types": {
    "Charger": 1
  }
}
2026-07-25 04:36:01,082 INFO [energy_monitor_core.module.victron] Polled module snapshot: {
  "module": "victron",
  "updated_at": "2026-07-25T03:36:01.082458",
  "status": "running",
  "device_count": 1,
  "sensor_count": 1,
  "sensor_types": {
    "Charger": 1
  }
}
2026-07-25 04:36:07,087 INFO [energy_monitor_core.module.victron] Polled module snapshot: {
  "module": "victron",
  "updated_at": "2026-07-25T03:36:07.086911",
  "status": "running",
  "device_count": 1,
  "sensor_count": 1,
  "sensor_types": {
    "Charger": 1
  }
}
2026-07-25 04:36:13,093 INFO [energy_monitor_core.module.victron] Polled module snapshot: {
  "module": "victron",
  "updated_at": "2026-07-25T03:36:13.093298",
  "status": "running",
  "device_count": 1,
  "sensor_count": 1,
  "sensor_types": {
    "Charger": 1
  }
}
2026-07-25 04:36:19,100 INFO [energy_monitor_core.module.victron] Polled module snapshot: {
  "module": "victron",
  "updated_at": "2026-07-25T03:36:19.100471",
  "status": "running",
  "device_count": 1,
  "sensor_count": 1,
  "sensor_types": {
    "Charger": 1
  }
}
2026-07-25 04:36:25,107 INFO [energy_monitor_core.module.victron] Polled module snapshot: {
  "module": "victron",
  "updated_at": "2026-07-25T03:36:25.107179",
  "status": "running",
  "device_count": 1,
  "sensor_count": 1,
  "sensor_types": {
    "Charger": 1
  }
}
2026-07-25 04:36:31,115 INFO [energy_monitor_core.module.victron] Polled module snapshot: {
  "module": "victron",
  "updated_at": "2026-07-25T03:36:31.115132",
  "status": "running",
  "device_count": 1,
  "sensor_count": 1,
  "sensor_types": {
    "Charger": 1
  }
}
2026-07-25 04:36:37,122 INFO [energy_monitor_core.module.victron] Polled module snapshot: {
  "module": "victron",
  "updated_at": "2026-07-25T03:36:37.122343",
  "status": "running",
  "device_count": 1,
  "sensor_count": 1,
  "sensor_types": {
    "Charger": 1
  }
}
2026-07-25 04:36:43,130 INFO [energy_monitor_core.module.victron] Polled module snapshot: {
  "module": "victron",
  "updated_at": "2026-07-25T03:36:43.130149",
  "status": "running",
  "device_count": 1,
  "sensor_count": 1,
  "sensor_types": {
    "Charger": 1
  }
}
2026-07-25 04:36:49,138 INFO [energy_monitor_core.module.victron] Polled module snapshot: {
  "module": "victron",
  "updated_at": "2026-07-25T03:36:49.137810",
  "status": "running",
  "device_count": 1,
  "sensor_count": 1,
  "sensor_types": {
    "Charger": 1
  }
}
2026-07-25 04:36:55,144 INFO [energy_monitor_core.module.victron] Polled module snapshot: {
  "module": "victron",
  "updated_at": "2026-07-25T03:36:55.144124",
  "status": "running",
  "device_count": 1,
  "sensor_count": 1,
  "sensor_types": {
    "Charger": 1
  }
}
2026-07-25 04:37:01,150 INFO [energy_monitor_core.module.victron] Polled module snapshot: {
  "module": "victron",
  "updated_at": "2026-07-25T03:37:01.150375",
  "status": "running",
  "device_count": 1,
  "sensor_count": 1,
  "sensor_types": {
    "Charger": 1
  }
}
2026-07-25 04:37:07,156 INFO [energy_monitor_core.module.victron] Polled module snapshot: {
  "module": "victron",
  "updated_at": "2026-07-25T03:37:07.156468",
  "status": "running",
  "device_count": 1,
  "sensor_count": 1,
  "sensor_types": {
    "Charger": 1
  }
}
2026-07-25 04:37:13,162 INFO [energy_monitor_core.module.victron] Polled module snapshot: {
  "module": "victron",
  "updated_at": "2026-07-25T03:37:13.162533",
  "status": "running",
  "device_count": 1,
  "sensor_count": 1,
  "sensor_types": {
    "Charger": 1
  }
}
2026-07-25 04:37:19,170 INFO [energy_monitor_core.module.victron] Polled module snapshot: {
  "module": "victron",
  "updated_at": "2026-07-25T03:37:19.169659",
  "status": "running",
  "device_count": 1,
  "sensor_count": 1,
  "sensor_types": {
    "Charger": 1
  }
}
2026-07-25 04:37:25,177 INFO [energy_monitor_core.module.victron] Polled module snapshot: {
  "module": "victron",
  "updated_at": "2026-07-25T03:37:25.177485",
  "status": "running",
  "device_count": 1,
  "sensor_count": 1,
  "sensor_types": {
    "Charger": 1
  }
}
2026-07-25 04:37:31,187 INFO [energy_monitor_core.module.victron] Polled module snapshot: {
  "module": "victron",
  "updated_at": "2026-07-25T03:37:31.187420",
  "status": "running",
  "device_count": 1,
  "sensor_count": 1,
  "sensor_types": {
    "Charger": 1
  }
}
2026-07-25 04:37:37,202 INFO [energy_monitor_core.module.victron] Polled module snapshot: {
  "module": "victron",
  "updated_at": "2026-07-25T03:37:37.202511",
  "status": "running",
  "device_count": 1,
  "sensor_count": 1,
  "sensor_types": {
    "Charger": 1
  }
}
2026-07-25 04:37:43,220 INFO [energy_monitor_core.module.victron] Polled module snapshot: {
  "module": "victron",
  "updated_at": "2026-07-25T03:37:43.219899",
  "status": "running",
  "device_count": 1,
  "sensor_count": 1,
  "sensor_types": {
    "Charger": 1
  }
}
2026-07-25 04:37:49,229 INFO [energy_monitor_core.module.victron] Polled module snapshot: {
  "module": "victron",
  "updated_at": "2026-07-25T03:37:49.228634",
  "status": "running",
  "device_count": 1,
  "sensor_count": 1,
  "sensor_types": {
    "Charger": 1
  }
}
2026-07-25 04:37:55,237 INFO [energy_monitor_core.module.victron] Polled module snapshot: {
  "module": "victron",
  "updated_at": "2026-07-25T03:37:55.236690",
  "status": "running",
  "device_count": 1,
  "sensor_count": 1,
  "sensor_types": {
    "Charger": 1
  }
}
2026-07-25 04:38:01,245 INFO [energy_monitor_core.module.victron] Polled module snapshot: {
  "module": "victron",
  "updated_at": "2026-07-25T03:38:01.245471",
  "status": "running",
  "device_count": 1,
  "sensor_count": 1,
  "sensor_types": {
    "Charger": 1
  }
}
2026-07-25 04:38:07,260 INFO [energy_monitor_core.module.victron] Polled module snapshot: {
  "module": "victron",
  "updated_at": "2026-07-25T03:38:07.259684",
  "status": "running",
  "device_count": 1,
  "sensor_count": 1,
  "sensor_types": {
    "Charger": 1
  }
}
2026-07-25 04:38:13,278 INFO [energy_monitor_core.module.victron] Polled module snapshot: {
  "module": "victron",
  "updated_at": "2026-07-25T03:38:13.277586",
  "status": "running",
  "device_count": 1,
  "sensor_count": 1,
  "sensor_types": {
    "Charger": 1
  }
}
2026-07-25 04:38:19,295 INFO [energy_monitor_core.module.victron] Polled module snapshot: {
  "module": "victron",
  "updated_at": "2026-07-25T03:38:19.295056",
  "status": "running",
  "device_count": 1,
  "sensor_count": 1,
  "sensor_types": {
    "Charger": 1
  }
}
2026-07-25 04:38:25,302 INFO [energy_monitor_core.module.victron] Polled module snapshot: {
  "module": "victron",
  "updated_at": "2026-07-25T03:38:25.302305",
  "status": "running",
  "device_count": 1,
  "sensor_count": 1,
  "sensor_types": {
    "Charger": 1
  }
}
2026-07-25 04:38:31,325 INFO [energy_monitor_core.module.victron] Polled module snapshot: {
  "module": "victron",
  "updated_at": "2026-07-25T03:38:31.325338",
  "status": "running",
  "device_count": 1,
  "sensor_count": 1,
  "sensor_types": {
    "Charger": 1
  }
}
2026-07-25 04:38:37,342 INFO [energy_monitor_core.module.victron] Polled module snapshot: {
  "module": "victron",
  "updated_at": "2026-07-25T03:38:37.342239",
  "status": "running",
  "device_count": 1,
  "sensor_count": 1,
  "sensor_types": {
    "Charger": 1
  }
}
2026-07-25 04:38:43,348 INFO [energy_monitor_core.module.victron] Polled module snapshot: {
  "module": "victron",
  "updated_at": "2026-07-25T03:38:43.348537",
  "status": "running",
  "device_count": 1,
  "sensor_count": 1,
  "sensor_types": {
    "Charger": 1
  }
}
2026-07-25 04:38:49,352 INFO [energy_monitor_core.module.victron] Polled module snapshot: {
  "module": "victron",
  "updated_at": "2026-07-25T03:38:49.352155",
  "status": "running",
  "device_count": 1,
  "sensor_count": 1,
  "sensor_types": {
    "Charger": 1
  }
}
2026-07-25 04:38:55,358 INFO [energy_monitor_core.module.victron] Polled module snapshot: {
  "module": "victron",
  "updated_at": "2026-07-25T03:38:55.357769",
  "status": "running",
  "device_count": 1,
  "sensor_count": 1,
  "sensor_types": {
    "Charger": 1
  }
}
2026-07-25 04:39:01,380 INFO [energy_monitor_core.module.victron] Polled module snapshot: {
  "module": "victron",
  "updated_at": "2026-07-25T03:39:01.379684",
  "status": "running",
  "device_count": 1,
  "sensor_count": 1,
  "sensor_types": {
    "Charger": 1
  }
}
2026-07-25 04:39:07,490 INFO [energy_monitor_core.module.victron] Polled module snapshot: {
  "module": "victron",
  "updated_at": "2026-07-25T03:39:07.490066",
  "status": "running",
  "device_count": 1,
  "sensor_count": 1,
  "sensor_types": {
    "Charger": 1
  }
}
2026-07-25 04:39:13,497 INFO [energy_monitor_core.module.victron] Polled module snapshot: {
  "module": "victron",
  "updated_at": "2026-07-25T03:39:13.497029",
  "status": "running",
  "device_count": 1,
  "sensor_count": 1,
  "sensor_types": {
    "Charger": 1
  }
}
2026-07-25 04:39:19,504 INFO [energy_monitor_core.module.victron] Polled module snapshot: {
  "module": "victron",
  "updated_at": "2026-07-25T03:39:19.504183",
  "status": "running",
  "device_count": 1,
  "sensor_count": 1,
  "sensor_types": {
    "Charger": 1
  }
}
2026-07-25 04:39:25,544 INFO [energy_monitor_core.module.victron] Polled module snapshot: {
  "module": "victron",
  "updated_at": "2026-07-25T03:39:25.543787",
  "status": "running",
  "device_count": 1,
  "sensor_count": 1,
  "sensor_types": {
    "Charger": 1
  }
}
2026-07-25 04:39:31,581 INFO [energy_monitor_core.module.victron] Polled module snapshot: {
  "module": "victron",
  "updated_at": "2026-07-25T03:39:31.579023",
  "status": "running",
  "device_count": 1,
  "sensor_count": 1,
  "sensor_types": {
    "Charger": 1
  }
}
2026-07-25 04:39:37,592 INFO [energy_monitor_core.module.victron] Polled module snapshot: {
  "module": "victron",
  "updated_at": "2026-07-25T03:39:37.591838",
  "status": "running",
  "device_count": 1,
  "sensor_count": 1,
  "sensor_types": {
    "Charger": 1
  }
}
2026-07-25 04:39:43,599 INFO [energy_monitor_core.module.victron] Polled module snapshot: {
  "module": "victron",
  "updated_at": "2026-07-25T03:39:43.598593",
  "status": "running",
  "device_count": 1,
  "sensor_count": 1,
  "sensor_types": {
    "Charger": 1
  }
}
2026-07-25 04:39:49,606 INFO [energy_monitor_core.module.victron] Polled module snapshot: {
  "module": "victron",
  "updated_at": "2026-07-25T03:39:49.605744",
  "status": "running",
  "device_count": 1,
  "sensor_count": 1,
  "sensor_types": {
    "Charger": 1
  }
}
2026-07-25 04:39:55,612 INFO [energy_monitor_core.module.victron] Polled module snapshot: {
  "module": "victron",
  "updated_at": "2026-07-25T03:39:55.612589",
  "status": "running",
  "device_count": 1,
  "sensor_count": 1,
  "sensor_types": {
    "Charger": 1
  }
}
2026-07-25 04:40:01,619 INFO [energy_monitor_core.module.victron] Polled module snapshot: {
  "module": "victron",
  "updated_at": "2026-07-25T03:40:01.619577",
  "status": "running",
  "device_count": 1,
  "sensor_count": 1,
  "sensor_types": {
    "Charger": 1
  }
}
2026-07-25 04:40:07,626 INFO [energy_monitor_core.module.victron] Polled module snapshot: {
  "module": "victron",
  "updated_at": "2026-07-25T03:40:07.626181",
  "status": "running",
  "device_count": 1,
  "sensor_count": 1,
  "sensor_types": {
    "Charger": 1
  }
}
2026-07-25 04:40:13,634 INFO [energy_monitor_core.module.victron] Polled module snapshot: {
  "module": "victron",
  "updated_at": "2026-07-25T03:40:13.634363",
  "status": "running",
  "device_count": 1,
  "sensor_count": 1,
  "sensor_types": {
    "Charger": 1
  }
}
2026-07-25 04:40:19,641 INFO [energy_monitor_core.module.victron] Polled module snapshot: {
  "module": "victron",
  "updated_at": "2026-07-25T03:40:19.641240",
  "status": "running",
  "device_count": 1,
  "sensor_count": 1,
  "sensor_types": {
    "Charger": 1
  }
}
2026-07-25 04:40:25,653 INFO [energy_monitor_core.module.victron] Polled module snapshot: {
  "module": "victron",
  "updated_at": "2026-07-25T03:40:25.653400",
  "status": "running",
  "device_count": 1,
  "sensor_count": 1,
  "sensor_types": {
    "Charger": 1
  }
}
2026-07-25 04:40:31,661 INFO [energy_monitor_core.module.victron] Polled module snapshot: {
  "module": "victron",
  "updated_at": "2026-07-25T03:40:31.661288",
  "status": "running",
  "device_count": 1,
  "sensor_count": 1,
  "sensor_types": {
    "Charger": 1
  }
}
2026-07-25 04:40:37,669 INFO [energy_monitor_core.module.victron] Polled module snapshot: {
  "module": "victron",
  "updated_at": "2026-07-25T03:40:37.669476",
  "status": "running",
  "device_count": 1,
  "sensor_count": 1,
  "sensor_types": {
    "Charger": 1
  }
}
2026-07-25 04:40:43,676 INFO [energy_monitor_core.module.victron] Polled module snapshot: {
  "module": "victron",
  "updated_at": "2026-07-25T03:40:43.675929",
  "status": "running",
  "device_count": 1,
  "sensor_count": 1,
  "sensor_types": {
    "Charger": 1
  }
}
2026-07-25 04:40:49,682 INFO [energy_monitor_core.module.victron] Polled module snapshot: {
  "module": "victron",
  "updated_at": "2026-07-25T03:40:49.682311",
  "status": "running",
  "device_count": 1,
  "sensor_count": 1,
  "sensor_types": {
    "Charger": 1
  }
}
2026-07-25 04:40:55,689 INFO [energy_monitor_core.module.victron] Polled module snapshot: {
  "module": "victron",
  "updated_at": "2026-07-25T03:40:55.689066",
  "status": "running",
  "device_count": 1,
  "sensor_count": 1,
  "sensor_types": {
    "Charger": 1
  }
}
2026-07-25 04:41:01,695 INFO [energy_monitor_core.module.victron] Polled module snapshot: {
  "module": "victron",
  "updated_at": "2026-07-25T03:41:01.695289",
  "status": "running",
  "device_count": 1,
  "sensor_count": 1,
  "sensor_types": {
    "Charger": 1
  }
}
2026-07-25 04:41:07,704 INFO [energy_monitor_core.module.victron] Polled module snapshot: {
  "module": "victron",
  "updated_at": "2026-07-25T03:41:07.703714",
  "status": "running",
  "device_count": 1,
  "sensor_count": 1,
  "sensor_types": {
    "Charger": 1
  }
}
2026-07-25 04:41:13,712 INFO [energy_monitor_core.module.victron] Polled module snapshot: {
  "module": "victron",
  "updated_at": "2026-07-25T03:41:13.711682",
  "status": "running",
  "device_count": 1,
  "sensor_count": 1,
  "sensor_types": {
    "Charger": 1
  }
}
2026-07-25 04:41:19,719 INFO [energy_monitor_core.module.victron] Polled module snapshot: {
  "module": "victron",
  "updated_at": "2026-07-25T03:41:19.718993",
  "status": "running",
  "device_count": 1,
  "sensor_count": 1,
  "sensor_types": {
    "Charger": 1
  }
}
2026-07-25 04:41:25,725 INFO [energy_monitor_core.module.victron] Polled module snapshot: {
  "module": "victron",
  "updated_at": "2026-07-25T03:41:25.725457",
  "status": "running",
  "device_count": 1,
  "sensor_count": 1,
  "sensor_types": {
    "Charger": 1
  }
}
2026-07-25 04:41:36,555 INFO [energy_monitor_core.module.victron] Module runtime started
2026-07-25 04:41:36,567 INFO [energy_monitor_core.module.victron] Polled module snapshot: {
  "module": "victron",
  "updated_at": "2026-07-25T03:41:36.567567",
  "status": "running",
  "device_count": 1,
  "sensor_count": 1,
  "sensor_types": {
    "Charger": 1
  }
}
2026-07-25 04:41:42,577 INFO [energy_monitor_core.module.victron] Polled module snapshot: {
  "module": "victron",
  "updated_at": "2026-07-25T03:41:42.577162",
  "status": "running",
  "device_count": 1,
  "sensor_count": 1,
  "sensor_types": {
    "Charger": 1
  }
}
2026-07-25 04:41:48,584 INFO [energy_monitor_core.module.victron] Polled module snapshot: {
  "module": "victron",
  "updated_at": "2026-07-25T03:41:48.584171",
  "status": "running",
  "device_count": 1,
  "sensor_count": 1,
  "sensor_types": {
    "Charger": 1
  }
}
2026-07-25 04:41:54,591 INFO [energy_monitor_core.module.victron] Polled module snapshot: {
  "module": "victron",
  "updated_at": "2026-07-25T03:41:54.591037",
  "status": "running",
  "device_count": 1,
  "sensor_count": 1,
  "sensor_types": {
    "Charger": 1
  }
}
2026-07-25 04:42:00,598 INFO [energy_monitor_core.module.victron] Polled module snapshot: {
  "module": "victron",
  "updated_at": "2026-07-25T03:42:00.597986",
  "status": "running",
  "device_count": 1,
  "sensor_count": 1,
  "sensor_types": {
    "Charger": 1
  }
}
2026-07-25 04:42:06,605 INFO [energy_monitor_core.module.victron] Polled module snapshot: {
  "module": "victron",
  "updated_at": "2026-07-25T03:42:06.605584",
  "status": "running",
  "device_count": 1,
  "sensor_count": 1,
  "sensor_types": {
    "Charger": 1
  }
}
2026-07-25 04:42:12,613 INFO [energy_monitor_core.module.victron] Polled module snapshot: {
  "module": "victron",
  "updated_at": "2026-07-25T03:42:12.612351",
  "status": "running",
  "device_count": 1,
  "sensor_count": 1,
  "sensor_types": {
    "Charger": 1
  }
}
2026-07-25 04:42:18,617 INFO [energy_monitor_core.module.victron] Polled module snapshot: {
  "module": "victron",
  "updated_at": "2026-07-25T03:42:18.617061",
  "status": "running",
  "device_count": 1,
  "sensor_count": 1,
  "sensor_types": {
    "Charger": 1
  }
}
2026-07-25 04:42:24,624 INFO [energy_monitor_core.module.victron] Polled module snapshot: {
  "module": "victron",
  "updated_at": "2026-07-25T03:42:24.623738",
  "status": "running",
  "device_count": 1,
  "sensor_count": 1,
  "sensor_types": {
    "Charger": 1
  }
}
2026-07-25 04:42:30,632 INFO [energy_monitor_core.module.victron] Polled module snapshot: {
  "module": "victron",
  "updated_at": "2026-07-25T03:42:30.631683",
  "status": "running",
  "device_count": 1,
  "sensor_count": 1,
  "sensor_types": {
    "Charger": 1
  }
}
2026-07-25 04:42:36,640 INFO [energy_monitor_core.module.victron] Polled module snapshot: {
  "module": "victron",
  "updated_at": "2026-07-25T03:42:36.640318",
  "status": "running",
  "device_count": 1,
  "sensor_count": 1,
  "sensor_types": {
    "Charger": 1
  }
}
2026-07-25 04:42:42,648 INFO [energy_monitor_core.module.victron] Polled module snapshot: {
  "module": "victron",
  "updated_at": "2026-07-25T03:42:42.648245",
  "status": "running",
  "device_count": 1,
  "sensor_count": 1,
  "sensor_types": {
    "Charger": 1
  }
}
2026-07-25 04:42:48,655 INFO [energy_monitor_core.module.victron] Polled module snapshot: {
  "module": "victron",
  "updated_at": "2026-07-25T03:42:48.655470",
  "status": "running",
  "device_count": 1,
  "sensor_count": 1,
  "sensor_types": {
    "Charger": 1
  }
}
2026-07-25 04:42:54,662 INFO [energy_monitor_core.module.victron] Polled module snapshot: {
  "module": "victron",
  "updated_at": "2026-07-25T03:42:54.662639",
  "status": "running",
  "device_count": 1,
  "sensor_count": 1,
  "sensor_types": {
    "Charger": 1
  }
}
2026-07-25 04:43:00,670 INFO [energy_monitor_core.module.victron] Polled module snapshot: {
  "module": "victron",
  "updated_at": "2026-07-25T03:43:00.669969",
  "status": "running",
  "device_count": 1,
  "sensor_count": 1,
  "sensor_types": {
    "Charger": 1
  }
}
2026-07-25 04:43:06,679 INFO [energy_monitor_core.module.victron] Polled module snapshot: {
  "module": "victron",
  "updated_at": "2026-07-25T03:43:06.678782",
  "status": "running",
  "device_count": 1,
  "sensor_count": 1,
  "sensor_types": {
    "Charger": 1
  }
}
2026-07-25 04:43:12,686 INFO [energy_monitor_core.module.victron] Polled module snapshot: {
  "module": "victron",
  "updated_at": "2026-07-25T03:43:12.685869",
  "status": "running",
  "device_count": 1,
  "sensor_count": 1,
  "sensor_types": {
    "Charger": 1
  }
}
2026-07-25 04:43:18,693 INFO [energy_monitor_core.module.victron] Polled module snapshot: {
  "module": "victron",
  "updated_at": "2026-07-25T03:43:18.692867",
  "status": "running",
  "device_count": 1,
  "sensor_count": 1,
  "sensor_types": {
    "Charger": 1
  }
}
2026-07-25 04:43:24,701 INFO [energy_monitor_core.module.victron] Polled module snapshot: {
  "module": "victron",
  "updated_at": "2026-07-25T03:43:24.701063",
  "status": "running",
  "device_count": 1,
  "sensor_count": 1,
  "sensor_types": {
    "Charger": 1
  }
}
2026-07-25 04:43:30,709 INFO [energy_monitor_core.module.victron] Polled module snapshot: {
  "module": "victron",
  "updated_at": "2026-07-25T03:43:30.709353",
  "status": "running",
  "device_count": 1,
  "sensor_count": 1,
  "sensor_types": {
    "Charger": 1
  }
}
2026-07-25 04:43:36,716 INFO [energy_monitor_core.module.victron] Polled module snapshot: {
  "module": "victron",
  "updated_at": "2026-07-25T03:43:36.716452",
  "status": "running",
  "device_count": 1,
  "sensor_count": 1,
  "sensor_types": {
    "Charger": 1
  }
}
2026-07-25 04:43:42,725 INFO [energy_monitor_core.module.victron] Polled module snapshot: {
  "module": "victron",
  "updated_at": "2026-07-25T03:43:42.724780",
  "status": "running",
  "device_count": 1,
  "sensor_count": 1,
  "sensor_types": {
    "Charger": 1
  }
}
2026-07-25 04:43:48,732 INFO [energy_monitor_core.module.victron] Polled module snapshot: {
  "module": "victron",
  "updated_at": "2026-07-25T03:43:48.732466",
  "status": "running",
  "device_count": 1,
  "sensor_count": 1,
  "sensor_types": {
    "Charger": 1
  }
}
2026-07-25 04:43:54,740 INFO [energy_monitor_core.module.victron] Polled module snapshot: {
  "module": "victron",
  "updated_at": "2026-07-25T03:43:54.740091",
  "status": "running",
  "device_count": 1,
  "sensor_count": 1,
  "sensor_types": {
    "Charger": 1
  }
}
2026-07-25 04:44:00,747 INFO [energy_monitor_core.module.victron] Polled module snapshot: {
  "module": "victron",
  "updated_at": "2026-07-25T03:44:00.747342",
  "status": "running",
  "device_count": 1,
  "sensor_count": 1,
  "sensor_types": {
    "Charger": 1
  }
}
2026-07-25 04:44:06,757 INFO [energy_monitor_core.module.victron] Polled module snapshot: {
  "module": "victron",
  "updated_at": "2026-07-25T03:44:06.757134",
  "status": "running",
  "device_count": 1,
  "sensor_count": 1,
  "sensor_types": {
    "Charger": 1
  }
}
2026-07-25 04:44:12,765 INFO [energy_monitor_core.module.victron] Polled module snapshot: {
  "module": "victron",
  "updated_at": "2026-07-25T03:44:12.764857",
  "status": "running",
  "device_count": 1,
  "sensor_count": 1,
  "sensor_types": {
    "Charger": 1
  }
}
2026-07-25 04:44:18,773 INFO [energy_monitor_core.module.victron] Polled module snapshot: {
  "module": "victron",
  "updated_at": "2026-07-25T03:44:18.773339",
  "status": "running",
  "device_count": 1,
  "sensor_count": 1,
  "sensor_types": {
    "Charger": 1
  }
}
2026-07-25 04:44:24,787 INFO [energy_monitor_core.module.victron] Polled module snapshot: {
  "module": "victron",
  "updated_at": "2026-07-25T03:44:24.786899",
  "status": "running",
  "device_count": 1,
  "sensor_count": 1,
  "sensor_types": {
    "Charger": 1
  }
}
2026-07-25 04:44:30,798 INFO [energy_monitor_core.module.victron] Polled module snapshot: {
  "module": "victron",
  "updated_at": "2026-07-25T03:44:30.797737",
  "status": "running",
  "device_count": 1,
  "sensor_count": 1,
  "sensor_types": {
    "Charger": 1
  }
}
2026-07-25 04:44:36,819 INFO [energy_monitor_core.module.victron] Polled module snapshot: {
  "module": "victron",
  "updated_at": "2026-07-25T03:44:36.818772",
  "status": "running",
  "device_count": 1,
  "sensor_count": 1,
  "sensor_types": {
    "Charger": 1
  }
}
2026-07-25 04:44:42,831 INFO [energy_monitor_core.module.victron] Polled module snapshot: {
  "module": "victron",
  "updated_at": "2026-07-25T03:44:42.826145",
  "status": "running",
  "device_count": 1,
  "sensor_count": 1,
  "sensor_types": {
    "Charger": 1
  }
}
2026-07-25 04:44:48,839 INFO [energy_monitor_core.module.victron] Polled module snapshot: {
  "module": "victron",
  "updated_at": "2026-07-25T03:44:48.839085",
  "status": "running",
  "device_count": 1,
  "sensor_count": 1,
  "sensor_types": {
    "Charger": 1
  }
}
2026-07-25 04:44:54,846 INFO [energy_monitor_core.module.victron] Polled module snapshot: {
  "module": "victron",
  "updated_at": "2026-07-25T03:44:54.846414",
  "status": "running",
  "device_count": 1,
  "sensor_count": 1,
  "sensor_types": {
    "Charger": 1
  }
}
2026-07-25 04:45:00,853 INFO [energy_monitor_core.module.victron] Polled module snapshot: {
  "module": "victron",
  "updated_at": "2026-07-25T03:45:00.853148",
  "status": "running",
  "device_count": 1,
  "sensor_count": 1,
  "sensor_types": {
    "Charger": 1
  }
}
2026-07-25 04:45:06,860 INFO [energy_monitor_core.module.victron] Polled module snapshot: {
  "module": "victron",
  "updated_at": "2026-07-25T03:45:06.860477",
  "status": "running",
  "device_count": 1,
  "sensor_count": 1,
  "sensor_types": {
    "Charger": 1
  }
}
2026-07-25 04:45:12,869 INFO [energy_monitor_core.module.victron] Polled module snapshot: {
  "module": "victron",
  "updated_at": "2026-07-25T03:45:12.868963",
  "status": "running",
  "device_count": 1,
  "sensor_count": 1,
  "sensor_types": {
    "Charger": 1
  }
}
2026-07-25 04:45:18,876 INFO [energy_monitor_core.module.victron] Polled module snapshot: {
  "module": "victron",
  "updated_at": "2026-07-25T03:45:18.875824",
  "status": "running",
  "device_count": 1,
  "sensor_count": 1,
  "sensor_types": {
    "Charger": 1
  }
}
2026-07-25 04:45:24,884 INFO [energy_monitor_core.module.victron] Polled module snapshot: {
  "module": "victron",
  "updated_at": "2026-07-25T03:45:24.884454",
  "status": "running",
  "device_count": 1,
  "sensor_count": 1,
  "sensor_types": {
    "Charger": 1
  }
}
2026-07-25 04:45:30,891 INFO [energy_monitor_core.module.victron] Polled module snapshot: {
  "module": "victron",
  "updated_at": "2026-07-25T03:45:30.891082",
  "status": "running",
  "device_count": 1,
  "sensor_count": 1,
  "sensor_types": {
    "Charger": 1
  }
}
2026-07-25 04:45:36,898 INFO [energy_monitor_core.module.victron] Polled module snapshot: {
  "module": "victron",
  "updated_at": "2026-07-25T03:45:36.898406",
  "status": "running",
  "device_count": 1,
  "sensor_count": 1,
  "sensor_types": {
    "Charger": 1
  }
}
2026-07-25 04:45:42,908 INFO [energy_monitor_core.module.victron] Polled module snapshot: {
  "module": "victron",
  "updated_at": "2026-07-25T03:45:42.908469",
  "status": "running",
  "device_count": 1,
  "sensor_count": 1,
  "sensor_types": {
    "Charger": 1
  }
}
2026-07-25 04:45:48,917 INFO [energy_monitor_core.module.victron] Polled module snapshot: {
  "module": "victron",
  "updated_at": "2026-07-25T03:45:48.917527",
  "status": "running",
  "device_count": 1,
  "sensor_count": 1,
  "sensor_types": {
    "Charger": 1
  }
}
2026-07-25 04:45:54,927 INFO [energy_monitor_core.module.victron] Polled module snapshot: {
  "module": "victron",
  "updated_at": "2026-07-25T03:45:54.926834",
  "status": "running",
  "device_count": 1,
  "sensor_count": 1,
  "sensor_types": {
    "Charger": 1
  }
}
2026-07-25 04:46:00,933 INFO [energy_monitor_core.module.victron] Polled module snapshot: {
  "module": "victron",
  "updated_at": "2026-07-25T03:46:00.933626",
  "status": "running",
  "device_count": 1,
  "sensor_count": 1,
  "sensor_types": {
    "Charger": 1
  }
}
2026-07-25 04:46:06,942 INFO [energy_monitor_core.module.victron] Polled module snapshot: {
  "module": "victron",
  "updated_at": "2026-07-25T03:46:06.942467",
  "status": "running",
  "device_count": 1,
  "sensor_count": 1,
  "sensor_types": {
    "Charger": 1
  }
}
2026-07-25 04:46:12,949 INFO [energy_monitor_core.module.victron] Polled module snapshot: {
  "module": "victron",
  "updated_at": "2026-07-25T03:46:12.949461",
  "status": "running",
  "device_count": 1,
  "sensor_count": 1,
  "sensor_types": {
    "Charger": 1
  }
}
2026-07-25 04:46:18,957 INFO [energy_monitor_core.module.victron] Polled module snapshot: {
  "module": "victron",
  "updated_at": "2026-07-25T03:46:18.957154",
  "status": "running",
  "device_count": 1,
  "sensor_count": 1,
  "sensor_types": {
    "Charger": 1
  }
}
2026-07-25 04:46:24,965 INFO [energy_monitor_core.module.victron] Polled module snapshot: {
  "module": "victron",
  "updated_at": "2026-07-25T03:46:24.964645",
  "status": "running",
  "device_count": 1,
  "sensor_count": 1,
  "sensor_types": {
    "Charger": 1
  }
}
2026-07-25 04:46:30,972 INFO [energy_monitor_core.module.victron] Polled module snapshot: {
  "module": "victron",
  "updated_at": "2026-07-25T03:46:30.971869",
  "status": "running",
  "device_count": 1,
  "sensor_count": 1,
  "sensor_types": {
    "Charger": 1
  }
}
2026-07-25 04:46:36,975 INFO [energy_monitor_core.module.victron] Polled module snapshot: {
  "module": "victron",
  "updated_at": "2026-07-25T03:46:36.975638",
  "status": "running",
  "device_count": 1,
  "sensor_count": 1,
  "sensor_types": {
    "Charger": 1
  }
}
2026-07-25 04:46:42,982 INFO [energy_monitor_core.module.victron] Polled module snapshot: {
  "module": "victron",
  "updated_at": "2026-07-25T03:46:42.981711",
  "status": "running",
  "device_count": 1,
  "sensor_count": 1,
  "sensor_types": {
    "Charger": 1
  }
}
2026-07-25 04:46:48,990 INFO [energy_monitor_core.module.victron] Polled module snapshot: {
  "module": "victron",
  "updated_at": "2026-07-25T03:46:48.989984",
  "status": "running",
  "device_count": 1,
  "sensor_count": 1,
  "sensor_types": {
    "Charger": 1
  }
}
2026-07-25 04:46:54,998 INFO [energy_monitor_core.module.victron] Polled module snapshot: {
  "module": "victron",
  "updated_at": "2026-07-25T03:46:54.997822",
  "status": "running",
  "device_count": 1,
  "sensor_count": 1,
  "sensor_types": {
    "Charger": 1
  }
}
2026-07-25 04:47:01,006 INFO [energy_monitor_core.module.victron] Polled module snapshot: {
  "module": "victron",
  "updated_at": "2026-07-25T03:47:01.005581",
  "status": "running",
  "device_count": 1,
  "sensor_count": 1,
  "sensor_types": {
    "Charger": 1
  }
}
2026-07-25 04:47:07,013 INFO [energy_monitor_core.module.victron] Polled module snapshot: {
  "module": "victron",
  "updated_at": "2026-07-25T03:47:07.013015",
  "status": "running",
  "device_count": 1,
  "sensor_count": 1,
  "sensor_types": {
    "Charger": 1
  }
}
2026-07-25 04:47:13,020 INFO [energy_monitor_core.module.victron] Polled module snapshot: {
  "module": "victron",
  "updated_at": "2026-07-25T03:47:13.020441",
  "status": "running",
  "device_count": 1,
  "sensor_count": 1,
  "sensor_types": {
    "Charger": 1
  }
}
2026-07-25 04:47:19,028 INFO [energy_monitor_core.module.victron] Polled module snapshot: {
  "module": "victron",
  "updated_at": "2026-07-25T03:47:19.028162",
  "status": "running",
  "device_count": 1,
  "sensor_count": 1,
  "sensor_types": {
    "Charger": 1
  }
}
2026-07-25 04:47:25,040 INFO [energy_monitor_core.module.victron] Polled module snapshot: {
  "module": "victron",
  "updated_at": "2026-07-25T03:47:25.039483",
  "status": "running",
  "device_count": 1,
  "sensor_count": 1,
  "sensor_types": {
    "Charger": 1
  }
}
2026-07-25 04:47:31,054 INFO [energy_monitor_core.module.victron] Polled module snapshot: {
  "module": "victron",
  "updated_at": "2026-07-25T03:47:31.054021",
  "status": "running",
  "device_count": 1,
  "sensor_count": 1,
  "sensor_types": {
    "Charger": 1
  }
}
2026-07-25 04:47:37,061 INFO [energy_monitor_core.module.victron] Polled module snapshot: {
  "module": "victron",
  "updated_at": "2026-07-25T03:47:37.061361",
  "status": "running",
  "device_count": 1,
  "sensor_count": 1,
  "sensor_types": {
    "Charger": 1
  }
}
2026-07-25 04:47:43,069 INFO [energy_monitor_core.module.victron] Polled module snapshot: {
  "module": "victron",
  "updated_at": "2026-07-25T03:47:43.069573",
  "status": "running",
  "device_count": 1,
  "sensor_count": 1,
  "sensor_types": {
    "Charger": 1
  }
}
2026-07-25 04:47:49,078 INFO [energy_monitor_core.module.victron] Polled module snapshot: {
  "module": "victron",
  "updated_at": "2026-07-25T03:47:49.077877",
  "status": "running",
  "device_count": 1,
  "sensor_count": 1,
  "sensor_types": {
    "Charger": 1
  }
}
2026-07-25 04:47:55,081 INFO [energy_monitor_core.module.victron] Polled module snapshot: {
  "module": "victron",
  "updated_at": "2026-07-25T03:47:55.081755",
  "status": "running",
  "device_count": 1,
  "sensor_count": 1,
  "sensor_types": {
    "Charger": 1
  }
}
2026-07-25 04:48:01,088 INFO [energy_monitor_core.module.victron] Polled module snapshot: {
  "module": "victron",
  "updated_at": "2026-07-25T03:48:01.087751",
  "status": "running",
  "device_count": 1,
  "sensor_count": 1,
  "sensor_types": {
    "Charger": 1
  }
}
2026-07-25 04:48:07,095 INFO [energy_monitor_core.module.victron] Polled module snapshot: {
  "module": "victron",
  "updated_at": "2026-07-25T03:48:07.094766",
  "status": "running",
  "device_count": 1,
  "sensor_count": 1,
  "sensor_types": {
    "Charger": 1
  }
}
2026-07-25 04:48:13,098 INFO [energy_monitor_core.module.victron] Polled module snapshot: {
  "module": "victron",
  "updated_at": "2026-07-25T03:48:13.098652",
  "status": "running",
  "device_count": 1,
  "sensor_count": 1,
  "sensor_types": {
    "Charger": 1
  }
}
2026-07-25 04:48:19,105 INFO [energy_monitor_core.module.victron] Polled module snapshot: {
  "module": "victron",
  "updated_at": "2026-07-25T03:48:19.104695",
  "status": "running",
  "device_count": 1,
  "sensor_count": 1,
  "sensor_types": {
    "Charger": 1
  }
}
2026-07-25 04:48:25,112 INFO [energy_monitor_core.module.victron] Polled module snapshot: {
  "module": "victron",
  "updated_at": "2026-07-25T03:48:25.112143",
  "status": "running",
  "device_count": 1,
  "sensor_count": 1,
  "sensor_types": {
    "Charger": 1
  }
}
2026-07-25 04:48:31,118 INFO [energy_monitor_core.module.victron] Polled module snapshot: {
  "module": "victron",
  "updated_at": "2026-07-25T03:48:31.118207",
  "status": "running",
  "device_count": 1,
  "sensor_count": 1,
  "sensor_types": {
    "Charger": 1
  }
}
2026-07-25 04:48:37,124 INFO [energy_monitor_core.module.victron] Polled module snapshot: {
  "module": "victron",
  "updated_at": "2026-07-25T03:48:37.124258",
  "status": "running",
  "device_count": 1,
  "sensor_count": 1,
  "sensor_types": {
    "Charger": 1
  }
}
2026-07-25 04:48:43,132 INFO [energy_monitor_core.module.victron] Polled module snapshot: {
  "module": "victron",
  "updated_at": "2026-07-25T03:48:43.132536",
  "status": "running",
  "device_count": 1,
  "sensor_count": 1,
  "sensor_types": {
    "Charger": 1
  }
}
2026-07-25 04:48:49,139 INFO [energy_monitor_core.module.victron] Polled module snapshot: {
  "module": "victron",
  "updated_at": "2026-07-25T03:48:49.139352",
  "status": "running",
  "device_count": 1,
  "sensor_count": 1,
  "sensor_types": {
    "Charger": 1
  }
}
2026-07-25 04:48:55,146 INFO [energy_monitor_core.module.victron] Polled module snapshot: {
  "module": "victron",
  "updated_at": "2026-07-25T03:48:55.146255",
  "status": "running",
  "device_count": 1,
  "sensor_count": 1,
  "sensor_types": {
    "Charger": 1
  }
}
2026-07-25 04:49:01,150 INFO [energy_monitor_core.module.victron] Polled module snapshot: {
  "module": "victron",
  "updated_at": "2026-07-25T03:49:01.150108",
  "status": "running",
  "device_count": 1,
  "sensor_count": 1,
  "sensor_types": {
    "Charger": 1
  }
}
2026-07-25 04:49:07,156 INFO [energy_monitor_core.module.victron] Polled module snapshot: {
  "module": "victron",
  "updated_at": "2026-07-25T03:49:07.156187",
  "status": "running",
  "device_count": 1,
  "sensor_count": 1,
  "sensor_types": {
    "Charger": 1
  }
}
2026-07-25 04:49:13,164 INFO [energy_monitor_core.module.victron] Polled module snapshot: {
  "module": "victron",
  "updated_at": "2026-07-25T03:49:13.164285",
  "status": "running",
  "device_count": 1,
  "sensor_count": 1,
  "sensor_types": {
    "Charger": 1
  }
}
2026-07-25 04:49:19,171 INFO [energy_monitor_core.module.victron] Polled module snapshot: {
  "module": "victron",
  "updated_at": "2026-07-25T03:49:19.171535",
  "status": "running",
  "device_count": 1,
  "sensor_count": 1,
  "sensor_types": {
    "Charger": 1
  }
}
2026-07-25 04:49:25,178 INFO [energy_monitor_core.module.victron] Polled module snapshot: {
  "module": "victron",
  "updated_at": "2026-07-25T03:49:25.178600",
  "status": "running",
  "device_count": 1,
  "sensor_count": 1,
  "sensor_types": {
    "Charger": 1
  }
}
2026-07-25 04:49:31,186 INFO [energy_monitor_core.module.victron] Polled module snapshot: {
  "module": "victron",
  "updated_at": "2026-07-25T03:49:31.186227",
  "status": "running",
  "device_count": 1,
  "sensor_count": 1,
  "sensor_types": {
    "Charger": 1
  }
}
2026-07-25 04:49:42,483 INFO [energy_monitor_core.module.victron] Module runtime started
2026-07-25 04:49:42,497 INFO [energy_monitor_core.module.victron] Polled module snapshot: {
  "module": "victron",
  "updated_at": "2026-07-25T03:49:42.497155",
  "status": "running",
  "device_count": 1,
  "sensor_count": 1,
  "sensor_types": {
    "battery": 1
  }
}
2026-07-25 04:49:48,508 INFO [energy_monitor_core.module.victron] Polled module snapshot: {
  "module": "victron",
  "updated_at": "2026-07-25T03:49:48.508327",
  "status": "running",
  "device_count": 1,
  "sensor_count": 1,
  "sensor_types": {
    "battery": 1
  }
}
2026-07-25 04:49:54,515 INFO [energy_monitor_core.module.victron] Polled module snapshot: {
  "module": "victron",
  "updated_at": "2026-07-25T03:49:54.515634",
  "status": "running",
  "device_count": 1,
  "sensor_count": 1,
  "sensor_types": {
    "battery": 1
  }
}
2026-07-25 04:50:00,523 INFO [energy_monitor_core.module.victron] Polled module snapshot: {
  "module": "victron",
  "updated_at": "2026-07-25T03:50:00.523518",
  "status": "running",
  "device_count": 1,
  "sensor_count": 1,
  "sensor_types": {
    "battery": 1
  }
}
2026-07-25 04:50:06,534 INFO [energy_monitor_core.module.victron] Polled module snapshot: {
  "module": "victron",
  "updated_at": "2026-07-25T03:50:06.534054",
  "status": "running",
  "device_count": 1,
  "sensor_count": 1,
  "sensor_types": {
    "battery": 1
  }
}
2026-07-25 04:50:12,542 INFO [energy_monitor_core.module.victron] Polled module snapshot: {
  "module": "victron",
  "updated_at": "2026-07-25T03:50:12.541894",
  "status": "running",
  "device_count": 1,
  "sensor_count": 1,
  "sensor_types": {
    "battery": 1
  }
}
2026-07-25 04:50:18,549 INFO [energy_monitor_core.module.victron] Polled module snapshot: {
  "module": "victron",
  "updated_at": "2026-07-25T03:50:18.548687",
  "status": "running",
  "device_count": 1,
  "sensor_count": 1,
  "sensor_types": {
    "battery": 1
  }
}
2026-07-25 04:50:24,556 INFO [energy_monitor_core.module.victron] Polled module snapshot: {
  "module": "victron",
  "updated_at": "2026-07-25T03:50:24.555753",
  "status": "running",
  "device_count": 1,
  "sensor_count": 1,
  "sensor_types": {
    "battery": 1
  }
}
2026-07-25 04:50:30,562 INFO [energy_monitor_core.module.victron] Polled module snapshot: {
  "module": "victron",
  "updated_at": "2026-07-25T03:50:30.562620",
  "status": "running",
  "device_count": 1,
  "sensor_count": 1,
  "sensor_types": {
    "battery": 1
  }
}
2026-07-25 04:50:36,569 INFO [energy_monitor_core.module.victron] Polled module snapshot: {
  "module": "victron",
  "updated_at": "2026-07-25T03:50:36.569346",
  "status": "running",
  "device_count": 1,
  "sensor_count": 1,
  "sensor_types": {
    "battery": 1
  }
}
2026-07-25 04:50:42,576 INFO [energy_monitor_core.module.victron] Polled module snapshot: {
  "module": "victron",
  "updated_at": "2026-07-25T03:50:42.576129",
  "status": "running",
  "device_count": 1,
  "sensor_count": 1,
  "sensor_types": {
    "battery": 1
  }
}
2026-07-25 04:50:48,583 INFO [energy_monitor_core.module.victron] Polled module snapshot: {
  "module": "victron",
  "updated_at": "2026-07-25T03:50:48.582888",
  "status": "running",
  "device_count": 1,
  "sensor_count": 1,
  "sensor_types": {
    "battery": 1
  }
}
2026-07-25 04:50:54,591 INFO [energy_monitor_core.module.victron] Polled module snapshot: {
  "module": "victron",
  "updated_at": "2026-07-25T03:50:54.591179",
  "status": "running",
  "device_count": 1,
  "sensor_count": 1,
  "sensor_types": {
    "battery": 1
  }
}
2026-07-25 04:51:00,599 INFO [energy_monitor_core.module.victron] Polled module snapshot: {
  "module": "victron",
  "updated_at": "2026-07-25T03:51:00.598833",
  "status": "running",
  "device_count": 1,
  "sensor_count": 1,
  "sensor_types": {
    "battery": 1
  }
}
2026-07-25 04:51:06,606 INFO [energy_monitor_core.module.victron] Polled module snapshot: {
  "module": "victron",
  "updated_at": "2026-07-25T03:51:06.605994",
  "status": "running",
  "device_count": 1,
  "sensor_count": 1,
  "sensor_types": {
    "battery": 1
  }
}
2026-07-25 04:51:12,614 INFO [energy_monitor_core.module.victron] Polled module snapshot: {
  "module": "victron",
  "updated_at": "2026-07-25T03:51:12.614344",
  "status": "running",
  "device_count": 1,
  "sensor_count": 1,
  "sensor_types": {
    "battery": 1
  }
}
2026-07-25 04:51:18,622 INFO [energy_monitor_core.module.victron] Polled module snapshot: {
  "module": "victron",
  "updated_at": "2026-07-25T03:51:18.622356",
  "status": "running",
  "device_count": 1,
  "sensor_count": 1,
  "sensor_types": {
    "battery": 1
  }
}
2026-07-25 04:51:24,630 INFO [energy_monitor_core.module.victron] Polled module snapshot: {
  "module": "victron",
  "updated_at": "2026-07-25T03:51:24.629969",
  "status": "running",
  "device_count": 1,
  "sensor_count": 1,
  "sensor_types": {
    "battery": 1
  }
}
2026-07-25 04:51:30,637 INFO [energy_monitor_core.module.victron] Polled module snapshot: {
  "module": "victron",
  "updated_at": "2026-07-25T03:51:30.637386",
  "status": "running",
  "device_count": 1,
  "sensor_count": 1,
  "sensor_types": {
    "battery": 1
  }
}
2026-07-25 04:51:36,645 INFO [energy_monitor_core.module.victron] Polled module snapshot: {
  "module": "victron",
  "updated_at": "2026-07-25T03:51:36.645006",
  "status": "running",
  "device_count": 1,
  "sensor_count": 1,
  "sensor_types": {
    "battery": 1
  }
}
2026-07-25 04:51:42,649 INFO [energy_monitor_core.module.victron] Polled module snapshot: {
  "module": "victron",
  "updated_at": "2026-07-25T03:51:42.649233",
  "status": "running",
  "device_count": 1,
  "sensor_count": 1,
  "sensor_types": {
    "battery": 1
  }
}
2026-07-25 04:51:48,656 INFO [energy_monitor_core.module.victron] Polled module snapshot: {
  "module": "victron",
  "updated_at": "2026-07-25T03:51:48.655291",
  "status": "running",
  "device_count": 1,
  "sensor_count": 1,
  "sensor_types": {
    "battery": 1
  }
}
2026-07-25 04:51:54,663 INFO [energy_monitor_core.module.victron] Polled module snapshot: {
  "module": "victron",
  "updated_at": "2026-07-25T03:51:54.663470",
  "status": "running",
  "device_count": 1,
  "sensor_count": 1,
  "sensor_types": {
    "battery": 1
  }
}
2026-07-25 04:52:00,671 INFO [energy_monitor_core.module.victron] Polled module snapshot: {
  "module": "victron",
  "updated_at": "2026-07-25T03:52:00.671004",
  "status": "running",
  "device_count": 1,
  "sensor_count": 1,
  "sensor_types": {
    "battery": 1
  }
}
2026-07-25 04:52:06,682 INFO [energy_monitor_core.module.victron] Polled module snapshot: {
  "module": "victron",
  "updated_at": "2026-07-25T03:52:06.682370",
  "status": "running",
  "device_count": 1,
  "sensor_count": 1,
  "sensor_types": {
    "battery": 1
  }
}
2026-07-25 04:52:12,690 INFO [energy_monitor_core.module.victron] Polled module snapshot: {
  "module": "victron",
  "updated_at": "2026-07-25T03:52:12.690337",
  "status": "running",
  "device_count": 1,
  "sensor_count": 1,
  "sensor_types": {
    "battery": 1
  }
}
2026-07-25 04:52:18,697 INFO [energy_monitor_core.module.victron] Polled module snapshot: {
  "module": "victron",
  "updated_at": "2026-07-25T03:52:18.697519",
  "status": "running",
  "device_count": 1,
  "sensor_count": 1,
  "sensor_types": {
    "battery": 1
  }
}
2026-07-25 04:52:24,702 INFO [energy_monitor_core.module.victron] Polled module snapshot: {
  "module": "victron",
  "updated_at": "2026-07-25T03:52:24.702307",
  "status": "running",
  "device_count": 1,
  "sensor_count": 1,
  "sensor_types": {
    "battery": 1
  }
}
2026-07-25 04:52:30,708 INFO [energy_monitor_core.module.victron] Polled module snapshot: {
  "module": "victron",
  "updated_at": "2026-07-25T03:52:30.708531",
  "status": "running",
  "device_count": 1,
  "sensor_count": 1,
  "sensor_types": {
    "battery": 1
  }
}
2026-07-25 04:52:36,716 INFO [energy_monitor_core.module.victron] Polled module snapshot: {
  "module": "victron",
  "updated_at": "2026-07-25T03:52:36.716152",
  "status": "running",
  "device_count": 1,
  "sensor_count": 1,
  "sensor_types": {
    "battery": 1
  }
}
2026-07-25 04:52:42,724 INFO [energy_monitor_core.module.victron] Polled module snapshot: {
  "module": "victron",
  "updated_at": "2026-07-25T03:52:42.724466",
  "status": "running",
  "device_count": 1,
  "sensor_count": 1,
  "sensor_types": {
    "battery": 1
  }
}
2026-07-25 04:52:48,733 INFO [energy_monitor_core.module.victron] Polled module snapshot: {
  "module": "victron",
  "updated_at": "2026-07-25T03:52:48.732954",
  "status": "running",
  "device_count": 1,
  "sensor_count": 1,
  "sensor_types": {
    "battery": 1
  }
}
2026-07-25 04:52:54,740 INFO [energy_monitor_core.module.victron] Polled module snapshot: {
  "module": "victron",
  "updated_at": "2026-07-25T03:52:54.739770",
  "status": "running",
  "device_count": 1,
  "sensor_count": 1,
  "sensor_types": {
    "battery": 1
  }
}
2026-07-25 04:53:00,746 INFO [energy_monitor_core.module.victron] Polled module snapshot: {
  "module": "victron",
  "updated_at": "2026-07-25T03:53:00.746580",
  "status": "running",
  "device_count": 1,
  "sensor_count": 1,
  "sensor_types": {
    "battery": 1
  }
}
2026-07-25 04:53:06,753 INFO [energy_monitor_core.module.victron] Polled module snapshot: {
  "module": "victron",
  "updated_at": "2026-07-25T03:53:06.753466",
  "status": "running",
  "device_count": 1,
  "sensor_count": 1,
  "sensor_types": {
    "battery": 1
  }
}
2026-07-25 04:53:12,757 INFO [energy_monitor_core.module.victron] Polled module snapshot: {
  "module": "victron",
  "updated_at": "2026-07-25T03:53:12.757803",
  "status": "running",
  "device_count": 1,
  "sensor_count": 1,
  "sensor_types": {
    "battery": 1
  }
}
2026-07-25 04:53:18,764 INFO [energy_monitor_core.module.victron] Polled module snapshot: {
  "module": "victron",
  "updated_at": "2026-07-25T03:53:18.763935",
  "status": "running",
  "device_count": 1,
  "sensor_count": 1,
  "sensor_types": {
    "battery": 1
  }
}
2026-07-25 04:53:24,772 INFO [energy_monitor_core.module.victron] Polled module snapshot: {
  "module": "victron",
  "updated_at": "2026-07-25T03:53:24.771757",
  "status": "running",
  "device_count": 1,
  "sensor_count": 1,
  "sensor_types": {
    "battery": 1
  }
}
2026-07-25 04:53:30,779 INFO [energy_monitor_core.module.victron] Polled module snapshot: {
  "module": "victron",
  "updated_at": "2026-07-25T03:53:30.779403",
  "status": "running",
  "device_count": 1,
  "sensor_count": 1,
  "sensor_types": {
    "battery": 1
  }
}
2026-07-25 04:53:36,783 INFO [energy_monitor_core.module.victron] Polled module snapshot: {
  "module": "victron",
  "updated_at": "2026-07-25T03:53:36.783319",
  "status": "running",
  "device_count": 1,
  "sensor_count": 1,
  "sensor_types": {
    "battery": 1
  }
}
2026-07-25 04:53:42,790 INFO [energy_monitor_core.module.victron] Polled module snapshot: {
  "module": "victron",
  "updated_at": "2026-07-25T03:53:42.789994",
  "status": "running",
  "device_count": 1,
  "sensor_count": 1,
  "sensor_types": {
    "battery": 1
  }
}
2026-07-25 04:53:48,797 INFO [energy_monitor_core.module.victron] Polled module snapshot: {
  "module": "victron",
  "updated_at": "2026-07-25T03:53:48.796864",
  "status": "running",
  "device_count": 1,
  "sensor_count": 1,
  "sensor_types": {
    "battery": 1
  }
}
2026-07-25 04:53:54,804 INFO [energy_monitor_core.module.victron] Polled module snapshot: {
  "module": "victron",
  "updated_at": "2026-07-25T03:53:54.803828",
  "status": "running",
  "device_count": 1,
  "sensor_count": 1,
  "sensor_types": {
    "battery": 1
  }
}
2026-07-25 04:54:00,812 INFO [energy_monitor_core.module.victron] Polled module snapshot: {
  "module": "victron",
  "updated_at": "2026-07-25T03:54:00.812283",
  "status": "running",
  "device_count": 1,
  "sensor_count": 1,
  "sensor_types": {
    "battery": 1
  }
}
2026-07-25 04:54:06,820 INFO [energy_monitor_core.module.victron] Polled module snapshot: {
  "module": "victron",
  "updated_at": "2026-07-25T03:54:06.819693",
  "status": "running",
  "device_count": 1,
  "sensor_count": 1,
  "sensor_types": {
    "battery": 1
  }
}
2026-07-25 04:54:12,829 INFO [energy_monitor_core.module.victron] Polled module snapshot: {
  "module": "victron",
  "updated_at": "2026-07-25T03:54:12.828782",
  "status": "running",
  "device_count": 1,
  "sensor_count": 1,
  "sensor_types": {
    "battery": 1
  }
}
2026-07-25 04:54:18,837 INFO [energy_monitor_core.module.victron] Polled module snapshot: {
  "module": "victron",
  "updated_at": "2026-07-25T03:54:18.837532",
  "status": "running",
  "device_count": 1,
  "sensor_count": 1,
  "sensor_types": {
    "battery": 1
  }
}
2026-07-25 04:54:24,845 INFO [energy_monitor_core.module.victron] Polled module snapshot: {
  "module": "victron",
  "updated_at": "2026-07-25T03:54:24.845461",
  "status": "running",
  "device_count": 1,
  "sensor_count": 1,
  "sensor_types": {
    "battery": 1
  }
}
2026-07-25 04:54:30,854 INFO [energy_monitor_core.module.victron] Polled module snapshot: {
  "module": "victron",
  "updated_at": "2026-07-25T03:54:30.852907",
  "status": "running",
  "device_count": 1,
  "sensor_count": 1,
  "sensor_types": {
    "battery": 1
  }
}
2026-07-25 04:54:36,863 INFO [energy_monitor_core.module.victron] Polled module snapshot: {
  "module": "victron",
  "updated_at": "2026-07-25T03:54:36.863153",
  "status": "running",
  "device_count": 1,
  "sensor_count": 1,
  "sensor_types": {
    "battery": 1
  }
}
2026-07-25 04:54:42,871 INFO [energy_monitor_core.module.victron] Polled module snapshot: {
  "module": "victron",
  "updated_at": "2026-07-25T03:54:42.870912",
  "status": "running",
  "device_count": 1,
  "sensor_count": 1,
  "sensor_types": {
    "battery": 1
  }
}
2026-07-25 04:54:48,879 INFO [energy_monitor_core.module.victron] Polled module snapshot: {
  "module": "victron",
  "updated_at": "2026-07-25T03:54:48.878881",
  "status": "running",
  "device_count": 1,
  "sensor_count": 1,
  "sensor_types": {
    "battery": 1
  }
}
2026-07-25 04:54:54,887 INFO [energy_monitor_core.module.victron] Polled module snapshot: {
  "module": "victron",
  "updated_at": "2026-07-25T03:54:54.886844",
  "status": "running",
  "device_count": 1,
  "sensor_count": 1,
  "sensor_types": {
    "battery": 1
  }
}
2026-07-25 04:55:00,895 INFO [energy_monitor_core.module.victron] Polled module snapshot: {
  "module": "victron",
  "updated_at": "2026-07-25T03:55:00.895249",
  "status": "running",
  "device_count": 1,
  "sensor_count": 1,
  "sensor_types": {
    "battery": 1
  }
}
2026-07-25 04:55:06,903 INFO [energy_monitor_core.module.victron] Polled module snapshot: {
  "module": "victron",
  "updated_at": "2026-07-25T03:55:06.903146",
  "status": "running",
  "device_count": 1,
  "sensor_count": 1,
  "sensor_types": {
    "battery": 1
  }
}
2026-07-25 04:55:12,910 INFO [energy_monitor_core.module.victron] Polled module snapshot: {
  "module": "victron",
  "updated_at": "2026-07-25T03:55:12.909993",
  "status": "running",
  "device_count": 1,
  "sensor_count": 1,
  "sensor_types": {
    "battery": 1
  }
}
2026-07-25 04:55:18,918 INFO [energy_monitor_core.module.victron] Polled module snapshot: {
  "module": "victron",
  "updated_at": "2026-07-25T03:55:18.917678",
  "status": "running",
  "device_count": 1,
  "sensor_count": 1,
  "sensor_types": {
    "battery": 1
  }
}
2026-07-25 04:55:24,925 INFO [energy_monitor_core.module.victron] Polled module snapshot: {
  "module": "victron",
  "updated_at": "2026-07-25T03:55:24.925190",
  "status": "running",
  "device_count": 1,
  "sensor_count": 1,
  "sensor_types": {
    "battery": 1
  }
}
2026-07-25 04:55:30,932 INFO [energy_monitor_core.module.victron] Polled module snapshot: {
  "module": "victron",
  "updated_at": "2026-07-25T03:55:30.932266",
  "status": "running",
  "device_count": 1,
  "sensor_count": 1,
  "sensor_types": {
    "battery": 1
  }
}
2026-07-25 04:55:36,937 INFO [energy_monitor_core.module.victron] Polled module snapshot: {
  "module": "victron",
  "updated_at": "2026-07-25T03:55:36.936953",
  "status": "running",
  "device_count": 1,
  "sensor_count": 1,
  "sensor_types": {
    "battery": 1
  }
}
2026-07-25 04:55:42,944 INFO [energy_monitor_core.module.victron] Polled module snapshot: {
  "module": "victron",
  "updated_at": "2026-07-25T03:55:42.943739",
  "status": "running",
  "device_count": 1,
  "sensor_count": 1,
  "sensor_types": {
    "battery": 1
  }
}
2026-07-25 04:55:48,951 INFO [energy_monitor_core.module.victron] Polled module snapshot: {
  "module": "victron",
  "updated_at": "2026-07-25T03:55:48.950946",
  "status": "running",
  "device_count": 1,
  "sensor_count": 1,
  "sensor_types": {
    "battery": 1
  }
}
2026-07-25 04:55:54,962 INFO [energy_monitor_core.module.victron] Polled module snapshot: {
  "module": "victron",
  "updated_at": "2026-07-25T03:55:54.962403",
  "status": "running",
  "device_count": 1,
  "sensor_count": 1,
  "sensor_types": {
    "battery": 1
  }
}
2026-07-25 04:56:00,970 INFO [energy_monitor_core.module.victron] Polled module snapshot: {
  "module": "victron",
  "updated_at": "2026-07-25T03:56:00.970238",
  "status": "running",
  "device_count": 1,
  "sensor_count": 1,
  "sensor_types": {
    "battery": 1
  }
}
2026-07-25 04:56:06,994 INFO [energy_monitor_core.module.victron] Polled module snapshot: {
  "module": "victron",
  "updated_at": "2026-07-25T03:56:06.994327",
  "status": "running",
  "device_count": 1,
  "sensor_count": 1,
  "sensor_types": {
    "battery": 1
  }
}
2026-07-25 04:56:13,012 INFO [energy_monitor_core.module.victron] Polled module snapshot: {
  "module": "victron",
  "updated_at": "2026-07-25T03:56:13.011860",
  "status": "running",
  "device_count": 1,
  "sensor_count": 1,
  "sensor_types": {
    "battery": 1
  }
}
2026-07-25 04:56:19,018 INFO [energy_monitor_core.module.victron] Polled module snapshot: {
  "module": "victron",
  "updated_at": "2026-07-25T03:56:19.018068",
  "status": "running",
  "device_count": 1,
  "sensor_count": 1,
  "sensor_types": {
    "battery": 1
  }
}
2026-07-25 04:56:25,026 INFO [energy_monitor_core.module.victron] Polled module snapshot: {
  "module": "victron",
  "updated_at": "2026-07-25T03:56:25.025833",
  "status": "running",
  "device_count": 1,
  "sensor_count": 1,
  "sensor_types": {
    "battery": 1
  }
}
2026-07-25 04:56:31,034 INFO [energy_monitor_core.module.victron] Polled module snapshot: {
  "module": "victron",
  "updated_at": "2026-07-25T03:56:31.033924",
  "status": "running",
  "device_count": 1,
  "sensor_count": 1,
  "sensor_types": {
    "battery": 1
  }
}
2026-07-25 04:56:37,043 INFO [energy_monitor_core.module.victron] Polled module snapshot: {
  "module": "victron",
  "updated_at": "2026-07-25T03:56:37.042966",
  "status": "running",
  "device_count": 1,
  "sensor_count": 1,
  "sensor_types": {
    "battery": 1
  }
}
2026-07-25 04:56:43,051 INFO [energy_monitor_core.module.victron] Polled module snapshot: {
  "module": "victron",
  "updated_at": "2026-07-25T03:56:43.050684",
  "status": "running",
  "device_count": 1,
  "sensor_count": 1,
  "sensor_types": {
    "battery": 1
  }
}
2026-07-25 04:56:49,058 INFO [energy_monitor_core.module.victron] Polled module snapshot: {
  "module": "victron",
  "updated_at": "2026-07-25T03:56:49.057655",
  "status": "running",
  "device_count": 1,
  "sensor_count": 1,
  "sensor_types": {
    "battery": 1
  }
}
2026-07-25 04:56:55,065 INFO [energy_monitor_core.module.victron] Polled module snapshot: {
  "module": "victron",
  "updated_at": "2026-07-25T03:56:55.065138",
  "status": "running",
  "device_count": 1,
  "sensor_count": 1,
  "sensor_types": {
    "battery": 1
  }
}
2026-07-25 04:57:01,073 INFO [energy_monitor_core.module.victron] Polled module snapshot: {
  "module": "victron",
  "updated_at": "2026-07-25T03:57:01.072891",
  "status": "running",
  "device_count": 1,
  "sensor_count": 1,
  "sensor_types": {
    "battery": 1
  }
}
2026-07-25 04:57:07,081 INFO [energy_monitor_core.module.victron] Polled module snapshot: {
  "module": "victron",
  "updated_at": "2026-07-25T03:57:07.081306",
  "status": "running",
  "device_count": 1,
  "sensor_count": 1,
  "sensor_types": {
    "battery": 1
  }
}
2026-07-25 04:57:13,089 INFO [energy_monitor_core.module.victron] Polled module snapshot: {
  "module": "victron",
  "updated_at": "2026-07-25T03:57:13.089335",
  "status": "running",
  "device_count": 1,
  "sensor_count": 1,
  "sensor_types": {
    "battery": 1
  }
}
2026-07-25 04:57:19,097 INFO [energy_monitor_core.module.victron] Polled module snapshot: {
  "module": "victron",
  "updated_at": "2026-07-25T03:57:19.097490",
  "status": "running",
  "device_count": 1,
  "sensor_count": 1,
  "sensor_types": {
    "battery": 1
  }
}
2026-07-25 04:57:25,108 INFO [energy_monitor_core.module.victron] Polled module snapshot: {
  "module": "victron",
  "updated_at": "2026-07-25T03:57:25.107687",
  "status": "running",
  "device_count": 1,
  "sensor_count": 1,
  "sensor_types": {
    "battery": 1
  }
}
2026-07-25 04:57:31,116 INFO [energy_monitor_core.module.victron] Polled module snapshot: {
  "module": "victron",
  "updated_at": "2026-07-25T03:57:31.115983",
  "status": "running",
  "device_count": 1,
  "sensor_count": 1,
  "sensor_types": {
    "battery": 1
  }
}
2026-07-25 04:57:37,120 INFO [energy_monitor_core.module.victron] Polled module snapshot: {
  "module": "victron",
  "updated_at": "2026-07-25T03:57:37.119967",
  "status": "running",
  "device_count": 1,
  "sensor_count": 1,
  "sensor_types": {
    "battery": 1
  }
}
2026-07-25 04:57:43,127 INFO [energy_monitor_core.module.victron] Polled module snapshot: {
  "module": "victron",
  "updated_at": "2026-07-25T03:57:43.126861",
  "status": "running",
  "device_count": 1,
  "sensor_count": 1,
  "sensor_types": {
    "battery": 1
  }
}
2026-07-25 04:57:49,136 INFO [energy_monitor_core.module.victron] Polled module snapshot: {
  "module": "victron",
  "updated_at": "2026-07-25T03:57:49.135690",
  "status": "running",
  "device_count": 1,
  "sensor_count": 1,
  "sensor_types": {
    "battery": 1
  }
}
2026-07-25 04:57:55,144 INFO [energy_monitor_core.module.victron] Polled module snapshot: {
  "module": "victron",
  "updated_at": "2026-07-25T03:57:55.143639",
  "status": "running",
  "device_count": 1,
  "sensor_count": 1,
  "sensor_types": {
    "battery": 1
  }
}
2026-07-25 04:58:01,152 INFO [energy_monitor_core.module.victron] Polled module snapshot: {
  "module": "victron",
  "updated_at": "2026-07-25T03:58:01.151918",
  "status": "running",
  "device_count": 1,
  "sensor_count": 1,
  "sensor_types": {
    "battery": 1
  }
}
2026-07-25 04:58:07,160 INFO [energy_monitor_core.module.victron] Polled module snapshot: {
  "module": "victron",
  "updated_at": "2026-07-25T03:58:07.160097",
  "status": "running",
  "device_count": 1,
  "sensor_count": 1,
  "sensor_types": {
    "battery": 1
  }
}
2026-07-25 04:58:13,164 INFO [energy_monitor_core.module.victron] Polled module snapshot: {
  "module": "victron",
  "updated_at": "2026-07-25T03:58:13.164224",
  "status": "running",
  "device_count": 1,
  "sensor_count": 1,
  "sensor_types": {
    "battery": 1
  }
}
2026-07-25 04:58:19,171 INFO [energy_monitor_core.module.victron] Polled module snapshot: {
  "module": "victron",
  "updated_at": "2026-07-25T03:58:19.170844",
  "status": "running",
  "device_count": 1,
  "sensor_count": 1,
  "sensor_types": {
    "battery": 1
  }
}
2026-07-25 04:58:25,179 INFO [energy_monitor_core.module.victron] Polled module snapshot: {
  "module": "victron",
  "updated_at": "2026-07-25T03:58:25.179367",
  "status": "running",
  "device_count": 1,
  "sensor_count": 1,
  "sensor_types": {
    "battery": 1
  }
}
2026-07-25 04:58:31,188 INFO [energy_monitor_core.module.victron] Polled module snapshot: {
  "module": "victron",
  "updated_at": "2026-07-25T03:58:31.187682",
  "status": "running",
  "device_count": 1,
  "sensor_count": 1,
  "sensor_types": {
    "battery": 1
  }
}
2026-07-25 04:58:37,198 INFO [energy_monitor_core.module.victron] Polled module snapshot: {
  "module": "victron",
  "updated_at": "2026-07-25T03:58:37.197710",
  "status": "running",
  "device_count": 1,
  "sensor_count": 1,
  "sensor_types": {
    "battery": 1
  }
}
2026-07-25 04:58:43,206 INFO [energy_monitor_core.module.victron] Polled module snapshot: {
  "module": "victron",
  "updated_at": "2026-07-25T03:58:43.206047",
  "status": "running",
  "device_count": 1,
  "sensor_count": 1,
  "sensor_types": {
    "battery": 1
  }
}
2026-07-25 04:58:49,214 INFO [energy_monitor_core.module.victron] Polled module snapshot: {
  "module": "victron",
  "updated_at": "2026-07-25T03:58:49.213593",
  "status": "running",
  "device_count": 1,
  "sensor_count": 1,
  "sensor_types": {
    "battery": 1
  }
}
2026-07-25 04:58:55,222 INFO [energy_monitor_core.module.victron] Polled module snapshot: {
  "module": "victron",
  "updated_at": "2026-07-25T03:58:55.221919",
  "status": "running",
  "device_count": 1,
  "sensor_count": 1,
  "sensor_types": {
    "battery": 1
  }
}
2026-07-25 04:59:01,401 INFO [energy_monitor_core.module.victron] Polled module snapshot: {
  "module": "victron",
  "updated_at": "2026-07-25T03:59:01.400666",
  "status": "running",
  "device_count": 1,
  "sensor_count": 1,
  "sensor_types": {
    "battery": 1
  }
}
2026-07-25 04:59:07,408 INFO [energy_monitor_core.module.victron] Polled module snapshot: {
  "module": "victron",
  "updated_at": "2026-07-25T03:59:07.407892",
  "status": "running",
  "device_count": 1,
  "sensor_count": 1,
  "sensor_types": {
    "battery": 1
  }
}
2026-07-25 04:59:18,807 INFO [energy_monitor_core.module.victron] Module runtime started
2026-07-25 04:59:18,948 ERROR [energy_monitor_core.module.victron] Module poll failed: 'sensor_types'
Traceback (most recent call last):
  File "/app/energy_monitor_core/modules.py", line 163, in _loop
    self.poll_once()
  File "/app/energy_monitor_core/modules.py", line 150, in poll_once
    "sensor_types": snapshot["sensor_types"],
                    ~~~~~~~~^^^^^^^^^^^^^^^^
KeyError: 'sensor_types'
2026-07-25 04:59:24,960 ERROR [energy_monitor_core.module.victron] Module poll failed: 'sensor_types'
Traceback (most recent call last):
  File "/app/energy_monitor_core/modules.py", line 163, in _loop
    self.poll_once()
  File "/app/energy_monitor_core/modules.py", line 150, in poll_once
    "sensor_types": snapshot["sensor_types"],
                    ~~~~~~~~^^^^^^^^^^^^^^^^
KeyError: 'sensor_types'
2026-07-25 04:59:30,970 ERROR [energy_monitor_core.module.victron] Module poll failed: 'sensor_types'
Traceback (most recent call last):
  File "/app/energy_monitor_core/modules.py", line 163, in _loop
    self.poll_once()
  File "/app/energy_monitor_core/modules.py", line 150, in poll_once
    "sensor_types": snapshot["sensor_types"],
                    ~~~~~~~~^^^^^^^^^^^^^^^^
KeyError: 'sensor_types'
2026-07-25 04:59:36,975 ERROR [energy_monitor_core.module.victron] Module poll failed: 'sensor_types'
Traceback (most recent call last):
  File "/app/energy_monitor_core/modules.py", line 163, in _loop
    self.poll_once()
  File "/app/energy_monitor_core/modules.py", line 150, in poll_once
    "sensor_types": snapshot["sensor_types"],
                    ~~~~~~~~^^^^^^^^^^^^^^^^
KeyError: 'sensor_types'
2026-07-25 04:59:42,983 ERROR [energy_monitor_core.module.victron] Module poll failed: 'sensor_types'
Traceback (most recent call last):
  File "/app/energy_monitor_core/modules.py", line 163, in _loop
    self.poll_once()
  File "/app/energy_monitor_core/modules.py", line 150, in poll_once
    "sensor_types": snapshot["sensor_types"],
                    ~~~~~~~~^^^^^^^^^^^^^^^^
KeyError: 'sensor_types'
2026-07-25 04:59:48,989 ERROR [energy_monitor_core.module.victron] Module poll failed: 'sensor_types'
Traceback (most recent call last):
  File "/app/energy_monitor_core/modules.py", line 163, in _loop
    self.poll_once()
  File "/app/energy_monitor_core/modules.py", line 150, in poll_once
    "sensor_types": snapshot["sensor_types"],
                    ~~~~~~~~^^^^^^^^^^^^^^^^
KeyError: 'sensor_types'
2026-07-25 04:59:54,997 ERROR [energy_monitor_core.module.victron] Module poll failed: 'sensor_types'
Traceback (most recent call last):
  File "/app/energy_monitor_core/modules.py", line 163, in _loop
    self.poll_once()
  File "/app/energy_monitor_core/modules.py", line 150, in poll_once
    "sensor_types": snapshot["sensor_types"],
                    ~~~~~~~~^^^^^^^^^^^^^^^^
KeyError: 'sensor_types'
2026-07-25 05:00:01,005 ERROR [energy_monitor_core.module.victron] Module poll failed: 'sensor_types'
Traceback (most recent call last):
  File "/app/energy_monitor_core/modules.py", line 163, in _loop
    self.poll_once()
  File "/app/energy_monitor_core/modules.py", line 150, in poll_once
    "sensor_types": snapshot["sensor_types"],
                    ~~~~~~~~^^^^^^^^^^^^^^^^
KeyError: 'sensor_types'
2026-07-25 05:00:07,015 ERROR [energy_monitor_core.module.victron] Module poll failed: 'sensor_types'
Traceback (most recent call last):
  File "/app/energy_monitor_core/modules.py", line 163, in _loop
    self.poll_once()
  File "/app/energy_monitor_core/modules.py", line 150, in poll_once
    "sensor_types": snapshot["sensor_types"],
                    ~~~~~~~~^^^^^^^^^^^^^^^^
KeyError: 'sensor_types'
2026-07-25 05:00:13,026 ERROR [energy_monitor_core.module.victron] Module poll failed: 'sensor_types'
Traceback (most recent call last):
  File "/app/energy_monitor_core/modules.py", line 163, in _loop
    self.poll_once()
  File "/app/energy_monitor_core/modules.py", line 150, in poll_once
    "sensor_types": snapshot["sensor_types"],
                    ~~~~~~~~^^^^^^^^^^^^^^^^
KeyError: 'sensor_types'
2026-07-25 05:00:19,035 ERROR [energy_monitor_core.module.victron] Module poll failed: 'sensor_types'
Traceback (most recent call last):
  File "/app/energy_monitor_core/modules.py", line 163, in _loop
    self.poll_once()
  File "/app/energy_monitor_core/modules.py", line 150, in poll_once
    "sensor_types": snapshot["sensor_types"],
                    ~~~~~~~~^^^^^^^^^^^^^^^^
KeyError: 'sensor_types'
2026-07-25 05:00:25,044 ERROR [energy_monitor_core.module.victron] Module poll failed: 'sensor_types'
Traceback (most recent call last):
  File "/app/energy_monitor_core/modules.py", line 163, in _loop
    self.poll_once()
  File "/app/energy_monitor_core/modules.py", line 150, in poll_once
    "sensor_types": snapshot["sensor_types"],
                    ~~~~~~~~^^^^^^^^^^^^^^^^
KeyError: 'sensor_types'
2026-07-25 05:00:31,054 ERROR [energy_monitor_core.module.victron] Module poll failed: 'sensor_types'
Traceback (most recent call last):
  File "/app/energy_monitor_core/modules.py", line 163, in _loop
    self.poll_once()
  File "/app/energy_monitor_core/modules.py", line 150, in poll_once
    "sensor_types": snapshot["sensor_types"],
                    ~~~~~~~~^^^^^^^^^^^^^^^^
KeyError: 'sensor_types'
2026-07-25 05:00:37,064 ERROR [energy_monitor_core.module.victron] Module poll failed: 'sensor_types'
Traceback (most recent call last):
  File "/app/energy_monitor_core/modules.py", line 163, in _loop
    self.poll_once()
  File "/app/energy_monitor_core/modules.py", line 150, in poll_once
    "sensor_types": snapshot["sensor_types"],
                    ~~~~~~~~^^^^^^^^^^^^^^^^
KeyError: 'sensor_types'
2026-07-25 05:00:43,073 ERROR [energy_monitor_core.module.victron] Module poll failed: 'sensor_types'
Traceback (most recent call last):
  File "/app/energy_monitor_core/modules.py", line 163, in _loop
    self.poll_once()
  File "/app/energy_monitor_core/modules.py", line 150, in poll_once
    "sensor_types": snapshot["sensor_types"],
                    ~~~~~~~~^^^^^^^^^^^^^^^^
KeyError: 'sensor_types'
2026-07-25 05:00:49,082 ERROR [energy_monitor_core.module.victron] Module poll failed: 'sensor_types'
Traceback (most recent call last):
  File "/app/energy_monitor_core/modules.py", line 163, in _loop
    self.poll_once()
  File "/app/energy_monitor_core/modules.py", line 150, in poll_once
    "sensor_types": snapshot["sensor_types"],
                    ~~~~~~~~^^^^^^^^^^^^^^^^
KeyError: 'sensor_types'
2026-07-25 05:00:55,091 ERROR [energy_monitor_core.module.victron] Module poll failed: 'sensor_types'
Traceback (most recent call last):
  File "/app/energy_monitor_core/modules.py", line 163, in _loop
    self.poll_once()
  File "/app/energy_monitor_core/modules.py", line 150, in poll_once
    "sensor_types": snapshot["sensor_types"],
                    ~~~~~~~~^^^^^^^^^^^^^^^^
KeyError: 'sensor_types'
2026-07-25 05:01:01,100 ERROR [energy_monitor_core.module.victron] Module poll failed: 'sensor_types'
Traceback (most recent call last):
  File "/app/energy_monitor_core/modules.py", line 163, in _loop
    self.poll_once()
  File "/app/energy_monitor_core/modules.py", line 150, in poll_once
    "sensor_types": snapshot["sensor_types"],
                    ~~~~~~~~^^^^^^^^^^^^^^^^
KeyError: 'sensor_types'
2026-07-25 05:01:07,109 ERROR [energy_monitor_core.module.victron] Module poll failed: 'sensor_types'
Traceback (most recent call last):
  File "/app/energy_monitor_core/modules.py", line 163, in _loop
    self.poll_once()
  File "/app/energy_monitor_core/modules.py", line 150, in poll_once
    "sensor_types": snapshot["sensor_types"],
                    ~~~~~~~~^^^^^^^^^^^^^^^^
KeyError: 'sensor_types'
2026-07-25 05:01:13,118 ERROR [energy_monitor_core.module.victron] Module poll failed: 'sensor_types'
Traceback (most recent call last):
  File "/app/energy_monitor_core/modules.py", line 163, in _loop
    self.poll_once()
  File "/app/energy_monitor_core/modules.py", line 150, in poll_once
    "sensor_types": snapshot["sensor_types"],
                    ~~~~~~~~^^^^^^^^^^^^^^^^
KeyError: 'sensor_types'
2026-07-25 05:01:19,128 ERROR [energy_monitor_core.module.victron] Module poll failed: 'sensor_types'
Traceback (most recent call last):
  File "/app/energy_monitor_core/modules.py", line 163, in _loop
    self.poll_once()
  File "/app/energy_monitor_core/modules.py", line 150, in poll_once
    "sensor_types": snapshot["sensor_types"],
                    ~~~~~~~~^^^^^^^^^^^^^^^^
KeyError: 'sensor_types'
2026-07-25 05:01:25,138 ERROR [energy_monitor_core.module.victron] Module poll failed: 'sensor_types'
Traceback (most recent call last):
  File "/app/energy_monitor_core/modules.py", line 163, in _loop
    self.poll_once()
  File "/app/energy_monitor_core/modules.py", line 150, in poll_once
    "sensor_types": snapshot["sensor_types"],
                    ~~~~~~~~^^^^^^^^^^^^^^^^
KeyError: 'sensor_types'
2026-07-25 05:01:31,147 ERROR [energy_monitor_core.module.victron] Module poll failed: 'sensor_types'
Traceback (most recent call last):
  File "/app/energy_monitor_core/modules.py", line 163, in _loop
    self.poll_once()
  File "/app/energy_monitor_core/modules.py", line 150, in poll_once
    "sensor_types": snapshot["sensor_types"],
                    ~~~~~~~~^^^^^^^^^^^^^^^^
KeyError: 'sensor_types'
2026-07-25 05:01:37,157 ERROR [energy_monitor_core.module.victron] Module poll failed: 'sensor_types'
Traceback (most recent call last):
  File "/app/energy_monitor_core/modules.py", line 163, in _loop
    self.poll_once()
  File "/app/energy_monitor_core/modules.py", line 150, in poll_once
    "sensor_types": snapshot["sensor_types"],
                    ~~~~~~~~^^^^^^^^^^^^^^^^
KeyError: 'sensor_types'
2026-07-25 05:01:43,166 ERROR [energy_monitor_core.module.victron] Module poll failed: 'sensor_types'
Traceback (most recent call last):
  File "/app/energy_monitor_core/modules.py", line 163, in _loop
    self.poll_once()
  File "/app/energy_monitor_core/modules.py", line 150, in poll_once
    "sensor_types": snapshot["sensor_types"],
                    ~~~~~~~~^^^^^^^^^^^^^^^^
KeyError: 'sensor_types'
2026-07-25 05:01:49,172 ERROR [energy_monitor_core.module.victron] Module poll failed: 'sensor_types'
Traceback (most recent call last):
  File "/app/energy_monitor_core/modules.py", line 163, in _loop
    self.poll_once()
  File "/app/energy_monitor_core/modules.py", line 150, in poll_once
    "sensor_types": snapshot["sensor_types"],
                    ~~~~~~~~^^^^^^^^^^^^^^^^
KeyError: 'sensor_types'
2026-07-25 05:01:55,179 ERROR [energy_monitor_core.module.victron] Module poll failed: 'sensor_types'
Traceback (most recent call last):
  File "/app/energy_monitor_core/modules.py", line 163, in _loop
    self.poll_once()
  File "/app/energy_monitor_core/modules.py", line 150, in poll_once
    "sensor_types": snapshot["sensor_types"],
                    ~~~~~~~~^^^^^^^^^^^^^^^^
KeyError: 'sensor_types'
2026-07-25 05:02:01,188 ERROR [energy_monitor_core.module.victron] Module poll failed: 'sensor_types'
Traceback (most recent call last):
  File "/app/energy_monitor_core/modules.py", line 163, in _loop
    self.poll_once()
  File "/app/energy_monitor_core/modules.py", line 150, in poll_once
    "sensor_types": snapshot["sensor_types"],
                    ~~~~~~~~^^^^^^^^^^^^^^^^
KeyError: 'sensor_types'
2026-07-25 05:02:07,197 ERROR [energy_monitor_core.module.victron] Module poll failed: 'sensor_types'
Traceback (most recent call last):
  File "/app/energy_monitor_core/modules.py", line 163, in _loop
    self.poll_once()
  File "/app/energy_monitor_core/modules.py", line 150, in poll_once
    "sensor_types": snapshot["sensor_types"],
                    ~~~~~~~~^^^^^^^^^^^^^^^^
KeyError: 'sensor_types'
2026-07-25 05:02:13,207 ERROR [energy_monitor_core.module.victron] Module poll failed: 'sensor_types'
Traceback (most recent call last):
  File "/app/energy_monitor_core/modules.py", line 163, in _loop
    self.poll_once()
  File "/app/energy_monitor_core/modules.py", line 150, in poll_once
    "sensor_types": snapshot["sensor_types"],
                    ~~~~~~~~^^^^^^^^^^^^^^^^
KeyError: 'sensor_types'
2026-07-25 05:02:19,214 ERROR [energy_monitor_core.module.victron] Module poll failed: 'sensor_types'
Traceback (most recent call last):
  File "/app/energy_monitor_core/modules.py", line 163, in _loop
    self.poll_once()
  File "/app/energy_monitor_core/modules.py", line 150, in poll_once
    "sensor_types": snapshot["sensor_types"],
                    ~~~~~~~~^^^^^^^^^^^^^^^^
KeyError: 'sensor_types'
2026-07-25 05:02:25,221 ERROR [energy_monitor_core.module.victron] Module poll failed: 'sensor_types'
Traceback (most recent call last):
  File "/app/energy_monitor_core/modules.py", line 163, in _loop
    self.poll_once()
  File "/app/energy_monitor_core/modules.py", line 150, in poll_once
    "sensor_types": snapshot["sensor_types"],
                    ~~~~~~~~^^^^^^^^^^^^^^^^
KeyError: 'sensor_types'
2026-07-25 05:02:31,231 ERROR [energy_monitor_core.module.victron] Module poll failed: 'sensor_types'
Traceback (most recent call last):
  File "/app/energy_monitor_core/modules.py", line 163, in _loop
    self.poll_once()
  File "/app/energy_monitor_core/modules.py", line 150, in poll_once
    "sensor_types": snapshot["sensor_types"],
                    ~~~~~~~~^^^^^^^^^^^^^^^^
KeyError: 'sensor_types'
2026-07-25 05:02:37,238 ERROR [energy_monitor_core.module.victron] Module poll failed: 'sensor_types'
Traceback (most recent call last):
  File "/app/energy_monitor_core/modules.py", line 163, in _loop
    self.poll_once()
  File "/app/energy_monitor_core/modules.py", line 150, in poll_once
    "sensor_types": snapshot["sensor_types"],
                    ~~~~~~~~^^^^^^^^^^^^^^^^
KeyError: 'sensor_types'
2026-07-25 05:02:43,245 ERROR [energy_monitor_core.module.victron] Module poll failed: 'sensor_types'
Traceback (most recent call last):
  File "/app/energy_monitor_core/modules.py", line 163, in _loop
    self.poll_once()
  File "/app/energy_monitor_core/modules.py", line 150, in poll_once
    "sensor_types": snapshot["sensor_types"],
                    ~~~~~~~~^^^^^^^^^^^^^^^^
KeyError: 'sensor_types'
2026-07-25 05:02:49,254 ERROR [energy_monitor_core.module.victron] Module poll failed: 'sensor_types'
Traceback (most recent call last):
  File "/app/energy_monitor_core/modules.py", line 163, in _loop
    self.poll_once()
  File "/app/energy_monitor_core/modules.py", line 150, in poll_once
    "sensor_types": snapshot["sensor_types"],
                    ~~~~~~~~^^^^^^^^^^^^^^^^
KeyError: 'sensor_types'
2026-07-25 05:02:55,263 ERROR [energy_monitor_core.module.victron] Module poll failed: 'sensor_types'
Traceback (most recent call last):
  File "/app/energy_monitor_core/modules.py", line 163, in _loop
    self.poll_once()
  File "/app/energy_monitor_core/modules.py", line 150, in poll_once
    "sensor_types": snapshot["sensor_types"],
                    ~~~~~~~~^^^^^^^^^^^^^^^^
KeyError: 'sensor_types'
2026-07-25 05:03:01,272 ERROR [energy_monitor_core.module.victron] Module poll failed: 'sensor_types'
Traceback (most recent call last):
  File "/app/energy_monitor_core/modules.py", line 163, in _loop
    self.poll_once()
  File "/app/energy_monitor_core/modules.py", line 150, in poll_once
    "sensor_types": snapshot["sensor_types"],
                    ~~~~~~~~^^^^^^^^^^^^^^^^
KeyError: 'sensor_types'
2026-07-25 05:03:07,281 ERROR [energy_monitor_core.module.victron] Module poll failed: 'sensor_types'
Traceback (most recent call last):
  File "/app/energy_monitor_core/modules.py", line 163, in _loop
    self.poll_once()
  File "/app/energy_monitor_core/modules.py", line 150, in poll_once
    "sensor_types": snapshot["sensor_types"],
                    ~~~~~~~~^^^^^^^^^^^^^^^^
KeyError: 'sensor_types'
2026-07-25 05:03:13,291 ERROR [energy_monitor_core.module.victron] Module poll failed: 'sensor_types'
Traceback (most recent call last):
  File "/app/energy_monitor_core/modules.py", line 163, in _loop
    self.poll_once()
  File "/app/energy_monitor_core/modules.py", line 150, in poll_once
    "sensor_types": snapshot["sensor_types"],
                    ~~~~~~~~^^^^^^^^^^^^^^^^
KeyError: 'sensor_types'
2026-07-25 05:03:19,301 ERROR [energy_monitor_core.module.victron] Module poll failed: 'sensor_types'
Traceback (most recent call last):
  File "/app/energy_monitor_core/modules.py", line 163, in _loop
    self.poll_once()
  File "/app/energy_monitor_core/modules.py", line 150, in poll_once
    "sensor_types": snapshot["sensor_types"],
                    ~~~~~~~~^^^^^^^^^^^^^^^^
KeyError: 'sensor_types'
2026-07-25 05:03:25,310 ERROR [energy_monitor_core.module.victron] Module poll failed: 'sensor_types'
Traceback (most recent call last):
  File "/app/energy_monitor_core/modules.py", line 163, in _loop
    self.poll_once()
  File "/app/energy_monitor_core/modules.py", line 150, in poll_once
    "sensor_types": snapshot["sensor_types"],
                    ~~~~~~~~^^^^^^^^^^^^^^^^
KeyError: 'sensor_types'
2026-07-25 05:03:31,315 ERROR [energy_monitor_core.module.victron] Module poll failed: 'sensor_types'
Traceback (most recent call last):
  File "/app/energy_monitor_core/modules.py", line 163, in _loop
    self.poll_once()
  File "/app/energy_monitor_core/modules.py", line 150, in poll_once
    "sensor_types": snapshot["sensor_types"],
                    ~~~~~~~~^^^^^^^^^^^^^^^^
KeyError: 'sensor_types'
2026-07-25 05:03:37,324 ERROR [energy_monitor_core.module.victron] Module poll failed: 'sensor_types'
Traceback (most recent call last):
  File "/app/energy_monitor_core/modules.py", line 163, in _loop
    self.poll_once()
  File "/app/energy_monitor_core/modules.py", line 150, in poll_once
    "sensor_types": snapshot["sensor_types"],
                    ~~~~~~~~^^^^^^^^^^^^^^^^
KeyError: 'sensor_types'
2026-07-25 05:03:43,334 ERROR [energy_monitor_core.module.victron] Module poll failed: 'sensor_types'
Traceback (most recent call last):
  File "/app/energy_monitor_core/modules.py", line 163, in _loop
    self.poll_once()
  File "/app/energy_monitor_core/modules.py", line 150, in poll_once
    "sensor_types": snapshot["sensor_types"],
                    ~~~~~~~~^^^^^^^^^^^^^^^^
KeyError: 'sensor_types'
2026-07-25 05:03:49,343 ERROR [energy_monitor_core.module.victron] Module poll failed: 'sensor_types'
Traceback (most recent call last):
  File "/app/energy_monitor_core/modules.py", line 163, in _loop
    self.poll_once()
  File "/app/energy_monitor_core/modules.py", line 150, in poll_once
    "sensor_types": snapshot["sensor_types"],
                    ~~~~~~~~^^^^^^^^^^^^^^^^
KeyError: 'sensor_types'
2026-07-25 05:03:55,352 ERROR [energy_monitor_core.module.victron] Module poll failed: 'sensor_types'
Traceback (most recent call last):
  File "/app/energy_monitor_core/modules.py", line 163, in _loop
    self.poll_once()
  File "/app/energy_monitor_core/modules.py", line 150, in poll_once
    "sensor_types": snapshot["sensor_types"],
                    ~~~~~~~~^^^^^^^^^^^^^^^^
KeyError: 'sensor_types'
2026-07-25 05:04:01,362 ERROR [energy_monitor_core.module.victron] Module poll failed: 'sensor_types'
Traceback (most recent call last):
  File "/app/energy_monitor_core/modules.py", line 163, in _loop
    self.poll_once()
  File "/app/energy_monitor_core/modules.py", line 150, in poll_once
    "sensor_types": snapshot["sensor_types"],
                    ~~~~~~~~^^^^^^^^^^^^^^^^
KeyError: 'sensor_types'
2026-07-25 05:04:07,371 ERROR [energy_monitor_core.module.victron] Module poll failed: 'sensor_types'
Traceback (most recent call last):
  File "/app/energy_monitor_core/modules.py", line 163, in _loop
    self.poll_once()
  File "/app/energy_monitor_core/modules.py", line 150, in poll_once
    "sensor_types": snapshot["sensor_types"],
                    ~~~~~~~~^^^^^^^^^^^^^^^^
KeyError: 'sensor_types'
2026-07-25 05:04:13,381 ERROR [energy_monitor_core.module.victron] Module poll failed: 'sensor_types'
Traceback (most recent call last):
  File "/app/energy_monitor_core/modules.py", line 163, in _loop
    self.poll_once()
  File "/app/energy_monitor_core/modules.py", line 150, in poll_once
    "sensor_types": snapshot["sensor_types"],
                    ~~~~~~~~^^^^^^^^^^^^^^^^
KeyError: 'sensor_types'
2026-07-25 05:04:19,388 ERROR [energy_monitor_core.module.victron] Module poll failed: 'sensor_types'
Traceback (most recent call last):
  File "/app/energy_monitor_core/modules.py", line 163, in _loop
    self.poll_once()
  File "/app/energy_monitor_core/modules.py", line 150, in poll_once
    "sensor_types": snapshot["sensor_types"],
                    ~~~~~~~~^^^^^^^^^^^^^^^^
KeyError: 'sensor_types'
2026-07-25 05:04:25,395 ERROR [energy_monitor_core.module.victron] Module poll failed: 'sensor_types'
Traceback (most recent call last):
  File "/app/energy_monitor_core/modules.py", line 163, in _loop
    self.poll_once()
  File "/app/energy_monitor_core/modules.py", line 150, in poll_once
    "sensor_types": snapshot["sensor_types"],
                    ~~~~~~~~^^^^^^^^^^^^^^^^
KeyError: 'sensor_types'
2026-07-25 05:04:31,405 ERROR [energy_monitor_core.module.victron] Module poll failed: 'sensor_types'
Traceback (most recent call last):
  File "/app/energy_monitor_core/modules.py", line 163, in _loop
    self.poll_once()
  File "/app/energy_monitor_core/modules.py", line 150, in poll_once
    "sensor_types": snapshot["sensor_types"],
                    ~~~~~~~~^^^^^^^^^^^^^^^^
KeyError: 'sensor_types'
2026-07-25 05:04:37,416 ERROR [energy_monitor_core.module.victron] Module poll failed: 'sensor_types'
Traceback (most recent call last):
  File "/app/energy_monitor_core/modules.py", line 163, in _loop
    self.poll_once()
  File "/app/energy_monitor_core/modules.py", line 150, in poll_once
    "sensor_types": snapshot["sensor_types"],
                    ~~~~~~~~^^^^^^^^^^^^^^^^
KeyError: 'sensor_types'
2026-07-25 05:04:43,426 ERROR [energy_monitor_core.module.victron] Module poll failed: 'sensor_types'
Traceback (most recent call last):
  File "/app/energy_monitor_core/modules.py", line 163, in _loop
    self.poll_once()
  File "/app/energy_monitor_core/modules.py", line 150, in poll_once
    "sensor_types": snapshot["sensor_types"],
                    ~~~~~~~~^^^^^^^^^^^^^^^^
KeyError: 'sensor_types'
2026-07-25 05:04:49,436 ERROR [energy_monitor_core.module.victron] Module poll failed: 'sensor_types'
Traceback (most recent call last):
  File "/app/energy_monitor_core/modules.py", line 163, in _loop
    self.poll_once()
  File "/app/energy_monitor_core/modules.py", line 150, in poll_once
    "sensor_types": snapshot["sensor_types"],
                    ~~~~~~~~^^^^^^^^^^^^^^^^
KeyError: 'sensor_types'
2026-07-25 05:04:55,445 ERROR [energy_monitor_core.module.victron] Module poll failed: 'sensor_types'
Traceback (most recent call last):
  File "/app/energy_monitor_core/modules.py", line 163, in _loop
    self.poll_once()
  File "/app/energy_monitor_core/modules.py", line 150, in poll_once
    "sensor_types": snapshot["sensor_types"],
                    ~~~~~~~~^^^^^^^^^^^^^^^^
KeyError: 'sensor_types'
2026-07-25 05:05:01,455 ERROR [energy_monitor_core.module.victron] Module poll failed: 'sensor_types'
Traceback (most recent call last):
  File "/app/energy_monitor_core/modules.py", line 163, in _loop
    self.poll_once()
  File "/app/energy_monitor_core/modules.py", line 150, in poll_once
    "sensor_types": snapshot["sensor_types"],
                    ~~~~~~~~^^^^^^^^^^^^^^^^
KeyError: 'sensor_types'
2026-07-25 05:05:07,466 ERROR [energy_monitor_core.module.victron] Module poll failed: 'sensor_types'
Traceback (most recent call last):
  File "/app/energy_monitor_core/modules.py", line 163, in _loop
    self.poll_once()
  File "/app/energy_monitor_core/modules.py", line 150, in poll_once
    "sensor_types": snapshot["sensor_types"],
                    ~~~~~~~~^^^^^^^^^^^^^^^^
KeyError: 'sensor_types'
2026-07-25 05:05:13,475 ERROR [energy_monitor_core.module.victron] Module poll failed: 'sensor_types'
Traceback (most recent call last):
  File "/app/energy_monitor_core/modules.py", line 163, in _loop
    self.poll_once()
  File "/app/energy_monitor_core/modules.py", line 150, in poll_once
    "sensor_types": snapshot["sensor_types"],
                    ~~~~~~~~^^^^^^^^^^^^^^^^
KeyError: 'sensor_types'
2026-07-25 05:05:19,484 ERROR [energy_monitor_core.module.victron] Module poll failed: 'sensor_types'
Traceback (most recent call last):
  File "/app/energy_monitor_core/modules.py", line 163, in _loop
    self.poll_once()
  File "/app/energy_monitor_core/modules.py", line 150, in poll_once
    "sensor_types": snapshot["sensor_types"],
                    ~~~~~~~~^^^^^^^^^^^^^^^^
KeyError: 'sensor_types'
2026-07-25 05:05:25,489 ERROR [energy_monitor_core.module.victron] Module poll failed: 'sensor_types'
Traceback (most recent call last):
  File "/app/energy_monitor_core/modules.py", line 163, in _loop
    self.poll_once()
  File "/app/energy_monitor_core/modules.py", line 150, in poll_once
    "sensor_types": snapshot["sensor_types"],
                    ~~~~~~~~^^^^^^^^^^^^^^^^
KeyError: 'sensor_types'
2026-07-25 05:05:31,498 ERROR [energy_monitor_core.module.victron] Module poll failed: 'sensor_types'
Traceback (most recent call last):
  File "/app/energy_monitor_core/modules.py", line 163, in _loop
    self.poll_once()
  File "/app/energy_monitor_core/modules.py", line 150, in poll_once
    "sensor_types": snapshot["sensor_types"],
                    ~~~~~~~~^^^^^^^^^^^^^^^^
KeyError: 'sensor_types'
2026-07-25 05:05:37,508 ERROR [energy_monitor_core.module.victron] Module poll failed: 'sensor_types'
Traceback (most recent call last):
  File "/app/energy_monitor_core/modules.py", line 163, in _loop
    self.poll_once()
  File "/app/energy_monitor_core/modules.py", line 150, in poll_once
    "sensor_types": snapshot["sensor_types"],
                    ~~~~~~~~^^^^^^^^^^^^^^^^
KeyError: 'sensor_types'
2026-07-25 05:05:43,518 ERROR [energy_monitor_core.module.victron] Module poll failed: 'sensor_types'
Traceback (most recent call last):
  File "/app/energy_monitor_core/modules.py", line 163, in _loop
    self.poll_once()
  File "/app/energy_monitor_core/modules.py", line 150, in poll_once
    "sensor_types": snapshot["sensor_types"],
                    ~~~~~~~~^^^^^^^^^^^^^^^^
KeyError: 'sensor_types'
2026-07-25 05:05:49,528 ERROR [energy_monitor_core.module.victron] Module poll failed: 'sensor_types'
Traceback (most recent call last):
  File "/app/energy_monitor_core/modules.py", line 163, in _loop
    self.poll_once()
  File "/app/energy_monitor_core/modules.py", line 150, in poll_once
    "sensor_types": snapshot["sensor_types"],
                    ~~~~~~~~^^^^^^^^^^^^^^^^
KeyError: 'sensor_types'
2026-07-25 05:05:55,537 ERROR [energy_monitor_core.module.victron] Module poll failed: 'sensor_types'
Traceback (most recent call last):
  File "/app/energy_monitor_core/modules.py", line 163, in _loop
    self.poll_once()
  File "/app/energy_monitor_core/modules.py", line 150, in poll_once
    "sensor_types": snapshot["sensor_types"],
                    ~~~~~~~~^^^^^^^^^^^^^^^^
KeyError: 'sensor_types'
2026-07-25 05:06:01,547 ERROR [energy_monitor_core.module.victron] Module poll failed: 'sensor_types'
Traceback (most recent call last):
  File "/app/energy_monitor_core/modules.py", line 163, in _loop
    self.poll_once()
  File "/app/energy_monitor_core/modules.py", line 150, in poll_once
    "sensor_types": snapshot["sensor_types"],
                    ~~~~~~~~^^^^^^^^^^^^^^^^
KeyError: 'sensor_types'
2026-07-25 05:06:07,555 ERROR [energy_monitor_core.module.victron] Module poll failed: 'sensor_types'
Traceback (most recent call last):
  File "/app/energy_monitor_core/modules.py", line 163, in _loop
    self.poll_once()
  File "/app/energy_monitor_core/modules.py", line 150, in poll_once
    "sensor_types": snapshot["sensor_types"],
                    ~~~~~~~~^^^^^^^^^^^^^^^^
KeyError: 'sensor_types'
2026-07-25 05:06:13,564 ERROR [energy_monitor_core.module.victron] Module poll failed: 'sensor_types'
Traceback (most recent call last):
  File "/app/energy_monitor_core/modules.py", line 163, in _loop
    self.poll_once()
  File "/app/energy_monitor_core/modules.py", line 150, in poll_once
    "sensor_types": snapshot["sensor_types"],
                    ~~~~~~~~^^^^^^^^^^^^^^^^
KeyError: 'sensor_types'
2026-07-25 05:06:19,573 ERROR [energy_monitor_core.module.victron] Module poll failed: 'sensor_types'
Traceback (most recent call last):
  File "/app/energy_monitor_core/modules.py", line 163, in _loop
    self.poll_once()
  File "/app/energy_monitor_core/modules.py", line 150, in poll_once
    "sensor_types": snapshot["sensor_types"],
                    ~~~~~~~~^^^^^^^^^^^^^^^^
KeyError: 'sensor_types'
2026-07-25 05:06:25,582 ERROR [energy_monitor_core.module.victron] Module poll failed: 'sensor_types'
Traceback (most recent call last):
  File "/app/energy_monitor_core/modules.py", line 163, in _loop
    self.poll_once()
  File "/app/energy_monitor_core/modules.py", line 150, in poll_once
    "sensor_types": snapshot["sensor_types"],
                    ~~~~~~~~^^^^^^^^^^^^^^^^
KeyError: 'sensor_types'
2026-07-25 05:06:31,591 ERROR [energy_monitor_core.module.victron] Module poll failed: 'sensor_types'
Traceback (most recent call last):
  File "/app/energy_monitor_core/modules.py", line 163, in _loop
    self.poll_once()
  File "/app/energy_monitor_core/modules.py", line 150, in poll_once
    "sensor_types": snapshot["sensor_types"],
                    ~~~~~~~~^^^^^^^^^^^^^^^^
KeyError: 'sensor_types'
2026-07-25 05:06:37,601 ERROR [energy_monitor_core.module.victron] Module poll failed: 'sensor_types'
Traceback (most recent call last):
  File "/app/energy_monitor_core/modules.py", line 163, in _loop
    self.poll_once()
  File "/app/energy_monitor_core/modules.py", line 150, in poll_once
    "sensor_types": snapshot["sensor_types"],
                    ~~~~~~~~^^^^^^^^^^^^^^^^
KeyError: 'sensor_types'
2026-07-25 05:06:43,611 ERROR [energy_monitor_core.module.victron] Module poll failed: 'sensor_types'
Traceback (most recent call last):
  File "/app/energy_monitor_core/modules.py", line 163, in _loop
    self.poll_once()
  File "/app/energy_monitor_core/modules.py", line 150, in poll_once
    "sensor_types": snapshot["sensor_types"],
                    ~~~~~~~~^^^^^^^^^^^^^^^^
KeyError: 'sensor_types'
2026-07-25 05:06:49,619 ERROR [energy_monitor_core.module.victron] Module poll failed: 'sensor_types'
Traceback (most recent call last):
  File "/app/energy_monitor_core/modules.py", line 163, in _loop
    self.poll_once()
  File "/app/energy_monitor_core/modules.py", line 150, in poll_once
    "sensor_types": snapshot["sensor_types"],
                    ~~~~~~~~^^^^^^^^^^^^^^^^
KeyError: 'sensor_types'
2026-07-25 05:06:55,628 ERROR [energy_monitor_core.module.victron] Module poll failed: 'sensor_types'
Traceback (most recent call last):
  File "/app/energy_monitor_core/modules.py", line 163, in _loop
    self.poll_once()
  File "/app/energy_monitor_core/modules.py", line 150, in poll_once
    "sensor_types": snapshot["sensor_types"],
                    ~~~~~~~~^^^^^^^^^^^^^^^^
KeyError: 'sensor_types'
2026-07-25 05:07:01,638 ERROR [energy_monitor_core.module.victron] Module poll failed: 'sensor_types'
Traceback (most recent call last):
  File "/app/energy_monitor_core/modules.py", line 163, in _loop
    self.poll_once()
  File "/app/energy_monitor_core/modules.py", line 150, in poll_once
    "sensor_types": snapshot["sensor_types"],
                    ~~~~~~~~^^^^^^^^^^^^^^^^
KeyError: 'sensor_types'
2026-07-25 05:07:07,648 ERROR [energy_monitor_core.module.victron] Module poll failed: 'sensor_types'
Traceback (most recent call last):
  File "/app/energy_monitor_core/modules.py", line 163, in _loop
    self.poll_once()
  File "/app/energy_monitor_core/modules.py", line 150, in poll_once
    "sensor_types": snapshot["sensor_types"],
                    ~~~~~~~~^^^^^^^^^^^^^^^^
KeyError: 'sensor_types'
2026-07-25 05:07:13,657 ERROR [energy_monitor_core.module.victron] Module poll failed: 'sensor_types'
Traceback (most recent call last):
  File "/app/energy_monitor_core/modules.py", line 163, in _loop
    self.poll_once()
  File "/app/energy_monitor_core/modules.py", line 150, in poll_once
    "sensor_types": snapshot["sensor_types"],
                    ~~~~~~~~^^^^^^^^^^^^^^^^
KeyError: 'sensor_types'
2026-07-25 05:07:19,668 ERROR [energy_monitor_core.module.victron] Module poll failed: 'sensor_types'
Traceback (most recent call last):
  File "/app/energy_monitor_core/modules.py", line 163, in _loop
    self.poll_once()
  File "/app/energy_monitor_core/modules.py", line 150, in poll_once
    "sensor_types": snapshot["sensor_types"],
                    ~~~~~~~~^^^^^^^^^^^^^^^^
KeyError: 'sensor_types'
2026-07-25 05:07:25,679 ERROR [energy_monitor_core.module.victron] Module poll failed: 'sensor_types'
Traceback (most recent call last):
  File "/app/energy_monitor_core/modules.py", line 163, in _loop
    self.poll_once()
  File "/app/energy_monitor_core/modules.py", line 150, in poll_once
    "sensor_types": snapshot["sensor_types"],
                    ~~~~~~~~^^^^^^^^^^^^^^^^
KeyError: 'sensor_types'
2026-07-25 05:07:31,689 ERROR [energy_monitor_core.module.victron] Module poll failed: 'sensor_types'
Traceback (most recent call last):
  File "/app/energy_monitor_core/modules.py", line 163, in _loop
    self.poll_once()
  File "/app/energy_monitor_core/modules.py", line 150, in poll_once
    "sensor_types": snapshot["sensor_types"],
                    ~~~~~~~~^^^^^^^^^^^^^^^^
KeyError: 'sensor_types'
2026-07-25 05:07:37,698 ERROR [energy_monitor_core.module.victron] Module poll failed: 'sensor_types'
Traceback (most recent call last):
  File "/app/energy_monitor_core/modules.py", line 163, in _loop
    self.poll_once()
  File "/app/energy_monitor_core/modules.py", line 150, in poll_once
    "sensor_types": snapshot["sensor_types"],
                    ~~~~~~~~^^^^^^^^^^^^^^^^
KeyError: 'sensor_types'
2026-07-25 05:07:43,707 ERROR [energy_monitor_core.module.victron] Module poll failed: 'sensor_types'
Traceback (most recent call last):
  File "/app/energy_monitor_core/modules.py", line 163, in _loop
    self.poll_once()
  File "/app/energy_monitor_core/modules.py", line 150, in poll_once
    "sensor_types": snapshot["sensor_types"],
                    ~~~~~~~~^^^^^^^^^^^^^^^^
KeyError: 'sensor_types'
2026-07-25 05:07:49,718 ERROR [energy_monitor_core.module.victron] Module poll failed: 'sensor_types'
Traceback (most recent call last):
  File "/app/energy_monitor_core/modules.py", line 163, in _loop
    self.poll_once()
  File "/app/energy_monitor_core/modules.py", line 150, in poll_once
    "sensor_types": snapshot["sensor_types"],
                    ~~~~~~~~^^^^^^^^^^^^^^^^
KeyError: 'sensor_types'
2026-07-25 05:07:55,733 ERROR [energy_monitor_core.module.victron] Module poll failed: 'sensor_types'
Traceback (most recent call last):
  File "/app/energy_monitor_core/modules.py", line 163, in _loop
    self.poll_once()
  File "/app/energy_monitor_core/modules.py", line 150, in poll_once
    "sensor_types": snapshot["sensor_types"],
                    ~~~~~~~~^^^^^^^^^^^^^^^^
KeyError: 'sensor_types'
2026-07-25 05:08:01,744 ERROR [energy_monitor_core.module.victron] Module poll failed: 'sensor_types'
Traceback (most recent call last):
  File "/app/energy_monitor_core/modules.py", line 163, in _loop
    self.poll_once()
  File "/app/energy_monitor_core/modules.py", line 150, in poll_once
    "sensor_types": snapshot["sensor_types"],
                    ~~~~~~~~^^^^^^^^^^^^^^^^
KeyError: 'sensor_types'
2026-07-25 05:08:07,754 ERROR [energy_monitor_core.module.victron] Module poll failed: 'sensor_types'
Traceback (most recent call last):
  File "/app/energy_monitor_core/modules.py", line 163, in _loop
    self.poll_once()
  File "/app/energy_monitor_core/modules.py", line 150, in poll_once
    "sensor_types": snapshot["sensor_types"],
                    ~~~~~~~~^^^^^^^^^^^^^^^^
KeyError: 'sensor_types'
2026-07-25 05:08:13,763 ERROR [energy_monitor_core.module.victron] Module poll failed: 'sensor_types'
Traceback (most recent call last):
  File "/app/energy_monitor_core/modules.py", line 163, in _loop
    self.poll_once()
  File "/app/energy_monitor_core/modules.py", line 150, in poll_once
    "sensor_types": snapshot["sensor_types"],
                    ~~~~~~~~^^^^^^^^^^^^^^^^
KeyError: 'sensor_types'
2026-07-25 05:08:19,773 ERROR [energy_monitor_core.module.victron] Module poll failed: 'sensor_types'
Traceback (most recent call last):
  File "/app/energy_monitor_core/modules.py", line 163, in _loop
    self.poll_once()
  File "/app/energy_monitor_core/modules.py", line 150, in poll_once
    "sensor_types": snapshot["sensor_types"],
                    ~~~~~~~~^^^^^^^^^^^^^^^^
KeyError: 'sensor_types'
2026-07-25 05:08:25,782 ERROR [energy_monitor_core.module.victron] Module poll failed: 'sensor_types'
Traceback (most recent call last):
  File "/app/energy_monitor_core/modules.py", line 163, in _loop
    self.poll_once()
  File "/app/energy_monitor_core/modules.py", line 150, in poll_once
    "sensor_types": snapshot["sensor_types"],
                    ~~~~~~~~^^^^^^^^^^^^^^^^
KeyError: 'sensor_types'
2026-07-25 05:08:31,788 ERROR [energy_monitor_core.module.victron] Module poll failed: 'sensor_types'
Traceback (most recent call last):
  File "/app/energy_monitor_core/modules.py", line 163, in _loop
    self.poll_once()
  File "/app/energy_monitor_core/modules.py", line 150, in poll_once
    "sensor_types": snapshot["sensor_types"],
                    ~~~~~~~~^^^^^^^^^^^^^^^^
KeyError: 'sensor_types'
2026-07-25 05:08:37,796 ERROR [energy_monitor_core.module.victron] Module poll failed: 'sensor_types'
Traceback (most recent call last):
  File "/app/energy_monitor_core/modules.py", line 163, in _loop
    self.poll_once()
  File "/app/energy_monitor_core/modules.py", line 150, in poll_once
    "sensor_types": snapshot["sensor_types"],
                    ~~~~~~~~^^^^^^^^^^^^^^^^
KeyError: 'sensor_types'
2026-07-25 05:08:43,806 ERROR [energy_monitor_core.module.victron] Module poll failed: 'sensor_types'
Traceback (most recent call last):
  File "/app/energy_monitor_core/modules.py", line 163, in _loop
    self.poll_once()
  File "/app/energy_monitor_core/modules.py", line 150, in poll_once
    "sensor_types": snapshot["sensor_types"],
                    ~~~~~~~~^^^^^^^^^^^^^^^^
KeyError: 'sensor_types'
2026-07-25 05:08:49,816 ERROR [energy_monitor_core.module.victron] Module poll failed: 'sensor_types'
Traceback (most recent call last):
  File "/app/energy_monitor_core/modules.py", line 163, in _loop
    }))
        
  File "/app/energy_monitor_core/modules.py", line 150, in poll_once
KeyError: 'sensor_types'
2026-07-25 05:08:55,827 ERROR [energy_monitor_core.module.victron] Module poll failed: 'sensor_types'
Traceback (most recent call last):
  File "/app/energy_monitor_core/modules.py", line 163, in _loop
    }))
        
  File "/app/energy_monitor_core/modules.py", line 150, in poll_once
KeyError: 'sensor_types'
2026-07-25 05:09:01,839 ERROR [energy_monitor_core.module.victron] Module poll failed: 'sensor_types'
Traceback (most recent call last):
  File "/app/energy_monitor_core/modules.py", line 163, in _loop
    }))
        
  File "/app/energy_monitor_core/modules.py", line 150, in poll_once
KeyError: 'sensor_types'
2026-07-25 05:09:07,851 ERROR [energy_monitor_core.module.victron] Module poll failed: 'sensor_types'
Traceback (most recent call last):
  File "/app/energy_monitor_core/modules.py", line 163, in _loop
    }))
        
  File "/app/energy_monitor_core/modules.py", line 150, in poll_once
KeyError: 'sensor_types'
2026-07-25 05:09:13,878 ERROR [energy_monitor_core.module.victron] Module poll failed: 'sensor_types'
Traceback (most recent call last):
  File "/app/energy_monitor_core/modules.py", line 163, in _loop
    }))
        
  File "/app/energy_monitor_core/modules.py", line 150, in poll_once
KeyError: 'sensor_types'
2026-07-25 05:09:19,906 ERROR [energy_monitor_core.module.victron] Module poll failed: 'sensor_types'
Traceback (most recent call last):
  File "/app/energy_monitor_core/modules.py", line 163, in _loop
    }))
        
  File "/app/energy_monitor_core/modules.py", line 150, in poll_once
KeyError: 'sensor_types'
2026-07-25 05:09:25,925 ERROR [energy_monitor_core.module.victron] Module poll failed: 'sensor_types'
Traceback (most recent call last):
  File "/app/energy_monitor_core/modules.py", line 163, in _loop
    }))
        
  File "/app/energy_monitor_core/modules.py", line 150, in poll_once
KeyError: 'sensor_types'
2026-07-25 05:09:31,937 ERROR [energy_monitor_core.module.victron] Module poll failed: 'sensor_types'
Traceback (most recent call last):
  File "/app/energy_monitor_core/modules.py", line 163, in _loop
    }))
        
  File "/app/energy_monitor_core/modules.py", line 150, in poll_once
KeyError: 'sensor_types'
2026-07-25 05:11:19,722 INFO [energy_monitor_core.module.victron] Module runtime started
2026-07-25 05:11:19,819 ERROR [energy_monitor_core.module.victron] Module poll failed: 'sensor_types'
Traceback (most recent call last):
  File "/app/energy_monitor_core/modules.py", line 175, in _loop
    try:
        ^
  File "/app/energy_monitor_core/modules.py", line 162, in poll_once
    "sensor_count": snapshot["sensor_count"],
                    ~~~~~~~~^^^^^^^^^^^^^^^^
KeyError: 'sensor_types'
2026-07-25 05:11:25,918 ERROR [energy_monitor_core.module.victron] Module poll failed: 'sensor_types'
Traceback (most recent call last):
  File "/app/energy_monitor_core/modules.py", line 175, in _loop
    try:
        ^
  File "/app/energy_monitor_core/modules.py", line 162, in poll_once
    "sensor_count": snapshot["sensor_count"],
                    ~~~~~~~~^^^^^^^^^^^^^^^^
KeyError: 'sensor_types'
2026-07-25 05:11:31,937 ERROR [energy_monitor_core.module.victron] Module poll failed: 'sensor_types'
Traceback (most recent call last):
  File "/app/energy_monitor_core/modules.py", line 175, in _loop
    try:
        ^
  File "/app/energy_monitor_core/modules.py", line 162, in poll_once
    "sensor_count": snapshot["sensor_count"],
                    ~~~~~~~~^^^^^^^^^^^^^^^^
KeyError: 'sensor_types'
2026-07-25 05:13:53,621 INFO [energy_monitor_core.module.victron] Module runtime started
2026-07-25 05:13:53,644 ERROR [energy_monitor_core.module.victron] Module poll failed
Traceback (most recent call last):
  File "/app/energy_monitor_core/modules.py", line 176, in _loop
    except Exception:
        ^^^^^^^^^^^^^^
  File "/app/energy_monitor_core/modules.py", line 163, in poll_once
    }))
        
KeyError: 'sensor_types'
2026-07-25 05:13:59,695 ERROR [energy_monitor_core.module.victron] Module poll failed
Traceback (most recent call last):
  File "/app/energy_monitor_core/modules.py", line 176, in _loop
    except Exception:
        ^^^^^^^^^^^^^^
  File "/app/energy_monitor_core/modules.py", line 163, in poll_once
    }))
        
KeyError: 'sensor_types'
2026-07-25 05:14:05,737 ERROR [energy_monitor_core.module.victron] Module poll failed
Traceback (most recent call last):
  File "/app/energy_monitor_core/modules.py", line 176, in _loop
    except Exception:
        ^^^^^^^^^^^^^^
  File "/app/energy_monitor_core/modules.py", line 163, in poll_once
    }))
        
KeyError: 'sensor_types'
2026-07-25 05:15:14,221 INFO [energy_monitor_core.module.victron] Module runtime started
2026-07-25 05:15:14,500 ERROR [energy_monitor_core.module.victron] Module poll failed
Traceback (most recent call last):
  File "/app/energy_monitor_core/modules.py", line 175, in _loop
    self.poll_once()
  File "/app/energy_monitor_core/modules.py", line 162, in poll_once
    "sensor_types": snapshot["sensor_types"],
                    ~~~~~~~~^^^^^^^^^^^^^^^^
KeyError: 'sensor_types'
2026-07-25 05:15:20,520 ERROR [energy_monitor_core.module.victron] Module poll failed
Traceback (most recent call last):
  File "/app/energy_monitor_core/modules.py", line 175, in _loop
    self.poll_once()
  File "/app/energy_monitor_core/modules.py", line 162, in poll_once
    "sensor_types": snapshot["sensor_types"],
                    ~~~~~~~~^^^^^^^^^^^^^^^^
KeyError: 'sensor_types'
2026-07-25 05:16:15,703 INFO [energy_monitor_core.module.victron] Module runtime started
2026-07-25 05:16:15,881 ERROR [energy_monitor_core.module.victron] Module poll failed
Traceback (most recent call last):
  File "/app/energy_monitor_core/modules.py", line 175, in _loop
    self.poll_once()
  File "/app/energy_monitor_core/modules.py", line 162, in poll_once
    "sensor_types": snapshot["sensor_types"],
                    ~~~~~~~~^^^^^^^^^^^^^^^^
KeyError: 'sensor_types'
2026-07-25 05:17:07,627 INFO [energy_monitor_core.module.victron] Module runtime started
2026-07-25 05:17:07,730 ERROR [energy_monitor_core.module.victron] Module poll failed
Traceback (most recent call last):
  File "/app/energy_monitor_core/modules.py", line 175, in _loop
    try:
        ^
  File "/app/energy_monitor_core/modules.py", line 162, in poll_once
    "sensor_count": snapshot["sensor_count"],
                    ~~~~~~~~^^^^^^^^^^^^^^^^
KeyError: 'sensor_types'
2026-07-25 05:17:13,781 ERROR [energy_monitor_core.module.victron] Module poll failed
Traceback (most recent call last):
  File "/app/energy_monitor_core/modules.py", line 175, in _loop
    try:
        ^
  File "/app/energy_monitor_core/modules.py", line 162, in poll_once
    "sensor_count": snapshot["sensor_count"],
                    ~~~~~~~~^^^^^^^^^^^^^^^^
KeyError: 'sensor_types'
2026-07-25 05:17:19,797 ERROR [energy_monitor_core.module.victron] Module poll failed
Traceback (most recent call last):
  File "/app/energy_monitor_core/modules.py", line 175, in _loop
    try:
        ^
  File "/app/energy_monitor_core/modules.py", line 162, in poll_once
    "sensor_count": snapshot["sensor_count"],
                    ~~~~~~~~^^^^^^^^^^^^^^^^
KeyError: 'sensor_types'
2026-07-25 05:17:25,815 ERROR [energy_monitor_core.module.victron] Module poll failed
Traceback (most recent call last):
  File "/app/energy_monitor_core/modules.py", line 175, in _loop
    try:
        ^
  File "/app/energy_monitor_core/modules.py", line 162, in poll_once
    "sensor_count": snapshot["sensor_count"],
                    ~~~~~~~~^^^^^^^^^^^^^^^^
KeyError: 'sensor_types'
2026-07-25 05:17:31,828 ERROR [energy_monitor_core.module.victron] Module poll failed
Traceback (most recent call last):
  File "/app/energy_monitor_core/modules.py", line 175, in _loop
    try:
        ^
  File "/app/energy_monitor_core/modules.py", line 162, in poll_once
    "sensor_count": snapshot["sensor_count"],
                    ~~~~~~~~^^^^^^^^^^^^^^^^
KeyError: 'sensor_types'
2026-07-25 05:17:37,843 ERROR [energy_monitor_core.module.victron] Module poll failed
Traceback (most recent call last):
  File "/app/energy_monitor_core/modules.py", line 175, in _loop
    try:
        ^
  File "/app/energy_monitor_core/modules.py", line 162, in poll_once
    "sensor_count": snapshot["sensor_count"],
                    ~~~~~~~~^^^^^^^^^^^^^^^^
KeyError: 'sensor_types'
2026-07-25 05:17:43,857 ERROR [energy_monitor_core.module.victron] Module poll failed
Traceback (most recent call last):
  File "/app/energy_monitor_core/modules.py", line 175, in _loop
    try:
        ^
  File "/app/energy_monitor_core/modules.py", line 162, in poll_once
    "sensor_count": snapshot["sensor_count"],
                    ~~~~~~~~^^^^^^^^^^^^^^^^
KeyError: 'sensor_types'
2026-07-25 05:17:49,871 ERROR [energy_monitor_core.module.victron] Module poll failed
Traceback (most recent call last):
  File "/app/energy_monitor_core/modules.py", line 175, in _loop
    try:
        ^
  File "/app/energy_monitor_core/modules.py", line 162, in poll_once
    "sensor_count": snapshot["sensor_count"],
                    ~~~~~~~~^^^^^^^^^^^^^^^^
KeyError: 'sensor_types'
2026-07-25 05:17:55,886 ERROR [energy_monitor_core.module.victron] Module poll failed
Traceback (most recent call last):
  File "/app/energy_monitor_core/modules.py", line 175, in _loop
    try:
        ^
  File "/app/energy_monitor_core/modules.py", line 162, in poll_once
    "sensor_count": snapshot["sensor_count"],
                    ~~~~~~~~^^^^^^^^^^^^^^^^
KeyError: 'sensor_types'
2026-07-25 05:18:01,902 ERROR [energy_monitor_core.module.victron] Module poll failed
Traceback (most recent call last):
  File "/app/energy_monitor_core/modules.py", line 175, in _loop
    try:
        ^
  File "/app/energy_monitor_core/modules.py", line 162, in poll_once
    "sensor_count": snapshot["sensor_count"],
                    ~~~~~~~~^^^^^^^^^^^^^^^^
KeyError: 'sensor_types'
2026-07-25 05:18:07,915 ERROR [energy_monitor_core.module.victron] Module poll failed
Traceback (most recent call last):
  File "/app/energy_monitor_core/modules.py", line 175, in _loop
    try:
        ^
  File "/app/energy_monitor_core/modules.py", line 162, in poll_once
    "sensor_count": snapshot["sensor_count"],
                    ~~~~~~~~^^^^^^^^^^^^^^^^
KeyError: 'sensor_types'
2026-07-25 05:18:13,936 ERROR [energy_monitor_core.module.victron] Module poll failed
Traceback (most recent call last):
  File "/app/energy_monitor_core/modules.py", line 175, in _loop
    try:
        ^
  File "/app/energy_monitor_core/modules.py", line 162, in poll_once
    "sensor_count": snapshot["sensor_count"],
                    ~~~~~~~~^^^^^^^^^^^^^^^^
KeyError: 'sensor_types'
2026-07-25 05:18:19,950 ERROR [energy_monitor_core.module.victron] Module poll failed
Traceback (most recent call last):
  File "/app/energy_monitor_core/modules.py", line 175, in _loop
    try:
        ^
  File "/app/energy_monitor_core/modules.py", line 162, in poll_once
    "sensor_count": snapshot["sensor_count"],
                    ~~~~~~~~^^^^^^^^^^^^^^^^
KeyError: 'sensor_types'
2026-07-25 05:18:25,965 ERROR [energy_monitor_core.module.victron] Module poll failed
Traceback (most recent call last):
  File "/app/energy_monitor_core/modules.py", line 175, in _loop
    try:
        ^
  File "/app/energy_monitor_core/modules.py", line 162, in poll_once
    "sensor_count": snapshot["sensor_count"],
                    ~~~~~~~~^^^^^^^^^^^^^^^^
KeyError: 'sensor_types'
2026-07-25 05:18:32,014 ERROR [energy_monitor_core.module.victron] Module poll failed
Traceback (most recent call last):
  File "/app/energy_monitor_core/modules.py", line 175, in _loop
    try:
        ^
  File "/app/energy_monitor_core/modules.py", line 162, in poll_once
    "sensor_count": snapshot["sensor_count"],
                    ~~~~~~~~^^^^^^^^^^^^^^^^
KeyError: 'sensor_types'
2026-07-25 05:18:38,030 ERROR [energy_monitor_core.module.victron] Module poll failed
Traceback (most recent call last):
  File "/app/energy_monitor_core/modules.py", line 175, in _loop
    try:
        ^
  File "/app/energy_monitor_core/modules.py", line 162, in poll_once
    "sensor_count": snapshot["sensor_count"],
                    ~~~~~~~~^^^^^^^^^^^^^^^^
KeyError: 'sensor_types'
2026-07-25 05:18:44,038 ERROR [energy_monitor_core.module.victron] Module poll failed
Traceback (most recent call last):
  File "/app/energy_monitor_core/modules.py", line 175, in _loop
    try:
        ^
  File "/app/energy_monitor_core/modules.py", line 162, in poll_once
    "sensor_count": snapshot["sensor_count"],
                    ~~~~~~~~^^^^^^^^^^^^^^^^
KeyError: 'sensor_types'
2026-07-25 05:18:50,050 ERROR [energy_monitor_core.module.victron] Module poll failed
Traceback (most recent call last):
  File "/app/energy_monitor_core/modules.py", line 175, in _loop
    try:
        ^
  File "/app/energy_monitor_core/modules.py", line 162, in poll_once
    "sensor_count": snapshot["sensor_count"],
                    ~~~~~~~~^^^^^^^^^^^^^^^^
KeyError: 'sensor_types'
2026-07-25 05:20:22,736 INFO [energy_monitor_core.module.victron] Module runtime started
2026-07-25 05:20:22,760 ERROR [energy_monitor_core.module.victron] Module poll failed
Traceback (most recent call last):
  File "/app/energy_monitor_core/modules.py", line 178, in _loop
    self.poll_once()
  File "/app/energy_monitor_core/modules.py", line 165, in poll_once
    "sensor_types": snapshot["sensor_types"],
                    ~~~~~~~~^^^^^^^^^^^^^^^^
KeyError: 'sensor_types'
2026-07-25 05:20:28,792 ERROR [energy_monitor_core.module.victron] Module poll failed
Traceback (most recent call last):
  File "/app/energy_monitor_core/modules.py", line 178, in _loop
    self.poll_once()
  File "/app/energy_monitor_core/modules.py", line 165, in poll_once
    "sensor_types": snapshot["sensor_types"],
                    ~~~~~~~~^^^^^^^^^^^^^^^^
KeyError: 'sensor_types'
2026-07-25 05:20:34,807 ERROR [energy_monitor_core.module.victron] Module poll failed
Traceback (most recent call last):
  File "/app/energy_monitor_core/modules.py", line 178, in _loop
    self.poll_once()
  File "/app/energy_monitor_core/modules.py", line 165, in poll_once
    "sensor_types": snapshot["sensor_types"],
                    ~~~~~~~~^^^^^^^^^^^^^^^^
KeyError: 'sensor_types'
2026-07-25 05:20:40,824 ERROR [energy_monitor_core.module.victron] Module poll failed
Traceback (most recent call last):
  File "/app/energy_monitor_core/modules.py", line 178, in _loop
    self.poll_once()
  File "/app/energy_monitor_core/modules.py", line 165, in poll_once
    "sensor_types": snapshot["sensor_types"],
                    ~~~~~~~~^^^^^^^^^^^^^^^^
KeyError: 'sensor_types'
2026-07-25 05:20:46,839 ERROR [energy_monitor_core.module.victron] Module poll failed
Traceback (most recent call last):
  File "/app/energy_monitor_core/modules.py", line 178, in _loop
    self.poll_once()
  File "/app/energy_monitor_core/modules.py", line 165, in poll_once
    "sensor_types": snapshot["sensor_types"],
                    ~~~~~~~~^^^^^^^^^^^^^^^^
KeyError: 'sensor_types'
2026-07-25 05:20:52,853 ERROR [energy_monitor_core.module.victron] Module poll failed
Traceback (most recent call last):
  File "/app/energy_monitor_core/modules.py", line 178, in _loop
    self.poll_once()
  File "/app/energy_monitor_core/modules.py", line 165, in poll_once
    "sensor_types": snapshot["sensor_types"],
                    ~~~~~~~~^^^^^^^^^^^^^^^^
KeyError: 'sensor_types'
2026-07-25 05:20:58,867 ERROR [energy_monitor_core.module.victron] Module poll failed
Traceback (most recent call last):
  File "/app/energy_monitor_core/modules.py", line 178, in _loop
    self.poll_once()
  File "/app/energy_monitor_core/modules.py", line 165, in poll_once
    "sensor_types": snapshot["sensor_types"],
                    ~~~~~~~~^^^^^^^^^^^^^^^^
KeyError: 'sensor_types'
2026-07-25 05:21:04,899 ERROR [energy_monitor_core.module.victron] Module poll failed
Traceback (most recent call last):
  File "/app/energy_monitor_core/modules.py", line 178, in _loop
    self.poll_once()
  File "/app/energy_monitor_core/modules.py", line 165, in poll_once
    "sensor_types": list(snapshot.get("sensor_type_summary", {}).keys()),
                    ^^^^^^^^^^^^^^^^^^^^^^^^
KeyError: 'sensor_types'
2026-07-25 05:21:10,923 ERROR [energy_monitor_core.module.victron] Module poll failed
Traceback (most recent call last):
  File "/app/energy_monitor_core/modules.py", line 178, in _loop
    self.poll_once()
  File "/app/energy_monitor_core/modules.py", line 165, in poll_once
    "sensor_types": list(snapshot.get("sensor_type_summary", {}).keys()),
                    ^^^^^^^^^^^^^^^^^^^^^^^^
KeyError: 'sensor_types'
2026-07-25 05:21:16,940 ERROR [energy_monitor_core.module.victron] Module poll failed
Traceback (most recent call last):
  File "/app/energy_monitor_core/modules.py", line 178, in _loop
    self.poll_once()
  File "/app/energy_monitor_core/modules.py", line 165, in poll_once
    "sensor_types": list(snapshot.get("sensor_type_summary", {}).keys()),
                    ^^^^^^^^^^^^^^^^^^^^^^^^
KeyError: 'sensor_types'
2026-07-25 05:21:22,955 ERROR [energy_monitor_core.module.victron] Module poll failed
Traceback (most recent call last):
  File "/app/energy_monitor_core/modules.py", line 178, in _loop
    self.poll_once()
  File "/app/energy_monitor_core/modules.py", line 165, in poll_once
    "sensor_types": list(snapshot.get("sensor_type_summary", {}).keys()),
                    ^^^^^^^^^^^^^^^^^^^^^^^^
KeyError: 'sensor_types'
2026-07-25 05:21:28,970 ERROR [energy_monitor_core.module.victron] Module poll failed
Traceback (most recent call last):
  File "/app/energy_monitor_core/modules.py", line 178, in _loop
    self.poll_once()
  File "/app/energy_monitor_core/modules.py", line 165, in poll_once
    "sensor_types": list(snapshot.get("sensor_type_summary", {}).keys()),
                    ^^^^^^^^^^^^^^^^^^^^^^^^
KeyError: 'sensor_types'
2026-07-25 05:22:19,629 INFO [energy_monitor_core.module.victron] Module runtime started
2026-07-25 05:22:19,703 INFO [energy_monitor_core.module.victron] Polled module snapshot: {
  "module": "victron",
  "updated_at": "2026-07-25T04:22:19.702442+00:00",
  "status": "disconnected",
  "device_count": 1,
  "sensor_count": 1,
  "sensor_types": [
    "battery"
  ]
}
2026-07-25 05:22:25,729 INFO [energy_monitor_core.module.victron] Polled module snapshot: {
  "module": "victron",
  "updated_at": "2026-07-25T04:22:25.728954+00:00",
  "status": "disconnected",
  "device_count": 1,
  "sensor_count": 1,
  "sensor_types": [
    "battery"
  ]
}
2026-07-25 05:22:31,752 INFO [energy_monitor_core.module.victron] Polled module snapshot: {
  "module": "victron",
  "updated_at": "2026-07-25T04:22:31.750481+00:00",
  "status": "disconnected",
  "device_count": 1,
  "sensor_count": 1,
  "sensor_types": [
    "battery"
  ]
}
2026-07-25 05:22:37,767 INFO [energy_monitor_core.module.victron] Polled module snapshot: {
  "module": "victron",
  "updated_at": "2026-07-25T04:22:37.766939+00:00",
  "status": "disconnected",
  "device_count": 1,
  "sensor_count": 1,
  "sensor_types": [
    "battery"
  ]
}
2026-07-25 05:22:43,783 INFO [energy_monitor_core.module.victron] Polled module snapshot: {
  "module": "victron",
  "updated_at": "2026-07-25T04:22:43.780989+00:00",
  "status": "disconnected",
  "device_count": 1,
  "sensor_count": 1,
  "sensor_types": [
    "battery"
  ]
}
2026-07-25 05:22:49,798 INFO [energy_monitor_core.module.victron] Polled module snapshot: {
  "module": "victron",
  "updated_at": "2026-07-25T04:22:49.797575+00:00",
  "status": "disconnected",
  "device_count": 1,
  "sensor_count": 1,
  "sensor_types": [
    "battery"
  ]
}
2026-07-25 05:22:55,811 INFO [energy_monitor_core.module.victron] Polled module snapshot: {
  "module": "victron",
  "updated_at": "2026-07-25T04:22:55.810121+00:00",
  "status": "disconnected",
  "device_count": 1,
  "sensor_count": 1,
  "sensor_types": [
    "battery"
  ]
}
2026-07-25 05:24:08,595 INFO [energy_monitor_core.module.victron] Module runtime started
2026-07-25 05:24:08,659 INFO [energy_monitor_core.module.victron] Polled module snapshot: {
  "module": "victron",
  "updated_at": "2026-07-25T04:24:08.658273+00:00",
  "status": "disconnected",
  "device_count": 1,
  "sensor_count": 1,
  "sensor_types": [
    "battery"
  ]
}
2026-07-25 05:24:14,687 INFO [energy_monitor_core.module.victron] Polled module snapshot: {
  "module": "victron",
  "updated_at": "2026-07-25T04:24:14.678659+00:00",
  "status": "disconnected",
  "device_count": 1,
  "sensor_count": 1,
  "sensor_types": [
    "battery"
  ]
}
2026-07-25 05:25:03,349 INFO [energy_monitor_core.module.victron] Module runtime started
2026-07-25 05:25:03,464 INFO [energy_monitor_core.module.victron] Polled module snapshot: {
  "module": "victron",
  "updated_at": "2026-07-25T04:25:03.463661+00:00",
  "status": "disconnected",
  "device_count": 1,
  "sensor_count": 1,
  "sensor_types": [
    "battery"
  ]
}
2026-07-25 05:25:09,477 INFO [energy_monitor_core.module.victron] Polled module snapshot: {
  "module": "victron",
  "updated_at": "2026-07-25T04:25:09.476765+00:00",
  "status": "disconnected",
  "device_count": 1,
  "sensor_count": 1,
  "sensor_types": [
    "battery"
  ]
}
2026-07-25 05:25:15,491 INFO [energy_monitor_core.module.victron] Polled module snapshot: {
  "module": "victron",
  "updated_at": "2026-07-25T04:25:15.490116+00:00",
  "status": "disconnected",
  "device_count": 1,
  "sensor_count": 1,
  "sensor_types": [
    "battery"
  ]
}
2026-07-25 05:25:21,508 INFO [energy_monitor_core.module.victron] Polled module snapshot: {
  "module": "victron",
  "updated_at": "2026-07-25T04:25:21.507803+00:00",
  "status": "disconnected",
  "device_count": 1,
  "sensor_count": 1,
  "sensor_types": [
    "battery"
  ]
}
2026-07-25 05:25:27,515 INFO [energy_monitor_core.module.victron] Polled module snapshot: {
  "module": "victron",
  "updated_at": "2026-07-25T04:25:27.514714+00:00",
  "status": "disconnected",
  "device_count": 1,
  "sensor_count": 1,
  "sensor_types": [
    "battery"
  ]
}
2026-07-25 05:25:33,526 INFO [energy_monitor_core.module.victron] Polled module snapshot: {
  "module": "victron",
  "updated_at": "2026-07-25T04:25:33.526014+00:00",
  "status": "disconnected",
  "device_count": 1,
  "sensor_count": 1,
  "sensor_types": [
    "battery"
  ]
}
2026-07-25 05:25:39,540 INFO [energy_monitor_core.module.victron] Polled module snapshot: {
  "module": "victron",
  "updated_at": "2026-07-25T04:25:39.539726+00:00",
  "status": "disconnected",
  "device_count": 1,
  "sensor_count": 1,
  "sensor_types": [
    "battery"
  ]
}
2026-07-25 05:25:45,546 INFO [energy_monitor_core.module.victron] Polled module snapshot: {
  "module": "victron",
  "updated_at": "2026-07-25T04:25:45.546365+00:00",
  "status": "disconnected",
  "device_count": 1,
  "sensor_count": 1,
  "sensor_types": [
    "battery"
  ]
}
2026-07-25 05:25:51,559 INFO [energy_monitor_core.module.victron] Polled module snapshot: {
  "module": "victron",
  "updated_at": "2026-07-25T04:25:51.558788+00:00",
  "status": "disconnected",
  "device_count": 1,
  "sensor_count": 1,
  "sensor_types": [
    "battery"
  ]
}
2026-07-25 05:25:57,566 INFO [energy_monitor_core.module.victron] Polled module snapshot: {
  "module": "victron",
  "updated_at": "2026-07-25T04:25:57.566433+00:00",
  "status": "disconnected",
  "device_count": 1,
  "sensor_count": 1,
  "sensor_types": [
    "battery"
  ]
}
2026-07-25 05:26:03,579 INFO [energy_monitor_core.module.victron] Polled module snapshot: {
  "module": "victron",
  "updated_at": "2026-07-25T04:26:03.578264+00:00",
  "status": "disconnected",
  "device_count": 1,
  "sensor_count": 1,
  "sensor_types": [
    "battery"
  ]
}
2026-07-25 05:26:09,591 INFO [energy_monitor_core.module.victron] Polled module snapshot: {
  "module": "victron",
  "updated_at": "2026-07-25T04:26:09.590793+00:00",
  "status": "disconnected",
  "device_count": 1,
  "sensor_count": 1,
  "sensor_types": [
    "battery"
  ]
}
2026-07-25 05:26:15,604 INFO [energy_monitor_core.module.victron] Polled module snapshot: {
  "module": "victron",
  "updated_at": "2026-07-25T04:26:15.603320+00:00",
  "status": "disconnected",
  "device_count": 1,
  "sensor_count": 1,
  "sensor_types": [
    "battery"
  ]
}
2026-07-25 05:26:21,617 INFO [energy_monitor_core.module.victron] Polled module snapshot: {
  "module": "victron",
  "updated_at": "2026-07-25T04:26:21.616156+00:00",
  "status": "disconnected",
  "device_count": 1,
  "sensor_count": 1,
  "sensor_types": [
    "battery"
  ]
}
2026-07-25 05:26:27,630 INFO [energy_monitor_core.module.victron] Polled module snapshot: {
  "module": "victron",
  "updated_at": "2026-07-25T04:26:27.629369+00:00",
  "status": "disconnected",
  "device_count": 1,
  "sensor_count": 1,
  "sensor_types": [
    "battery"
  ]
}
2026-07-25 05:26:33,643 INFO [energy_monitor_core.module.victron] Polled module snapshot: {
  "module": "victron",
  "updated_at": "2026-07-25T04:26:33.642746+00:00",
  "status": "disconnected",
  "device_count": 1,
  "sensor_count": 1,
  "sensor_types": [
    "battery"
  ]
}
2026-07-25 05:26:39,658 INFO [energy_monitor_core.module.victron] Polled module snapshot: {
  "module": "victron",
  "updated_at": "2026-07-25T04:26:39.655457+00:00",
  "status": "disconnected",
  "device_count": 1,
  "sensor_count": 1,
  "sensor_types": [
    "battery"
  ]
}
2026-07-25 05:26:45,664 INFO [energy_monitor_core.module.victron] Polled module snapshot: {
  "module": "victron",
  "updated_at": "2026-07-25T04:26:45.664249+00:00",
  "status": "disconnected",
  "device_count": 1,
  "sensor_count": 1,
  "sensor_types": [
    "battery"
  ]
}
2026-07-25 05:26:51,678 INFO [energy_monitor_core.module.victron] Polled module snapshot: {
  "module": "victron",
  "updated_at": "2026-07-25T04:26:51.677488+00:00",
  "status": "disconnected",
  "device_count": 1,
  "sensor_count": 1,
  "sensor_types": [
    "battery"
  ]
}
2026-07-25 05:26:57,691 INFO [energy_monitor_core.module.victron] Polled module snapshot: {
  "module": "victron",
  "updated_at": "2026-07-25T04:26:57.690088+00:00",
  "status": "disconnected",
  "device_count": 1,
  "sensor_count": 1,
  "sensor_types": [
    "battery"
  ]
}
2026-07-25 05:27:03,703 INFO [energy_monitor_core.module.victron] Polled module snapshot: {
  "module": "victron",
  "updated_at": "2026-07-25T04:27:03.702399+00:00",
  "status": "disconnected",
  "device_count": 1,
  "sensor_count": 1,
  "sensor_types": [
    "battery"
  ]
}
2026-07-25 05:27:09,715 INFO [energy_monitor_core.module.victron] Polled module snapshot: {
  "module": "victron",
  "updated_at": "2026-07-25T04:27:09.714883+00:00",
  "status": "disconnected",
  "device_count": 1,
  "sensor_count": 1,
  "sensor_types": [
    "battery"
  ]
}
2026-07-25 05:27:15,730 INFO [energy_monitor_core.module.victron] Polled module snapshot: {
  "module": "victron",
  "updated_at": "2026-07-25T04:27:15.729308+00:00",
  "status": "disconnected",
  "device_count": 1,
  "sensor_count": 1,
  "sensor_types": [
    "battery"
  ]
}
2026-07-25 05:27:21,742 INFO [energy_monitor_core.module.victron] Polled module snapshot: {
  "module": "victron",
  "updated_at": "2026-07-25T04:27:21.741797+00:00",
  "status": "disconnected",
  "device_count": 1,
  "sensor_count": 1,
  "sensor_types": [
    "battery"
  ]
}
2026-07-25 05:27:27,755 INFO [energy_monitor_core.module.victron] Polled module snapshot: {
  "module": "victron",
  "updated_at": "2026-07-25T04:27:27.754555+00:00",
  "status": "disconnected",
  "device_count": 1,
  "sensor_count": 1,
  "sensor_types": [
    "battery"
  ]
}
2026-07-25 05:27:33,768 INFO [energy_monitor_core.module.victron] Polled module snapshot: {
  "module": "victron",
  "updated_at": "2026-07-25T04:27:33.767277+00:00",
  "status": "disconnected",
  "device_count": 1,
  "sensor_count": 1,
  "sensor_types": [
    "battery"
  ]
}
2026-07-25 05:27:39,782 INFO [energy_monitor_core.module.victron] Polled module snapshot: {
  "module": "victron",
  "updated_at": "2026-07-25T04:27:39.781530+00:00",
  "status": "disconnected",
  "device_count": 1,
  "sensor_count": 1,
  "sensor_types": [
    "battery"
  ]
}
2026-07-25 05:27:45,795 INFO [energy_monitor_core.module.victron] Polled module snapshot: {
  "module": "victron",
  "updated_at": "2026-07-25T04:27:45.795001+00:00",
  "status": "disconnected",
  "device_count": 1,
  "sensor_count": 1,
  "sensor_types": [
    "battery"
  ]
}
2026-07-25 05:27:51,808 INFO [energy_monitor_core.module.victron] Polled module snapshot: {
  "module": "victron",
  "updated_at": "2026-07-25T04:27:51.807366+00:00",
  "status": "disconnected",
  "device_count": 1,
  "sensor_count": 1,
  "sensor_types": [
    "battery"
  ]
}
2026-07-25 05:27:57,820 INFO [energy_monitor_core.module.victron] Polled module snapshot: {
  "module": "victron",
  "updated_at": "2026-07-25T04:27:57.819681+00:00",
  "status": "disconnected",
  "device_count": 1,
  "sensor_count": 1,
  "sensor_types": [
    "battery"
  ]
}
2026-07-25 05:28:03,833 INFO [energy_monitor_core.module.victron] Polled module snapshot: {
  "module": "victron",
  "updated_at": "2026-07-25T04:28:03.832468+00:00",
  "status": "disconnected",
  "device_count": 1,
  "sensor_count": 1,
  "sensor_types": [
    "battery"
  ]
}
2026-07-25 05:28:09,846 INFO [energy_monitor_core.module.victron] Polled module snapshot: {
  "module": "victron",
  "updated_at": "2026-07-25T04:28:09.845699+00:00",
  "status": "disconnected",
  "device_count": 1,
  "sensor_count": 1,
  "sensor_types": [
    "battery"
  ]
}
2026-07-25 05:28:15,866 INFO [energy_monitor_core.module.victron] Polled module snapshot: {
  "module": "victron",
  "updated_at": "2026-07-25T04:28:15.865533+00:00",
  "status": "disconnected",
  "device_count": 1,
  "sensor_count": 1,
  "sensor_types": [
    "battery"
  ]
}
2026-07-25 05:28:21,879 INFO [energy_monitor_core.module.victron] Polled module snapshot: {
  "module": "victron",
  "updated_at": "2026-07-25T04:28:21.878700+00:00",
  "status": "disconnected",
  "device_count": 1,
  "sensor_count": 1,
  "sensor_types": [
    "battery"
  ]
}
2026-07-25 05:28:27,893 INFO [energy_monitor_core.module.victron] Polled module snapshot: {
  "module": "victron",
  "updated_at": "2026-07-25T04:28:27.892360+00:00",
  "status": "disconnected",
  "device_count": 1,
  "sensor_count": 1,
  "sensor_types": [
    "battery"
  ]
}
2026-07-25 05:28:33,906 INFO [energy_monitor_core.module.victron] Polled module snapshot: {
  "module": "victron",
  "updated_at": "2026-07-25T04:28:33.905783+00:00",
  "status": "disconnected",
  "device_count": 1,
  "sensor_count": 1,
  "sensor_types": [
    "battery"
  ]
}
2026-07-25 05:28:39,919 INFO [energy_monitor_core.module.victron] Polled module snapshot: {
  "module": "victron",
  "updated_at": "2026-07-25T04:28:39.918720+00:00",
  "status": "disconnected",
  "device_count": 1,
  "sensor_count": 1,
  "sensor_types": [
    "battery"
  ]
}
2026-07-25 05:28:45,926 INFO [energy_monitor_core.module.victron] Polled module snapshot: {
  "module": "victron",
  "updated_at": "2026-07-25T04:28:45.926103+00:00",
  "status": "disconnected",
  "device_count": 1,
  "sensor_count": 1,
  "sensor_types": [
    "battery"
  ]
}
2026-07-25 05:28:51,938 INFO [energy_monitor_core.module.victron] Polled module snapshot: {
  "module": "victron",
  "updated_at": "2026-07-25T04:28:51.937840+00:00",
  "status": "disconnected",
  "device_count": 1,
  "sensor_count": 1,
  "sensor_types": [
    "battery"
  ]
}
2026-07-25 05:28:57,952 INFO [energy_monitor_core.module.victron] Polled module snapshot: {
  "module": "victron",
  "updated_at": "2026-07-25T04:28:57.951521+00:00",
  "status": "disconnected",
  "device_count": 1,
  "sensor_count": 1,
  "sensor_types": [
    "battery"
  ]
}
2026-07-25 05:29:03,966 INFO [energy_monitor_core.module.victron] Polled module snapshot: {
  "module": "victron",
  "updated_at": "2026-07-25T04:29:03.965094+00:00",
  "status": "disconnected",
  "device_count": 1,
  "sensor_count": 1,
  "sensor_types": [
    "battery"
  ]
}
2026-07-25 05:29:09,983 INFO [energy_monitor_core.module.victron] Polled module snapshot: {
  "module": "victron",
  "updated_at": "2026-07-25T04:29:09.982691+00:00",
  "status": "disconnected",
  "device_count": 1,
  "sensor_count": 1,
  "sensor_types": [
    "battery"
  ]
}
2026-07-25 05:29:15,998 INFO [energy_monitor_core.module.victron] Polled module snapshot: {
  "module": "victron",
  "updated_at": "2026-07-25T04:29:15.997407+00:00",
  "status": "disconnected",
  "device_count": 1,
  "sensor_count": 1,
  "sensor_types": [
    "battery"
  ]
}
2026-07-25 05:29:22,012 INFO [energy_monitor_core.module.victron] Polled module snapshot: {
  "module": "victron",
  "updated_at": "2026-07-25T04:29:22.011611+00:00",
  "status": "disconnected",
  "device_count": 1,
  "sensor_count": 1,
  "sensor_types": [
    "battery"
  ]
}
2026-07-25 05:29:28,019 INFO [energy_monitor_core.module.victron] Polled module snapshot: {
  "module": "victron",
  "updated_at": "2026-07-25T04:29:28.018677+00:00",
  "status": "disconnected",
  "device_count": 1,
  "sensor_count": 1,
  "sensor_types": [
    "battery"
  ]
}
2026-07-25 05:29:34,031 INFO [energy_monitor_core.module.victron] Polled module snapshot: {
  "module": "victron",
  "updated_at": "2026-07-25T04:29:34.030653+00:00",
  "status": "disconnected",
  "device_count": 1,
  "sensor_count": 1,
  "sensor_types": [
    "battery"
  ]
}
2026-07-25 05:29:40,045 INFO [energy_monitor_core.module.victron] Polled module snapshot: {
  "module": "victron",
  "updated_at": "2026-07-25T04:29:40.044731+00:00",
  "status": "disconnected",
  "device_count": 1,
  "sensor_count": 1,
  "sensor_types": [
    "battery"
  ]
}
2026-07-25 05:29:46,061 INFO [energy_monitor_core.module.victron] Polled module snapshot: {
  "module": "victron",
  "updated_at": "2026-07-25T04:29:46.060140+00:00",
  "status": "disconnected",
  "device_count": 1,
  "sensor_count": 1,
  "sensor_types": [
    "battery"
  ]
}
2026-07-25 05:29:52,076 INFO [energy_monitor_core.module.victron] Polled module snapshot: {
  "module": "victron",
  "updated_at": "2026-07-25T04:29:52.075118+00:00",
  "status": "disconnected",
  "device_count": 1,
  "sensor_count": 1,
  "sensor_types": [
    "battery"
  ]
}
2026-07-25 05:29:58,089 INFO [energy_monitor_core.module.victron] Polled module snapshot: {
  "module": "victron",
  "updated_at": "2026-07-25T04:29:58.088344+00:00",
  "status": "disconnected",
  "device_count": 1,
  "sensor_count": 1,
  "sensor_types": [
    "battery"
  ]
}
2026-07-25 05:30:04,107 INFO [energy_monitor_core.module.victron] Polled module snapshot: {
  "module": "victron",
  "updated_at": "2026-07-25T04:30:04.106496+00:00",
  "status": "disconnected",
  "device_count": 1,
  "sensor_count": 1,
  "sensor_types": [
    "battery"
  ]
}
2026-07-25 05:30:10,120 INFO [energy_monitor_core.module.victron] Polled module snapshot: {
  "module": "victron",
  "updated_at": "2026-07-25T04:30:10.119560+00:00",
  "status": "disconnected",
  "device_count": 1,
  "sensor_count": 1,
  "sensor_types": [
    "battery"
  ]
}
2026-07-25 05:30:16,149 INFO [energy_monitor_core.module.victron] Polled module snapshot: {
  "module": "victron",
  "updated_at": "2026-07-25T04:30:16.148570+00:00",
  "status": "disconnected",
  "device_count": 1,
  "sensor_count": 1,
  "sensor_types": [
    "battery"
  ]
}
2026-07-25 05:30:22,181 INFO [energy_monitor_core.module.victron] Polled module snapshot: {
  "module": "victron",
  "updated_at": "2026-07-25T04:30:22.177517+00:00",
  "status": "disconnected",
  "device_count": 1,
  "sensor_count": 1,
  "sensor_types": [
    "battery"
  ]
}
2026-07-25 05:30:28,197 INFO [energy_monitor_core.module.victron] Polled module snapshot: {
  "module": "victron",
  "updated_at": "2026-07-25T04:30:28.195909+00:00",
  "status": "disconnected",
  "device_count": 1,
  "sensor_count": 1,
  "sensor_types": [
    "battery"
  ]
}
2026-07-25 05:30:34,216 INFO [energy_monitor_core.module.victron] Polled module snapshot: {
  "module": "victron",
  "updated_at": "2026-07-25T04:30:34.215315+00:00",
  "status": "disconnected",
  "device_count": 1,
  "sensor_count": 1,
  "sensor_types": [
    "battery"
  ]
}
2026-07-25 05:30:40,228 INFO [energy_monitor_core.module.victron] Polled module snapshot: {
  "module": "victron",
  "updated_at": "2026-07-25T04:30:40.227992+00:00",
  "status": "disconnected",
  "device_count": 1,
  "sensor_count": 1,
  "sensor_types": [
    "battery"
  ]
}
2026-07-25 05:30:46,243 INFO [energy_monitor_core.module.victron] Polled module snapshot: {
  "module": "victron",
  "updated_at": "2026-07-25T04:30:46.242245+00:00",
  "status": "disconnected",
  "device_count": 1,
  "sensor_count": 1,
  "sensor_types": [
    "battery"
  ]
}
2026-07-25 05:30:52,256 INFO [energy_monitor_core.module.victron] Polled module snapshot: {
  "module": "victron",
  "updated_at": "2026-07-25T04:30:52.255148+00:00",
  "status": "disconnected",
  "device_count": 1,
  "sensor_count": 1,
  "sensor_types": [
    "battery"
  ]
}
2026-07-25 05:30:58,276 INFO [energy_monitor_core.module.victron] Polled module snapshot: {
  "module": "victron",
  "updated_at": "2026-07-25T04:30:58.275385+00:00",
  "status": "disconnected",
  "device_count": 1,
  "sensor_count": 1,
  "sensor_types": [
    "battery"
  ]
}
2026-07-25 05:31:04,308 INFO [energy_monitor_core.module.victron] Polled module snapshot: {
  "module": "victron",
  "updated_at": "2026-07-25T04:31:04.307553+00:00",
  "status": "disconnected",
  "device_count": 1,
  "sensor_count": 1,
  "sensor_types": [
    "battery"
  ]
}
2026-07-25 05:31:10,325 INFO [energy_monitor_core.module.victron] Polled module snapshot: {
  "module": "victron",
  "updated_at": "2026-07-25T04:31:10.324210+00:00",
  "status": "disconnected",
  "device_count": 1,
  "sensor_count": 1,
  "sensor_types": [
    "battery"
  ]
}
2026-07-25 05:31:16,586 INFO [energy_monitor_core.module.victron] Polled module snapshot: {
  "module": "victron",
  "updated_at": "2026-07-25T04:31:16.497617+00:00",
  "status": "disconnected",
  "device_count": 1,
  "sensor_count": 1,
  "sensor_types": [
    "battery"
  ]
}
2026-07-25 05:31:23,263 INFO [energy_monitor_core.module.victron] Polled module snapshot: {
  "module": "victron",
  "updated_at": "2026-07-25T04:31:23.262068+00:00",
  "status": "disconnected",
  "device_count": 1,
  "sensor_count": 1,
  "sensor_types": [
    "battery"
  ]
}
2026-07-25 05:31:31,154 INFO [energy_monitor_core.module.victron] Polled module snapshot: {
  "module": "victron",
  "updated_at": "2026-07-25T04:31:31.108892+00:00",
  "status": "disconnected",
  "device_count": 1,
  "sensor_count": 1,
  "sensor_types": [
    "battery"
  ]
}
2026-07-25 05:31:42,517 INFO [energy_monitor_core.module.victron] Polled module snapshot: {
  "module": "victron",
  "updated_at": "2026-07-25T04:31:41.978505+00:00",
  "status": "disconnected",
  "device_count": 1,
  "sensor_count": 1,
  "sensor_types": [
    "battery"
  ]
}
2026-07-25 05:31:53,671 INFO [energy_monitor_core.module.victron] Polled module snapshot: {
  "module": "victron",
  "updated_at": "2026-07-25T04:31:53.392787+00:00",
  "status": "disconnected",
  "device_count": 1,
  "sensor_count": 1,
  "sensor_types": [
    "battery"
  ]
}
2026-07-25 05:32:05,396 INFO [energy_monitor_core.module.victron] Polled module snapshot: {
  "module": "victron",
  "updated_at": "2026-07-25T04:32:05.395572+00:00",
  "status": "disconnected",
  "device_count": 1,
  "sensor_count": 1,
  "sensor_types": [
    "battery"
  ]
}
2026-07-25 05:32:15,127 INFO [energy_monitor_core.module.victron] Polled module snapshot: {
  "module": "victron",
  "updated_at": "2026-07-25T04:32:15.041211+00:00",
  "status": "disconnected",
  "device_count": 1,
  "sensor_count": 1,
  "sensor_types": [
    "battery"
  ]
}
2026-07-25 05:32:21,833 INFO [energy_monitor_core.module.victron] Polled module snapshot: {
  "module": "victron",
  "updated_at": "2026-07-25T04:32:21.831769+00:00",
  "status": "disconnected",
  "device_count": 1,
  "sensor_count": 1,
  "sensor_types": [
    "battery"
  ]
}
2026-07-25 05:32:28,086 INFO [energy_monitor_core.module.victron] Polled module snapshot: {
  "module": "victron",
  "updated_at": "2026-07-25T04:32:28.085566+00:00",
  "status": "disconnected",
  "device_count": 1,
  "sensor_count": 1,
  "sensor_types": [
    "battery"
  ]
}
2026-07-25 05:32:34,338 INFO [energy_monitor_core.module.victron] Polled module snapshot: {
  "module": "victron",
  "updated_at": "2026-07-25T04:32:34.336742+00:00",
  "status": "disconnected",
  "device_count": 1,
  "sensor_count": 1,
  "sensor_types": [
    "battery"
  ]
}
2026-07-25 05:32:42,399 INFO [energy_monitor_core.module.victron] Polled module snapshot: {
  "module": "victron",
  "updated_at": "2026-07-25T04:32:42.397820+00:00",
  "status": "disconnected",
  "device_count": 1,
  "sensor_count": 1,
  "sensor_types": [
    "battery"
  ]
}
2026-07-25 05:32:48,915 INFO [energy_monitor_core.module.victron] Polled module snapshot: {
  "module": "victron",
  "updated_at": "2026-07-25T04:32:48.915198+00:00",
  "status": "disconnected",
  "device_count": 1,
  "sensor_count": 1,
  "sensor_types": [
    "battery"
  ]
}
2026-07-25 05:33:00,313 INFO [energy_monitor_core.module.victron] Polled module snapshot: {
  "module": "victron",
  "updated_at": "2026-07-25T04:33:00.311022+00:00",
  "status": "disconnected",
  "device_count": 1,
  "sensor_count": 1,
  "sensor_types": [
    "battery"
  ]
}
2026-07-25 05:33:06,389 INFO [energy_monitor_core.module.victron] Polled module snapshot: {
  "module": "victron",
  "updated_at": "2026-07-25T04:33:06.387996+00:00",
  "status": "disconnected",
  "device_count": 1,
  "sensor_count": 1,
  "sensor_types": [
    "battery"
  ]
}
2026-07-25 05:33:12,409 INFO [energy_monitor_core.module.victron] Polled module snapshot: {
  "module": "victron",
  "updated_at": "2026-07-25T04:33:12.403806+00:00",
  "status": "disconnected",
  "device_count": 1,
  "sensor_count": 1,
  "sensor_types": [
    "battery"
  ]
}
2026-07-25 05:33:18,422 INFO [energy_monitor_core.module.victron] Polled module snapshot: {
  "module": "victron",
  "updated_at": "2026-07-25T04:33:18.421774+00:00",
  "status": "disconnected",
  "device_count": 1,
  "sensor_count": 1,
  "sensor_types": [
    "battery"
  ]
}
2026-07-25 05:33:24,435 INFO [energy_monitor_core.module.victron] Polled module snapshot: {
  "module": "victron",
  "updated_at": "2026-07-25T04:33:24.434768+00:00",
  "status": "disconnected",
  "device_count": 1,
  "sensor_count": 1,
  "sensor_types": [
    "battery"
  ]
}
2026-07-25 05:33:30,460 INFO [energy_monitor_core.module.victron] Polled module snapshot: {
  "module": "victron",
  "updated_at": "2026-07-25T04:33:30.458942+00:00",
  "status": "disconnected",
  "device_count": 1,
  "sensor_count": 1,
  "sensor_types": [
    "battery"
  ]
}
2026-07-25 05:33:36,483 INFO [energy_monitor_core.module.victron] Polled module snapshot: {
  "module": "victron",
  "updated_at": "2026-07-25T04:33:36.481992+00:00",
  "status": "disconnected",
  "device_count": 1,
  "sensor_count": 1,
  "sensor_types": [
    "battery"
  ]
}
2026-07-25 05:33:42,541 INFO [energy_monitor_core.module.victron] Polled module snapshot: {
  "module": "victron",
  "updated_at": "2026-07-25T04:33:42.539959+00:00",
  "status": "disconnected",
  "device_count": 1,
  "sensor_count": 1,
  "sensor_types": [
    "battery"
  ]
}
2026-07-25 05:33:48,919 INFO [energy_monitor_core.module.victron] Polled module snapshot: {
  "module": "victron",
  "updated_at": "2026-07-25T04:33:48.918268+00:00",
  "status": "disconnected",
  "device_count": 1,
  "sensor_count": 1,
  "sensor_types": [
    "battery"
  ]
}
2026-07-25 05:33:54,958 INFO [energy_monitor_core.module.victron] Polled module snapshot: {
  "module": "victron",
  "updated_at": "2026-07-25T04:33:54.957752+00:00",
  "status": "disconnected",
  "device_count": 1,
  "sensor_count": 1,
  "sensor_types": [
    "battery"
  ]
}
2026-07-25 05:34:00,978 INFO [energy_monitor_core.module.victron] Polled module snapshot: {
  "module": "victron",
  "updated_at": "2026-07-25T04:34:00.977394+00:00",
  "status": "disconnected",
  "device_count": 1,
  "sensor_count": 1,
  "sensor_types": [
    "battery"
  ]
}
2026-07-25 05:34:07,003 INFO [energy_monitor_core.module.victron] Polled module snapshot: {
  "module": "victron",
  "updated_at": "2026-07-25T04:34:06.998188+00:00",
  "status": "disconnected",
  "device_count": 1,
  "sensor_count": 1,
  "sensor_types": [
    "battery"
  ]
}
2026-07-25 05:34:13,022 INFO [energy_monitor_core.module.victron] Polled module snapshot: {
  "module": "victron",
  "updated_at": "2026-07-25T04:34:13.020599+00:00",
  "status": "disconnected",
  "device_count": 1,
  "sensor_count": 1,
  "sensor_types": [
    "battery"
  ]
}
2026-07-25 05:35:07,357 INFO [energy_monitor_core.module.victron] Module runtime started
2026-07-25 05:35:18,143 INFO [energy_monitor_core.module.victron] Polled module snapshot: {
  "module": "victron",
  "updated_at": "2026-07-25T04:35:18.140789+00:00",
  "status": "disconnected",
  "device_count": 1,
  "sensor_count": 1,
  "sensor_types": [
    "battery"
  ]
}
2026-07-25 05:35:34,204 INFO [energy_monitor_core.module.victron] Polled module snapshot: {
  "module": "victron",
  "updated_at": "2026-07-25T04:35:34.196838+00:00",
  "status": "disconnected",
  "device_count": 1,
  "sensor_count": 1,
  "sensor_types": [
    "battery"
  ]
}
2026-07-25 05:35:50,265 INFO [energy_monitor_core.module.victron] Polled module snapshot: {
  "module": "victron",
  "updated_at": "2026-07-25T04:35:50.258939+00:00",
  "status": "disconnected",
  "device_count": 1,
  "sensor_count": 1,
  "sensor_types": [
    "battery"
  ]
}
2026-07-25 05:36:06,314 INFO [energy_monitor_core.module.victron] Polled module snapshot: {
  "module": "victron",
  "updated_at": "2026-07-25T04:36:06.308095+00:00",
  "status": "disconnected",
  "device_count": 1,
  "sensor_count": 1,
  "sensor_types": [
    "battery"
  ]
}
2026-07-25 05:36:22,371 INFO [energy_monitor_core.module.victron] Polled module snapshot: {
  "module": "victron",
  "updated_at": "2026-07-25T04:36:22.363770+00:00",
  "status": "disconnected",
  "device_count": 1,
  "sensor_count": 1,
  "sensor_types": [
    "battery"
  ]
}
2026-07-25 05:36:38,444 INFO [energy_monitor_core.module.victron] Polled module snapshot: {
  "module": "victron",
  "updated_at": "2026-07-25T04:36:38.437171+00:00",
  "status": "disconnected",
  "device_count": 1,
  "sensor_count": 1,
  "sensor_types": [
    "battery"
  ]
}
2026-07-25 05:36:54,522 INFO [energy_monitor_core.module.victron] Polled module snapshot: {
  "module": "victron",
  "updated_at": "2026-07-25T04:36:54.513632+00:00",
  "status": "disconnected",
  "device_count": 1,
  "sensor_count": 1,
  "sensor_types": [
    "battery"
  ]
}
2026-07-25 05:37:10,573 INFO [energy_monitor_core.module.victron] Polled module snapshot: {
  "module": "victron",
  "updated_at": "2026-07-25T04:37:10.570114+00:00",
  "status": "disconnected",
  "device_count": 1,
  "sensor_count": 1,
  "sensor_types": [
    "battery"
  ]
}
2026-07-25 05:37:26,630 INFO [energy_monitor_core.module.victron] Polled module snapshot: {
  "module": "victron",
  "updated_at": "2026-07-25T04:37:26.622971+00:00",
  "status": "disconnected",
  "device_count": 1,
  "sensor_count": 1,
  "sensor_types": [
    "battery"
  ]
}
2026-07-25 05:37:42,674 INFO [energy_monitor_core.module.victron] Polled module snapshot: {
  "module": "victron",
  "updated_at": "2026-07-25T04:37:42.667225+00:00",
  "status": "disconnected",
  "device_count": 1,
  "sensor_count": 1,
  "sensor_types": [
    "battery"
  ]
}
2026-07-25 05:37:58,732 INFO [energy_monitor_core.module.victron] Polled module snapshot: {
  "module": "victron",
  "updated_at": "2026-07-25T04:37:58.724522+00:00",
  "status": "disconnected",
  "device_count": 1,
  "sensor_count": 1,
  "sensor_types": [
    "battery"
  ]
}
2026-07-25 05:38:14,780 INFO [energy_monitor_core.module.victron] Polled module snapshot: {
  "module": "victron",
  "updated_at": "2026-07-25T04:38:14.773764+00:00",
  "status": "disconnected",
  "device_count": 1,
  "sensor_count": 1,
  "sensor_types": [
    "battery"
  ]
}
2026-07-25 05:38:30,843 INFO [energy_monitor_core.module.victron] Polled module snapshot: {
  "module": "victron",
  "updated_at": "2026-07-25T04:38:30.832513+00:00",
  "status": "disconnected",
  "device_count": 1,
  "sensor_count": 1,
  "sensor_types": [
    "battery"
  ]
}
2026-07-25 05:38:47,295 INFO [energy_monitor_core.module.victron] Polled module snapshot: {
  "module": "victron",
  "updated_at": "2026-07-25T04:38:47.281061+00:00",
  "status": "disconnected",
  "device_count": 1,
  "sensor_count": 1,
  "sensor_types": [
    "battery"
  ]
}
2026-07-25 05:39:03,347 INFO [energy_monitor_core.module.victron] Polled module snapshot: {
  "module": "victron",
  "updated_at": "2026-07-25T04:39:03.340104+00:00",
  "status": "disconnected",
  "device_count": 1,
  "sensor_count": 1,
  "sensor_types": [
    "battery"
  ]
}
2026-07-25 05:39:26,331 INFO [energy_monitor_core.module.victron] Module runtime started
2026-07-25 05:39:37,272 INFO [energy_monitor_core.module.victron] Polled module snapshot: {
  "module": "victron",
  "updated_at": "2026-07-25T04:39:37.265236+00:00",
  "status": "disconnected",
  "device_count": 1,
  "sensor_count": 1,
  "sensor_types": [
    "battery"
  ]
}
2026-07-25 05:39:53,339 INFO [energy_monitor_core.module.victron] Polled module snapshot: {
  "module": "victron",
  "updated_at": "2026-07-25T04:39:53.326137+00:00",
  "status": "disconnected",
  "device_count": 1,
  "sensor_count": 1,
  "sensor_types": [
    "battery"
  ]
}
2026-07-25 05:40:09,595 INFO [energy_monitor_core.module.victron] Polled module snapshot: {
  "module": "victron",
  "updated_at": "2026-07-25T04:40:09.580281+00:00",
  "status": "disconnected",
  "device_count": 1,
  "sensor_count": 1,
  "sensor_types": [
    "battery"
  ]
}
2026-07-25 05:40:26,163 INFO [energy_monitor_core.module.victron] Polled module snapshot: {
  "module": "victron",
  "updated_at": "2026-07-25T04:40:26.002438+00:00",
  "status": "disconnected",
  "device_count": 1,
  "sensor_count": 1,
  "sensor_types": [
    "battery"
  ]
}
2026-07-25 05:40:42,318 INFO [energy_monitor_core.module.victron] Polled module snapshot: {
  "module": "victron",
  "updated_at": "2026-07-25T04:40:42.305027+00:00",
  "status": "disconnected",
  "device_count": 1,
  "sensor_count": 1,
  "sensor_types": [
    "battery"
  ]
}
2026-07-25 05:40:58,449 INFO [energy_monitor_core.module.victron] Polled module snapshot: {
  "module": "victron",
  "updated_at": "2026-07-25T04:40:58.416653+00:00",
  "status": "disconnected",
  "device_count": 1,
  "sensor_count": 1,
  "sensor_types": [
    "battery"
  ]
}
2026-07-25 05:41:04,764 INFO [energy_monitor_core.module.victron] Module runtime started
2026-07-25 05:41:14,574 INFO [energy_monitor_core.module.victron] Polled module snapshot: {
  "module": "victron",
  "updated_at": "2026-07-25T04:41:14.567471+00:00",
  "status": "disconnected",
  "device_count": 1,
  "sensor_count": 1,
  "sensor_types": [
    "battery"
  ]
}
2026-07-25 05:41:30,632 INFO [energy_monitor_core.module.victron] Polled module snapshot: {
  "module": "victron",
  "updated_at": "2026-07-25T04:41:30.625584+00:00",
  "status": "disconnected",
  "device_count": 1,
  "sensor_count": 1,
  "sensor_types": [
    "battery"
  ]
}
2026-07-25 05:41:47,192 INFO [energy_monitor_core.module.victron] Polled module snapshot: {
  "module": "victron",
  "updated_at": "2026-07-25T04:41:47.175051+00:00",
  "status": "disconnected",
  "device_count": 1,
  "sensor_count": 1,
  "sensor_types": [
    "battery"
  ]
}
2026-07-25 05:41:49,708 INFO [energy_monitor_core.module.victron] Module runtime started
2026-07-25 05:42:00,895 INFO [energy_monitor_core.module.victron] Polled module snapshot: {
  "module": "victron",
  "updated_at": "2026-07-25T04:42:00.887987+00:00",
  "status": "disconnected",
  "device_count": 1,
  "sensor_count": 1,
  "sensor_types": [
    "battery"
  ]
}
2026-07-25 05:42:03,240 INFO [energy_monitor_core.module.victron] Polled module snapshot: {
  "module": "victron",
  "updated_at": "2026-07-25T04:42:03.232953+00:00",
  "status": "disconnected",
  "device_count": 1,
  "sensor_count": 1,
  "sensor_types": [
    "battery"
  ]
}
2026-07-25 05:42:10,453 INFO [energy_monitor_core.module.victron] Polled module snapshot: {
  "module": "victron",
  "updated_at": "2026-07-25T04:42:10.444227+00:00",
  "status": "disconnected",
  "device_count": 1,
  "sensor_count": 1,
  "sensor_types": [
    "battery"
  ]
}
2026-07-25 05:42:19,308 INFO [energy_monitor_core.module.victron] Polled module snapshot: {
  "module": "victron",
  "updated_at": "2026-07-25T04:42:19.299626+00:00",
  "status": "disconnected",
  "device_count": 1,
  "sensor_count": 1,
  "sensor_types": [
    "battery"
  ]
}
2026-07-25 05:42:35,404 INFO [energy_monitor_core.module.victron] Polled module snapshot: {
  "module": "victron",
  "updated_at": "2026-07-25T04:42:35.373462+00:00",
  "status": "disconnected",
  "device_count": 1,
  "sensor_count": 1,
  "sensor_types": [
    "battery"
  ]
}
2026-07-25 05:42:57,317 INFO [energy_monitor_core.module.victron] Module runtime started
2026-07-25 05:43:07,933 INFO [energy_monitor_core.module.victron] Polled module snapshot: {
  "module": "victron",
  "updated_at": "2026-07-25T04:43:07.925630+00:00",
  "status": "disconnected",
  "device_count": 1,
  "sensor_count": 1,
  "sensor_types": [
    "battery"
  ]
}
2026-07-25 05:43:23,996 INFO [energy_monitor_core.module.victron] Polled module snapshot: {
  "module": "victron",
  "updated_at": "2026-07-25T04:43:23.986499+00:00",
  "status": "disconnected",
  "device_count": 1,
  "sensor_count": 1,
  "sensor_types": [
    "battery"
  ]
}
2026-07-25 05:43:40,049 INFO [energy_monitor_core.module.victron] Polled module snapshot: {
  "module": "victron",
  "updated_at": "2026-07-25T04:43:40.042862+00:00",
  "status": "disconnected",
  "device_count": 1,
  "sensor_count": 1,
  "sensor_types": [
    "battery"
  ]
}
2026-07-25 05:43:56,101 INFO [energy_monitor_core.module.victron] Polled module snapshot: {
  "module": "victron",
  "updated_at": "2026-07-25T04:43:56.094881+00:00",
  "status": "disconnected",
  "device_count": 1,
  "sensor_count": 1,
  "sensor_types": [
    "battery"
  ]
}
2026-07-25 05:44:12,154 INFO [energy_monitor_core.module.victron] Polled module snapshot: {
  "module": "victron",
  "updated_at": "2026-07-25T04:44:12.147518+00:00",
  "status": "disconnected",
  "device_count": 1,
  "sensor_count": 1,
  "sensor_types": [
    "battery"
  ]
}
2026-07-25 05:44:28,209 INFO [energy_monitor_core.module.victron] Polled module snapshot: {
  "module": "victron",
  "updated_at": "2026-07-25T04:44:28.203044+00:00",
  "status": "disconnected",
  "device_count": 1,
  "sensor_count": 1,
  "sensor_types": [
    "battery"
  ]
}
2026-07-25 05:44:44,278 INFO [energy_monitor_core.module.victron] Polled module snapshot: {
  "module": "victron",
  "updated_at": "2026-07-25T04:44:44.271874+00:00",
  "status": "disconnected",
  "device_count": 1,
  "sensor_count": 1,
  "sensor_types": [
    "battery"
  ]
}
2026-07-25 05:45:00,327 INFO [energy_monitor_core.module.victron] Polled module snapshot: {
  "module": "victron",
  "updated_at": "2026-07-25T04:45:00.323934+00:00",
  "status": "disconnected",
  "device_count": 1,
  "sensor_count": 1,
  "sensor_types": [
    "battery"
  ]
}
2026-07-25 05:45:16,387 INFO [energy_monitor_core.module.victron] Polled module snapshot: {
  "module": "victron",
  "updated_at": "2026-07-25T04:45:16.379954+00:00",
  "status": "disconnected",
  "device_count": 1,
  "sensor_count": 1,
  "sensor_types": [
    "battery"
  ]
}
2026-07-25 05:45:35,993 INFO [energy_monitor_core.module.victron] Module runtime started
2026-07-25 05:45:46,801 INFO [energy_monitor_core.module.victron] Polled module snapshot: {
  "module": "victron",
  "updated_at": "2026-07-25T04:45:46.790971+00:00",
  "status": "disconnected",
  "device_count": 1,
  "sensor_count": 1,
  "sensor_types": [
    "battery"
  ]
}
2026-07-25 05:45:49,954 INFO [energy_monitor_core.module.victron] Module runtime started
2026-07-25 05:46:01,284 INFO [energy_monitor_core.module.victron] Polled module snapshot: {
  "module": "victron",
  "updated_at": "2026-07-25T04:46:01.276494+00:00",
  "status": "disconnected",
  "device_count": 1,
  "sensor_count": 1,
  "sensor_types": [
    "battery"
  ]
}
2026-07-25 05:46:02,866 INFO [energy_monitor_core.module.victron] Polled module snapshot: {
  "module": "victron",
  "updated_at": "2026-07-25T04:46:02.859330+00:00",
  "status": "disconnected",
  "device_count": 1,
  "sensor_count": 1,
  "sensor_types": [
    "battery"
  ]
}
2026-07-25 05:46:18,926 INFO [energy_monitor_core.module.victron] Polled module snapshot: {
  "module": "victron",
  "updated_at": "2026-07-25T04:46:18.919766+00:00",
  "status": "disconnected",
  "device_count": 1,
  "sensor_count": 1,
  "sensor_types": [
    "battery"
  ]
}
2026-07-25 05:46:35,280 INFO [energy_monitor_core.module.victron] Polled module snapshot: {
  "module": "victron",
  "updated_at": "2026-07-25T04:46:35.274084+00:00",
  "status": "disconnected",
  "device_count": 1,
  "sensor_count": 1,
  "sensor_types": [
    "battery"
  ]
}
2026-07-25 05:46:51,349 INFO [energy_monitor_core.module.victron] Polled module snapshot: {
  "module": "victron",
  "updated_at": "2026-07-25T04:46:51.340612+00:00",
  "status": "disconnected",
  "device_count": 1,
  "sensor_count": 1,
  "sensor_types": [
    "battery"
  ]
}
2026-07-25 05:47:07,408 INFO [energy_monitor_core.module.victron] Polled module snapshot: {
  "module": "victron",
  "updated_at": "2026-07-25T04:47:07.400678+00:00",
  "status": "disconnected",
  "device_count": 1,
  "sensor_count": 1,
  "sensor_types": [
    "battery"
  ]
}
2026-07-25 05:47:23,468 INFO [energy_monitor_core.module.victron] Polled module snapshot: {
  "module": "victron",
  "updated_at": "2026-07-25T04:47:23.459761+00:00",
  "status": "disconnected",
  "device_count": 1,
  "sensor_count": 1,
  "sensor_types": [
    "battery"
  ]
}
2026-07-25 05:47:39,529 INFO [energy_monitor_core.module.victron] Polled module snapshot: {
  "module": "victron",
  "updated_at": "2026-07-25T04:47:39.522166+00:00",
  "status": "disconnected",
  "device_count": 1,
  "sensor_count": 1,
  "sensor_types": [
    "battery"
  ]
}
2026-07-25 05:47:55,578 INFO [energy_monitor_core.module.victron] Polled module snapshot: {
  "module": "victron",
  "updated_at": "2026-07-25T04:47:55.570963+00:00",
  "status": "disconnected",
  "device_count": 1,
  "sensor_count": 1,
  "sensor_types": [
    "battery"
  ]
}
2026-07-25 05:48:11,628 INFO [energy_monitor_core.module.victron] Polled module snapshot: {
  "module": "victron",
  "updated_at": "2026-07-25T04:48:11.620244+00:00",
  "status": "disconnected",
  "device_count": 1,
  "sensor_count": 1,
  "sensor_types": [
    "battery"
  ]
}
2026-07-25 05:48:27,688 INFO [energy_monitor_core.module.victron] Polled module snapshot: {
  "module": "victron",
  "updated_at": "2026-07-25T04:48:27.679119+00:00",
  "status": "disconnected",
  "device_count": 1,
  "sensor_count": 1,
  "sensor_types": [
    "battery"
  ]
}
2026-07-25 05:48:43,751 INFO [energy_monitor_core.module.victron] Polled module snapshot: {
  "module": "victron",
  "updated_at": "2026-07-25T04:48:43.744537+00:00",
  "status": "disconnected",
  "device_count": 1,
  "sensor_count": 1,
  "sensor_types": [
    "battery"
  ]
}
2026-07-25 05:48:59,810 INFO [energy_monitor_core.module.victron] Polled module snapshot: {
  "module": "victron",
  "updated_at": "2026-07-25T04:48:59.801888+00:00",
  "status": "disconnected",
  "device_count": 1,
  "sensor_count": 1,
  "sensor_types": [
    "battery"
  ]
}
2026-07-25 05:49:15,906 INFO [energy_monitor_core.module.victron] Polled module snapshot: {
  "module": "victron",
  "updated_at": "2026-07-25T04:49:15.890276+00:00",
  "status": "disconnected",
  "device_count": 1,
  "sensor_count": 1,
  "sensor_types": [
    "battery"
  ]
}
2026-07-25 05:49:37,555 INFO [energy_monitor_core.module.victron] Module runtime started
2026-07-25 05:49:48,511 INFO [energy_monitor_core.module.victron] Polled module snapshot: {
  "module": "victron",
  "updated_at": "2026-07-25T04:49:48.441694+00:00",
  "status": "disconnected",
  "device_count": 1,
  "sensor_count": 1,
  "sensor_types": [
    "battery"
  ]
}
2026-07-25 05:49:57,838 INFO [energy_monitor_core.module.victron] Polled module snapshot: {
  "module": "victron",
  "updated_at": "2026-07-25T04:49:57.831207+00:00",
  "status": "disconnected",
  "device_count": 1,
  "sensor_count": 1,
  "sensor_types": [
    "battery"
  ]
}
2026-07-25 05:49:58,325 INFO [energy_monitor_core.module.victron] Module runtime started
2026-07-25 05:49:58,784 INFO [energy_monitor_core.module.victron] Polled module snapshot: {
  "module": "victron",
  "updated_at": "2026-07-25T04:49:58.779797+00:00",
  "status": "disconnected",
  "device_count": 1,
  "sensor_count": 1,
  "sensor_types": [
    "battery"
  ]
}
2026-07-25 05:50:09,063 INFO [energy_monitor_core.module.victron] Polled module snapshot: {
  "module": "victron",
  "updated_at": "2026-07-25T04:50:09.053350+00:00",
  "status": "disconnected",
  "device_count": 1,
  "sensor_count": 1,
  "sensor_types": [
    "battery"
  ]
}
2026-07-25 05:50:09,620 INFO [energy_monitor_core.module.victron] Polled module snapshot: {
  "module": "victron",
  "updated_at": "2026-07-25T04:50:09.605980+00:00",
  "status": "disconnected",
  "device_count": 1,
  "sensor_count": 1,
  "sensor_types": [
    "battery"
  ]
}
2026-07-25 05:50:19,334 INFO [energy_monitor_core.module.victron] Polled module snapshot: {
  "module": "victron",
  "updated_at": "2026-07-25T04:50:19.326659+00:00",
  "status": "disconnected",
  "device_count": 1,
  "sensor_count": 1,
  "sensor_types": [
    "battery"
  ]
}
2026-07-25 05:50:19,875 INFO [energy_monitor_core.module.victron] Polled module snapshot: {
  "module": "victron",
  "updated_at": "2026-07-25T04:50:19.868024+00:00",
  "status": "disconnected",
  "device_count": 1,
  "sensor_count": 1,
  "sensor_types": [
    "battery"
  ]
}
2026-07-25 05:50:29,590 INFO [energy_monitor_core.module.victron] Polled module snapshot: {
  "module": "victron",
  "updated_at": "2026-07-25T04:50:29.579498+00:00",
  "status": "disconnected",
  "device_count": 1,
  "sensor_count": 1,
  "sensor_types": [
    "battery"
  ]
}
2026-07-25 05:50:30,133 INFO [energy_monitor_core.module.victron] Polled module snapshot: {
  "module": "victron",
  "updated_at": "2026-07-25T04:50:30.124935+00:00",
  "status": "disconnected",
  "device_count": 1,
  "sensor_count": 1,
  "sensor_types": [
    "battery"
  ]
}
2026-07-25 05:50:39,878 INFO [energy_monitor_core.module.victron] Polled module snapshot: {
  "module": "victron",
  "updated_at": "2026-07-25T04:50:39.871626+00:00",
  "status": "disconnected",
  "device_count": 1,
  "sensor_count": 1,
  "sensor_types": [
    "battery"
  ]
}
2026-07-25 05:50:40,388 INFO [energy_monitor_core.module.victron] Polled module snapshot: {
  "module": "victron",
  "updated_at": "2026-07-25T04:50:40.381429+00:00",
  "status": "disconnected",
  "device_count": 1,
  "sensor_count": 1,
  "sensor_types": [
    "battery"
  ]
}
2026-07-25 05:50:50,144 INFO [energy_monitor_core.module.victron] Polled module snapshot: {
  "module": "victron",
  "updated_at": "2026-07-25T04:50:50.134691+00:00",
  "status": "disconnected",
  "device_count": 1,
  "sensor_count": 1,
  "sensor_types": [
    "battery"
  ]
}
2026-07-25 05:50:50,651 INFO [energy_monitor_core.module.victron] Polled module snapshot: {
  "module": "victron",
  "updated_at": "2026-07-25T04:50:50.643672+00:00",
  "status": "disconnected",
  "device_count": 1,
  "sensor_count": 1,
  "sensor_types": [
    "battery"
  ]
}
2026-07-25 05:51:00,403 INFO [energy_monitor_core.module.victron] Polled module snapshot: {
  "module": "victron",
  "updated_at": "2026-07-25T04:51:00.395285+00:00",
  "status": "disconnected",
  "device_count": 1,
  "sensor_count": 1,
  "sensor_types": [
    "battery"
  ]
}
2026-07-25 05:51:00,922 INFO [energy_monitor_core.module.victron] Polled module snapshot: {
  "module": "victron",
  "updated_at": "2026-07-25T04:51:00.914673+00:00",
  "status": "disconnected",
  "device_count": 1,
  "sensor_count": 1,
  "sensor_types": [
    "battery"
  ]
}
2026-07-25 05:51:10,667 INFO [energy_monitor_core.module.victron] Polled module snapshot: {
  "module": "victron",
  "updated_at": "2026-07-25T04:51:10.660208+00:00",
  "status": "disconnected",
  "device_count": 1,
  "sensor_count": 1,
  "sensor_types": [
    "battery"
  ]
}
2026-07-25 05:51:11,184 INFO [energy_monitor_core.module.victron] Polled module snapshot: {
  "module": "victron",
  "updated_at": "2026-07-25T04:51:11.177453+00:00",
  "status": "disconnected",
  "device_count": 1,
  "sensor_count": 1,
  "sensor_types": [
    "battery"
  ]
}
2026-07-25 05:51:20,908 INFO [energy_monitor_core.module.victron] Polled module snapshot: {
  "module": "victron",
  "updated_at": "2026-07-25T04:51:20.901703+00:00",
  "status": "disconnected",
  "device_count": 1,
  "sensor_count": 1,
  "sensor_types": [
    "battery"
  ]
}
2026-07-25 05:51:21,444 INFO [energy_monitor_core.module.victron] Polled module snapshot: {
  "module": "victron",
  "updated_at": "2026-07-25T04:51:21.437685+00:00",
  "status": "disconnected",
  "device_count": 1,
  "sensor_count": 1,
  "sensor_types": [
    "battery"
  ]
}
2026-07-25 05:51:31,167 INFO [energy_monitor_core.module.victron] Polled module snapshot: {
  "module": "victron",
  "updated_at": "2026-07-25T04:51:31.159894+00:00",
  "status": "disconnected",
  "device_count": 1,
  "sensor_count": 1,
  "sensor_types": [
    "battery"
  ]
}
2026-07-25 05:51:31,697 INFO [energy_monitor_core.module.victron] Polled module snapshot: {
  "module": "victron",
  "updated_at": "2026-07-25T04:51:31.694396+00:00",
  "status": "disconnected",
  "device_count": 1,
  "sensor_count": 1,
  "sensor_types": [
    "battery"
  ]
}
2026-07-25 05:51:41,432 INFO [energy_monitor_core.module.victron] Polled module snapshot: {
  "module": "victron",
  "updated_at": "2026-07-25T04:51:41.414772+00:00",
  "status": "disconnected",
  "device_count": 1,
  "sensor_count": 1,
  "sensor_types": [
    "battery"
  ]
}
2026-07-25 05:51:41,957 INFO [energy_monitor_core.module.victron] Polled module snapshot: {
  "module": "victron",
  "updated_at": "2026-07-25T04:51:41.954230+00:00",
  "status": "disconnected",
  "device_count": 1,
  "sensor_count": 1,
  "sensor_types": [
    "battery"
  ]
}
2026-07-25 05:51:51,711 INFO [energy_monitor_core.module.victron] Polled module snapshot: {
  "module": "victron",
  "updated_at": "2026-07-25T04:51:51.704319+00:00",
  "status": "disconnected",
  "device_count": 1,
  "sensor_count": 1,
  "sensor_types": [
    "battery"
  ]
}
2026-07-25 05:51:52,224 INFO [energy_monitor_core.module.victron] Polled module snapshot: {
  "module": "victron",
  "updated_at": "2026-07-25T04:51:52.215132+00:00",
  "status": "disconnected",
  "device_count": 1,
  "sensor_count": 1,
  "sensor_types": [
    "battery"
  ]
}
